stage,family,package,id,configuration,total_pct,half1_pct,half2_pct,source,half1_start,half1_end,half2_start,half2_end,status,total_start,total_cutoff
Originalaudit,Level-Diagnose,R0,V000,Basis,36.130924832553625,23.60972034971367,10.12962770841581,ccf2b01c0578346f325261e72445b7375a9ac706:docs/audit-2026-09-27/grid/V000.json,2026-01-18T20:00:00+00:00,2026-05-24T14:14:34.420000+00:00,2026-05-24T14:14:34.420000+00:00,2026-09-27T08:29:08.840000+00:00,retrospektiv; keine historische Orderausführung bewiesen,,
A7/A8,kausal S0,R0,V000,Basis,34.188799077945205,23.83526074095279,8.3607352825386,docs/audit-nacharbeit-2026-10/A7-runs/R0-S0-V000.json,2026-01-18T20:00:00+00:00,2026-05-24T14:14:34.420000+00:00,2026-05-24T14:14:34.420000+00:00,2026-09-27T08:29:08.840000+00:00,bedingtes Spotmodell; getrennte Frischstarts,2026-01-18T20:00:00+00:00,2026-09-27T08:29:08.840000+00:00
A7/A8,kausal S1,R0,V000,Basis,28.52006290812501,,,docs/audit-nacharbeit-2026-10/A7-runs/R0-S1-V000.json,,,,,bedingtes Spotmodell; Hälften nur in S0 gerechnet,2026-01-18T20:00:00+00:00,2026-09-27T08:29:08.840000+00:00
A7/A8,kausal S2,R0,V000,Basis,8.152962806734143,,,docs/audit-nacharbeit-2026-10/A7-runs/R0-S2-V000.json,,,,,bedingtes Spotmodell; Hälften nur in S0 gerechnet,2026-01-18T20:00:00+00:00,2026-09-27T08:29:08.840000+00:00
A7/A8,kausal S3,R0,V000,Basis,27.196895482167594,,,docs/audit-nacharbeit-2026-10/A7-runs/R0-S3-V000.json,,,,,bedingtes Spotmodell; Hälften nur in S0 gerechnet,2026-01-18T20:00:00+00:00,2026-09-27T08:29:08.840000+00:00
A7/A8,kausal S4,R0,V000,Basis,8.381438866379076,,,docs/audit-nacharbeit-2026-10/A7-runs/R0-S4-V000.json,,,,,bedingtes Spotmodell; Hälften nur in S0 gerechnet,2026-01-18T20:00:00+00:00,2026-09-27T08:29:08.840000+00:00
A7/A8,Level-Diagnose korrigiert,R0,V000,Basis,34.5762117969312,23.174101365331023,9.256905717364926,docs/audit-nacharbeit-2026-10/A7-legacy/R0-V000.json,2026-01-18T20:00:00+00:00,2026-05-24T14:14:34.420000+00:00,2026-05-24T14:14:34.420000+00:00,2026-09-27T08:29:08.840000+00:00,retrospektiv; keine historische Orderausführung bewiesen,,
A7/A8,kausal S0,R1,V000,Basis,33.81598027877413,23.83526074095279,8.059674989258347,docs/audit-nacharbeit-2026-10/A7-runs/R1-S0-V000.json,2026-01-18T20:00:00+00:00,2026-05-25T16:00:00+00:00,2026-05-25T16:00:00+00:00,2026-09-29T12:00:00+00:00,bedingtes Spotmodell; getrennte Frischstarts,2026-01-18T20:00:00+00:00,2026-09-29T12:00:00+00:00
A7/A8,kausal S1,R1,V000,Basis,28.138065278798674,,,docs/audit-nacharbeit-2026-10/A7-runs/R1-S1-V000.json,,,,,bedingtes Spotmodell; Hälften nur in S0 gerechnet,2026-01-18T20:00:00+00:00,2026-09-29T12:00:00+00:00
A7/A8,kausal S2,R1,V000,Basis,7.747736399368499,,,docs/audit-nacharbeit-2026-10/A7-runs/R1-S2-V000.json,,,,,bedingtes Spotmodell; Hälften nur in S0 gerechnet,2026-01-18T20:00:00+00:00,2026-09-29T12:00:00+00:00
A7/A8,kausal S3,R1,V000,Basis,26.75687170527672,,,docs/audit-nacharbeit-2026-10/A7-runs/R1-S3-V000.json,,,,,bedingtes Spotmodell; Hälften nur in S0 gerechnet,2026-01-18T20:00:00+00:00,2026-09-29T12:00:00+00:00
A7/A8,kausal S4,R1,V000,Basis,7.922915148156395,,,docs/audit-nacharbeit-2026-10/A7-runs/R1-S4-V000.json,,,,,bedingtes Spotmodell; Hälften nur in S0 gerechnet,2026-01-18T20:00:00+00:00,2026-09-29T12:00:00+00:00
A7/A8,Level-Diagnose korrigiert,R1,V000,Basis,34.20186506568821,23.174101365331023,8.952988962873931,docs/audit-nacharbeit-2026-10/A7-legacy/R1-V000.json,2026-01-18T20:00:00+00:00,2026-05-25T16:00:00+00:00,2026-05-25T16:00:00+00:00,2026-09-29T12:00:00+00:00,retrospektiv; keine historische Orderausführung bewiesen,,
Originalaudit,Level-Diagnose,R0,V001,rest_halten=true,36.71513893007461,20.498706233957797,13.457764985983767,ccf2b01c0578346f325261e72445b7375a9ac706:docs/audit-2026-09-27/grid/V001.json,2026-01-18T20:00:00+00:00,2026-05-24T14:14:34.420000+00:00,2026-05-24T14:14:34.420000+00:00,2026-09-27T08:29:08.840000+00:00,retrospektiv; keine historische Orderausführung bewiesen,,
A7/A8,kausal S0,R0,V001,rest_halten=true,28.28683129459495,15.255817861170407,11.3061654285606,docs/audit-nacharbeit-2026-10/A7-runs/R0-S0-V001.json,2026-01-18T20:00:00+00:00,2026-05-24T14:14:34.420000+00:00,2026-05-24T14:14:34.420000+00:00,2026-09-27T08:29:08.840000+00:00,bedingtes Spotmodell; getrennte Frischstarts,2026-01-18T20:00:00+00:00,2026-09-27T08:29:08.840000+00:00
A7/A8,kausal S1,R0,V001,rest_halten=true,22.87420417024524,,,docs/audit-nacharbeit-2026-10/A7-runs/R0-S1-V001.json,,,,,bedingtes Spotmodell; Hälften nur in S0 gerechnet,2026-01-18T20:00:00+00:00,2026-09-27T08:29:08.840000+00:00
A7/A8,kausal S2,R0,V001,rest_halten=true,3.4228962566675625,,,docs/audit-nacharbeit-2026-10/A7-runs/R0-S2-V001.json,,,,,bedingtes Spotmodell; Hälften nur in S0 gerechnet,2026-01-18T20:00:00+00:00,2026-09-27T08:29:08.840000+00:00
A7/A8,kausal S3,R0,V001,rest_halten=true,23.74138981691136,,,docs/audit-nacharbeit-2026-10/A7-runs/R0-S3-V001.json,,,,,bedingtes Spotmodell; Hälften nur in S0 gerechnet,2026-01-18T20:00:00+00:00,2026-09-27T08:29:08.840000+00:00
A7/A8,kausal S4,R0,V001,rest_halten=true,5.661196448478734,,,docs/audit-nacharbeit-2026-10/A7-runs/R0-S4-V001.json,,,,,bedingtes Spotmodell; Hälften nur in S0 gerechnet,2026-01-18T20:00:00+00:00,2026-09-27T08:29:08.840000+00:00
A7/A8,Level-Diagnose korrigiert,R0,V001,rest_halten=true,27.319797306241945,14.483886514835387,11.211980290119872,docs/audit-nacharbeit-2026-10/A7-legacy/R0-V001.json,2026-01-18T20:00:00+00:00,2026-05-24T14:14:34.420000+00:00,2026-05-24T14:14:34.420000+00:00,2026-09-27T08:29:08.840000+00:00,retrospektiv; keine historische Orderausführung bewiesen,,
A7/A8,kausal S0,R1,V001,rest_halten=true,27.930410023062958,15.255817861170407,10.996921801517567,docs/audit-nacharbeit-2026-10/A7-runs/R1-S0-V001.json,2026-01-18T20:00:00+00:00,2026-05-25T16:00:00+00:00,2026-05-25T16:00:00+00:00,2026-09-29T12:00:00+00:00,bedingtes Spotmodell; getrennte Frischstarts,2026-01-18T20:00:00+00:00,2026-09-29T12:00:00+00:00
A7/A8,kausal S1,R1,V001,rest_halten=true,22.50898761466398,,,docs/audit-nacharbeit-2026-10/A7-runs/R1-S1-V001.json,,,,,bedingtes Spotmodell; Hälften nur in S0 gerechnet,2026-01-18T20:00:00+00:00,2026-09-29T12:00:00+00:00
A7/A8,kausal S2,R1,V001,rest_halten=true,3.035392413945015,,,docs/audit-nacharbeit-2026-10/A7-runs/R1-S2-V001.json,,,,,bedingtes Spotmodell; Hälften nur in S0 gerechnet,2026-01-18T20:00:00+00:00,2026-09-29T12:00:00+00:00
A7/A8,kausal S3,R1,V001,rest_halten=true,23.31331998471491,,,docs/audit-nacharbeit-2026-10/A7-runs/R1-S3-V001.json,,,,,bedingtes Spotmodell; Hälften nur in S0 gerechnet,2026-01-18T20:00:00+00:00,2026-09-29T12:00:00+00:00
A7/A8,kausal S4,R1,V001,rest_halten=true,5.214181118417027,,,docs/audit-nacharbeit-2026-10/A7-runs/R1-S4-V001.json,,,,,bedingtes Spotmodell; Hälften nur in S0 gerechnet,2026-01-18T20:00:00+00:00,2026-09-29T12:00:00+00:00
A7/A8,Level-Diagnose korrigiert,R1,V001,rest_halten=true,26.965635531975085,14.483886514835387,10.902625161596236,docs/audit-nacharbeit-2026-10/A7-legacy/R1-V001.json,2026-01-18T20:00:00+00:00,2026-05-25T16:00:00+00:00,2026-05-25T16:00:00+00:00,2026-09-29T12:00:00+00:00,retrospektiv; keine historische Orderausführung bewiesen,,
Originalaudit,Level-Diagnose,R0,V002,verkauf_faktor=0.67,36.134195079368816,24.657437108282632,9.206637194952938,ccf2b01c0578346f325261e72445b7375a9ac706:docs/audit-2026-09-27/grid/V002.json,2026-01-18T20:00:00+00:00,2026-05-24T14:14:34.420000+00:00,2026-05-24T14:14:34.420000+00:00,2026-09-27T08:29:08.840000+00:00,retrospektiv; keine historische Orderausführung bewiesen,,
A7/A8,kausal S0,R0,V002,verkauf_faktor=0.67,34.188799077945205,23.83526074095279,8.3607352825386,docs/audit-nacharbeit-2026-10/A7-runs/R0-S0-V002.json,2026-01-18T20:00:00+00:00,2026-05-24T14:14:34.420000+00:00,2026-05-24T14:14:34.420000+00:00,2026-09-27T08:29:08.840000+00:00,bedingtes Spotmodell; getrennte Frischstarts,2026-01-18T20:00:00+00:00,2026-09-27T08:29:08.840000+00:00
A7/A8,kausal S1,R0,V002,verkauf_faktor=0.67,28.52006290812501,,,docs/audit-nacharbeit-2026-10/A7-runs/R0-S1-V002.json,,,,,bedingtes Spotmodell; Hälften nur in S0 gerechnet,2026-01-18T20:00:00+00:00,2026-09-27T08:29:08.840000+00:00
A7/A8,kausal S2,R0,V002,verkauf_faktor=0.67,8.152962806734143,,,docs/audit-nacharbeit-2026-10/A7-runs/R0-S2-V002.json,,,,,bedingtes Spotmodell; Hälften nur in S0 gerechnet,2026-01-18T20:00:00+00:00,2026-09-27T08:29:08.840000+00:00
A7/A8,kausal S3,R0,V002,verkauf_faktor=0.67,27.196895482167594,,,docs/audit-nacharbeit-2026-10/A7-runs/R0-S3-V002.json,,,,,bedingtes Spotmodell; Hälften nur in S0 gerechnet,2026-01-18T20:00:00+00:00,2026-09-27T08:29:08.840000+00:00
A7/A8,kausal S4,R0,V002,verkauf_faktor=0.67,8.381438866379076,,,docs/audit-nacharbeit-2026-10/A7-runs/R0-S4-V002.json,,,,,bedingtes Spotmodell; Hälften nur in S0 gerechnet,2026-01-18T20:00:00+00:00,2026-09-27T08:29:08.840000+00:00
A7/A8,Level-Diagnose korrigiert,R0,V002,verkauf_faktor=0.67,34.5762117969312,23.174101365331023,9.256905717364926,docs/audit-nacharbeit-2026-10/A7-legacy/R0-V002.json,2026-01-18T20:00:00+00:00,2026-05-24T14:14:34.420000+00:00,2026-05-24T14:14:34.420000+00:00,2026-09-27T08:29:08.840000+00:00,retrospektiv; keine historische Orderausführung bewiesen,,
A7/A8,kausal S0,R1,V002,verkauf_faktor=0.67,33.81598027877413,23.83526074095279,8.059674989258347,docs/audit-nacharbeit-2026-10/A7-runs/R1-S0-V002.json,2026-01-18T20:00:00+00:00,2026-05-25T16:00:00+00:00,2026-05-25T16:00:00+00:00,2026-09-29T12:00:00+00:00,bedingtes Spotmodell; getrennte Frischstarts,2026-01-18T20:00:00+00:00,2026-09-29T12:00:00+00:00
A7/A8,kausal S1,R1,V002,verkauf_faktor=0.67,28.138065278798674,,,docs/audit-nacharbeit-2026-10/A7-runs/R1-S1-V002.json,,,,,bedingtes Spotmodell; Hälften nur in S0 gerechnet,2026-01-18T20:00:00+00:00,2026-09-29T12:00:00+00:00
A7/A8,kausal S2,R1,V002,verkauf_faktor=0.67,7.747736399368499,,,docs/audit-nacharbeit-2026-10/A7-runs/R1-S2-V002.json,,,,,bedingtes Spotmodell; Hälften nur in S0 gerechnet,2026-01-18T20:00:00+00:00,2026-09-29T12:00:00+00:00
A7/A8,kausal S3,R1,V002,verkauf_faktor=0.67,26.75687170527672,,,docs/audit-nacharbeit-2026-10/A7-runs/R1-S3-V002.json,,,,,bedingtes Spotmodell; Hälften nur in S0 gerechnet,2026-01-18T20:00:00+00:00,2026-09-29T12:00:00+00:00
A7/A8,kausal S4,R1,V002,verkauf_faktor=0.67,7.922915148156395,,,docs/audit-nacharbeit-2026-10/A7-runs/R1-S4-V002.json,,,,,bedingtes Spotmodell; Hälften nur in S0 gerechnet,2026-01-18T20:00:00+00:00,2026-09-29T12:00:00+00:00
A7/A8,Level-Diagnose korrigiert,R1,V002,verkauf_faktor=0.67,34.20186506568821,23.174101365331023,8.952988962873931,docs/audit-nacharbeit-2026-10/A7-legacy/R1-V002.json,2026-01-18T20:00:00+00:00,2026-05-25T16:00:00+00:00,2026-05-25T16:00:00+00:00,2026-09-29T12:00:00+00:00,retrospektiv; keine historische Orderausführung bewiesen,,
Originalaudit,Level-Diagnose,R0,V003,"rest_halten=true, verkauf_faktor=0.67",37.89615974171674,18.157676827525293,16.70520565752469,ccf2b01c0578346f325261e72445b7375a9ac706:docs/audit-2026-09-27/grid/V003.json,2026-01-18T20:00:00+00:00,2026-05-24T14:14:34.420000+00:00,2026-05-24T14:14:34.420000+00:00,2026-09-27T08:29:08.840000+00:00,retrospektiv; keine historische Orderausführung bewiesen,,
A7/A8,kausal S0,R0,V003,"rest_halten=true, verkauf_faktor=0.67",28.28683129459495,15.255817861170407,11.3061654285606,docs/audit-nacharbeit-2026-10/A7-runs/R0-S0-V003.json,2026-01-18T20:00:00+00:00,2026-05-24T14:14:34.420000+00:00,2026-05-24T14:14:34.420000+00:00,2026-09-27T08:29:08.840000+00:00,bedingtes Spotmodell; getrennte Frischstarts,2026-01-18T20:00:00+00:00,2026-09-27T08:29:08.840000+00:00
A7/A8,kausal S1,R0,V003,"rest_halten=true, verkauf_faktor=0.67",22.87420417024524,,,docs/audit-nacharbeit-2026-10/A7-runs/R0-S1-V003.json,,,,,bedingtes Spotmodell; Hälften nur in S0 gerechnet,2026-01-18T20:00:00+00:00,2026-09-27T08:29:08.840000+00:00
A7/A8,kausal S2,R0,V003,"rest_halten=true, verkauf_faktor=0.67",3.4228962566675625,,,docs/audit-nacharbeit-2026-10/A7-runs/R0-S2-V003.json,,,,,bedingtes Spotmodell; Hälften nur in S0 gerechnet,2026-01-18T20:00:00+00:00,2026-09-27T08:29:08.840000+00:00
A7/A8,kausal S3,R0,V003,"rest_halten=true, verkauf_faktor=0.67",23.74138981691136,,,docs/audit-nacharbeit-2026-10/A7-runs/R0-S3-V003.json,,,,,bedingtes Spotmodell; Hälften nur in S0 gerechnet,2026-01-18T20:00:00+00:00,2026-09-27T08:29:08.840000+00:00
A7/A8,kausal S4,R0,V003,"rest_halten=true, verkauf_faktor=0.67",5.661196448478734,,,docs/audit-nacharbeit-2026-10/A7-runs/R0-S4-V003.json,,,,,bedingtes Spotmodell; Hälften nur in S0 gerechnet,2026-01-18T20:00:00+00:00,2026-09-27T08:29:08.840000+00:00
A7/A8,Level-Diagnose korrigiert,R0,V003,"rest_halten=true, verkauf_faktor=0.67",27.319797306241945,14.483886514835387,11.211980290119872,docs/audit-nacharbeit-2026-10/A7-legacy/R0-V003.json,2026-01-18T20:00:00+00:00,2026-05-24T14:14:34.420000+00:00,2026-05-24T14:14:34.420000+00:00,2026-09-27T08:29:08.840000+00:00,retrospektiv; keine historische Orderausführung bewiesen,,
A7/A8,kausal S0,R1,V003,"rest_halten=true, verkauf_faktor=0.67",27.930410023062958,15.255817861170407,10.996921801517567,docs/audit-nacharbeit-2026-10/A7-runs/R1-S0-V003.json,2026-01-18T20:00:00+00:00,2026-05-25T16:00:00+00:00,2026-05-25T16:00:00+00:00,2026-09-29T12:00:00+00:00,bedingtes Spotmodell; getrennte Frischstarts,2026-01-18T20:00:00+00:00,2026-09-29T12:00:00+00:00
A7/A8,kausal S1,R1,V003,"rest_halten=true, verkauf_faktor=0.67",22.50898761466398,,,docs/audit-nacharbeit-2026-10/A7-runs/R1-S1-V003.json,,,,,bedingtes Spotmodell; Hälften nur in S0 gerechnet,2026-01-18T20:00:00+00:00,2026-09-29T12:00:00+00:00
A7/A8,kausal S2,R1,V003,"rest_halten=true, verkauf_faktor=0.67",3.035392413945015,,,docs/audit-nacharbeit-2026-10/A7-runs/R1-S2-V003.json,,,,,bedingtes Spotmodell; Hälften nur in S0 gerechnet,2026-01-18T20:00:00+00:00,2026-09-29T12:00:00+00:00
A7/A8,kausal S3,R1,V003,"rest_halten=true, verkauf_faktor=0.67",23.31331998471491,,,docs/audit-nacharbeit-2026-10/A7-runs/R1-S3-V003.json,,,,,bedingtes Spotmodell; Hälften nur in S0 gerechnet,2026-01-18T20:00:00+00:00,2026-09-29T12:00:00+00:00
A7/A8,kausal S4,R1,V003,"rest_halten=true, verkauf_faktor=0.67",5.214181118417027,,,docs/audit-nacharbeit-2026-10/A7-runs/R1-S4-V003.json,,,,,bedingtes Spotmodell; Hälften nur in S0 gerechnet,2026-01-18T20:00:00+00:00,2026-09-29T12:00:00+00:00
A7/A8,Level-Diagnose korrigiert,R1,V003,"rest_halten=true, verkauf_faktor=0.67",26.965635531975085,14.483886514835387,10.902625161596236,docs/audit-nacharbeit-2026-10/A7-legacy/R1-V003.json,2026-01-18T20:00:00+00:00,2026-05-25T16:00:00+00:00,2026-05-25T16:00:00+00:00,2026-09-29T12:00:00+00:00,retrospektiv; keine historische Orderausführung bewiesen,,
Originalaudit,Level-Diagnose,R0,V004,ausbruch_ruecktest=true,35.415646249722755,25.374126475043578,8.009244057766551,ccf2b01c0578346f325261e72445b7375a9ac706:docs/audit-2026-09-27/grid/V004.json,2026-01-18T20:00:00+00:00,2026-05-24T14:14:34.420000+00:00,2026-05-24T14:14:34.420000+00:00,2026-09-27T08:29:08.840000+00:00,retrospektiv; keine historische Orderausführung bewiesen,,
A7/A8,kausal S0,R0,V004,ausbruch_ruecktest=true,32.99894195277007,23.957367408194607,7.294100168166184,docs/audit-nacharbeit-2026-10/A7-runs/R0-S0-V004.json,2026-01-18T20:00:00+00:00,2026-05-24T14:14:34.420000+00:00,2026-05-24T14:14:34.420000+00:00,2026-09-27T08:29:08.840000+00:00,bedingtes Spotmodell; getrennte Frischstarts,2026-01-18T20:00:00+00:00,2026-09-27T08:29:08.840000+00:00
A7/A8,kausal S1,R0,V004,ausbruch_ruecktest=true,26.775248768403117,,,docs/audit-nacharbeit-2026-10/A7-runs/R0-S1-V004.json,,,,,bedingtes Spotmodell; Hälften nur in S0 gerechnet,2026-01-18T20:00:00+00:00,2026-09-27T08:29:08.840000+00:00
A7/A8,kausal S2,R0,V004,ausbruch_ruecktest=true,4.672644895468547,,,docs/audit-nacharbeit-2026-10/A7-runs/R0-S2-V004.json,,,,,bedingtes Spotmodell; Hälften nur in S0 gerechnet,2026-01-18T20:00:00+00:00,2026-09-27T08:29:08.840000+00:00
A7/A8,kausal S3,R0,V004,ausbruch_ruecktest=true,28.373626137186214,,,docs/audit-nacharbeit-2026-10/A7-runs/R0-S3-V004.json,,,,,bedingtes Spotmodell; Hälften nur in S0 gerechnet,2026-01-18T20:00:00+00:00,2026-09-27T08:29:08.840000+00:00
A7/A8,kausal S4,R0,V004,ausbruch_ruecktest=true,7.816726558428155,,,docs/audit-nacharbeit-2026-10/A7-runs/R0-S4-V004.json,,,,,bedingtes Spotmodell; Hälften nur in S0 gerechnet,2026-01-18T20:00:00+00:00,2026-09-27T08:29:08.840000+00:00
A7/A8,Level-Diagnose korrigiert,R0,V004,ausbruch_ruecktest=true,34.35323524040263,24.81061287798083,7.645681839372909,docs/audit-nacharbeit-2026-10/A7-legacy/R0-V004.json,2026-01-18T20:00:00+00:00,2026-05-24T14:14:34.420000+00:00,2026-05-24T14:14:34.420000+00:00,2026-09-27T08:29:08.840000+00:00,retrospektiv; keine historische Orderausführung bewiesen,,
A7/A8,kausal S0,R1,V004,ausbruch_ruecktest=true,32.62942895190433,23.957367408194607,6.9960033235882735,docs/audit-nacharbeit-2026-10/A7-runs/R1-S0-V004.json,2026-01-18T20:00:00+00:00,2026-05-25T16:00:00+00:00,2026-05-25T16:00:00+00:00,2026-09-29T12:00:00+00:00,bedingtes Spotmodell; getrennte Frischstarts,2026-01-18T20:00:00+00:00,2026-09-29T12:00:00+00:00
A7/A8,kausal S1,R1,V004,ausbruch_ruecktest=true,26.398437215475347,,,docs/audit-nacharbeit-2026-10/A7-runs/R1-S1-V004.json,,,,,bedingtes Spotmodell; Hälften nur in S0 gerechnet,2026-01-18T20:00:00+00:00,2026-09-29T12:00:00+00:00
A7/A8,kausal S2,R1,V004,ausbruch_ruecktest=true,4.280458507415097,,,docs/audit-nacharbeit-2026-10/A7-runs/R1-S2-V004.json,,,,,bedingtes Spotmodell; Hälften nur in S0 gerechnet,2026-01-18T20:00:00+00:00,2026-09-29T12:00:00+00:00
A7/A8,kausal S3,R1,V004,ausbruch_ruecktest=true,27.929531589029732,,,docs/audit-nacharbeit-2026-10/A7-runs/R1-S3-V004.json,,,,,bedingtes Spotmodell; Hälften nur in S0 gerechnet,2026-01-18T20:00:00+00:00,2026-09-29T12:00:00+00:00
A7/A8,kausal S4,R1,V004,ausbruch_ruecktest=true,7.360591939204997,,,docs/audit-nacharbeit-2026-10/A7-runs/R1-S4-V004.json,,,,,bedingtes Spotmodell; Hälften nur in S0 gerechnet,2026-01-18T20:00:00+00:00,2026-09-29T12:00:00+00:00
A7/A8,Level-Diagnose korrigiert,R1,V004,ausbruch_ruecktest=true,33.979508756556754,24.81061287798083,7.346246979445392,docs/audit-nacharbeit-2026-10/A7-legacy/R1-V004.json,2026-01-18T20:00:00+00:00,2026-05-25T16:00:00+00:00,2026-05-25T16:00:00+00:00,2026-09-29T12:00:00+00:00,retrospektiv; keine historische Orderausführung bewiesen,,
Originalaudit,Level-Diagnose,R0,V005,"rest_halten=true, ausbruch_ruecktest=true",34.572080734418755,20.507903648542445,11.670750764110839,ccf2b01c0578346f325261e72445b7375a9ac706:docs/audit-2026-09-27/grid/V005.json,2026-01-18T20:00:00+00:00,2026-05-24T14:14:34.420000+00:00,2026-05-24T14:14:34.420000+00:00,2026-09-27T08:29:08.840000+00:00,retrospektiv; keine historische Orderausführung bewiesen,,
A7/A8,kausal S0,R0,V005,"rest_halten=true, ausbruch_ruecktest=true",25.500075395556276,14.797279156944487,9.323214206130626,docs/audit-nacharbeit-2026-10/A7-runs/R0-S0-V005.json,2026-01-18T20:00:00+00:00,2026-05-24T14:14:34.420000+00:00,2026-05-24T14:14:34.420000+00:00,2026-09-27T08:29:08.840000+00:00,bedingtes Spotmodell; getrennte Frischstarts,2026-01-18T20:00:00+00:00,2026-09-27T08:29:08.840000+00:00
A7/A8,kausal S1,R0,V005,"rest_halten=true, ausbruch_ruecktest=true",19.791371535307768,,,docs/audit-nacharbeit-2026-10/A7-runs/R0-S1-V005.json,,,,,bedingtes Spotmodell; Hälften nur in S0 gerechnet,2026-01-18T20:00:00+00:00,2026-09-27T08:29:08.840000+00:00
A7/A8,kausal S2,R0,V005,"rest_halten=true, ausbruch_ruecktest=true",-0.5510670412402718,,,docs/audit-nacharbeit-2026-10/A7-runs/R0-S2-V005.json,,,,,bedingtes Spotmodell; Hälften nur in S0 gerechnet,2026-01-18T20:00:00+00:00,2026-09-27T08:29:08.840000+00:00
A7/A8,kausal S3,R0,V005,"rest_halten=true, ausbruch_ruecktest=true",25.396260939387894,,,docs/audit-nacharbeit-2026-10/A7-runs/R0-S3-V005.json,,,,,bedingtes Spotmodell; Hälften nur in S0 gerechnet,2026-01-18T20:00:00+00:00,2026-09-27T08:29:08.840000+00:00
A7/A8,kausal S4,R0,V005,"rest_halten=true, ausbruch_ruecktest=true",5.70366672686935,,,docs/audit-nacharbeit-2026-10/A7-runs/R0-S4-V005.json,,,,,bedingtes Spotmodell; Hälften nur in S0 gerechnet,2026-01-18T20:00:00+00:00,2026-09-27T08:29:08.840000+00:00
A7/A8,Level-Diagnose korrigiert,R0,V005,"rest_halten=true, ausbruch_ruecktest=true",24.253928233582343,13.840882987294556,9.147017286794789,docs/audit-nacharbeit-2026-10/A7-legacy/R0-V005.json,2026-01-18T20:00:00+00:00,2026-05-24T14:14:34.420000+00:00,2026-05-24T14:14:34.420000+00:00,2026-09-27T08:29:08.840000+00:00,retrospektiv; keine historische Orderausführung bewiesen,,
A7/A8,kausal S0,R1,V005,"rest_halten=true, ausbruch_ruecktest=true",25.151396610692277,14.797279156944487,9.019479842890842,docs/audit-nacharbeit-2026-10/A7-runs/R1-S0-V005.json,2026-01-18T20:00:00+00:00,2026-05-25T16:00:00+00:00,2026-05-25T16:00:00+00:00,2026-09-29T12:00:00+00:00,bedingtes Spotmodell; getrennte Frischstarts,2026-01-18T20:00:00+00:00,2026-09-29T12:00:00+00:00
A7/A8,kausal S1,R1,V005,"rest_halten=true, ausbruch_ruecktest=true",19.435318021912384,,,docs/audit-nacharbeit-2026-10/A7-runs/R1-S1-V005.json,,,,,bedingtes Spotmodell; Hälften nur in S0 gerechnet,2026-01-18T20:00:00+00:00,2026-09-29T12:00:00+00:00
A7/A8,kausal S2,R1,V005,"rest_halten=true, ausbruch_ruecktest=true",-0.9236812791991511,,,docs/audit-nacharbeit-2026-10/A7-runs/R1-S2-V005.json,,,,,bedingtes Spotmodell; Hälften nur in S0 gerechnet,2026-01-18T20:00:00+00:00,2026-09-29T12:00:00+00:00
A7/A8,kausal S3,R1,V005,"rest_halten=true, ausbruch_ruecktest=true",24.962466261165762,,,docs/audit-nacharbeit-2026-10/A7-runs/R1-S3-V005.json,,,,,bedingtes Spotmodell; Hälften nur in S0 gerechnet,2026-01-18T20:00:00+00:00,2026-09-29T12:00:00+00:00
A7/A8,kausal S4,R1,V005,"rest_halten=true, ausbruch_ruecktest=true",5.2564717200090705,,,docs/audit-nacharbeit-2026-10/A7-runs/R1-S4-V005.json,,,,,bedingtes Spotmodell; Hälften nur in S0 gerechnet,2026-01-18T20:00:00+00:00,2026-09-29T12:00:00+00:00
A7/A8,Level-Diagnose korrigiert,R1,V005,"rest_halten=true, ausbruch_ruecktest=true",23.90829469807665,13.840882987294556,8.84340620575259,docs/audit-nacharbeit-2026-10/A7-legacy/R1-V005.json,2026-01-18T20:00:00+00:00,2026-05-25T16:00:00+00:00,2026-05-25T16:00:00+00:00,2026-09-29T12:00:00+00:00,retrospektiv; keine historische Orderausführung bewiesen,,
Originalaudit,Level-Diagnose,R0,V006,"ausbruch_ruecktest=true, verkauf_faktor=0.67",34.85086580392775,25.251260546325472,7.664278359938592,ccf2b01c0578346f325261e72445b7375a9ac706:docs/audit-2026-09-27/grid/V006.json,2026-01-18T20:00:00+00:00,2026-05-24T14:14:34.420000+00:00,2026-05-24T14:14:34.420000+00:00,2026-09-27T08:29:08.840000+00:00,retrospektiv; keine historische Orderausführung bewiesen,,
A7/A8,kausal S0,R0,V006,"ausbruch_ruecktest=true, verkauf_faktor=0.67",32.99894195277007,23.957367408194607,7.294100168166184,docs/audit-nacharbeit-2026-10/A7-runs/R0-S0-V006.json,2026-01-18T20:00:00+00:00,2026-05-24T14:14:34.420000+00:00,2026-05-24T14:14:34.420000+00:00,2026-09-27T08:29:08.840000+00:00,bedingtes Spotmodell; getrennte Frischstarts,2026-01-18T20:00:00+00:00,2026-09-27T08:29:08.840000+00:00
A7/A8,kausal S1,R0,V006,"ausbruch_ruecktest=true, verkauf_faktor=0.67",26.775248768403117,,,docs/audit-nacharbeit-2026-10/A7-runs/R0-S1-V006.json,,,,,bedingtes Spotmodell; Hälften nur in S0 gerechnet,2026-01-18T20:00:00+00:00,2026-09-27T08:29:08.840000+00:00
A7/A8,kausal S2,R0,V006,"ausbruch_ruecktest=true, verkauf_faktor=0.67",4.672644895468547,,,docs/audit-nacharbeit-2026-10/A7-runs/R0-S2-V006.json,,,,,bedingtes Spotmodell; Hälften nur in S0 gerechnet,2026-01-18T20:00:00+00:00,2026-09-27T08:29:08.840000+00:00
A7/A8,kausal S3,R0,V006,"ausbruch_ruecktest=true, verkauf_faktor=0.67",28.373626137186214,,,docs/audit-nacharbeit-2026-10/A7-runs/R0-S3-V006.json,,,,,bedingtes Spotmodell; Hälften nur in S0 gerechnet,2026-01-18T20:00:00+00:00,2026-09-27T08:29:08.840000+00:00
A7/A8,kausal S4,R0,V006,"ausbruch_ruecktest=true, verkauf_faktor=0.67",7.816726558428155,,,docs/audit-nacharbeit-2026-10/A7-runs/R0-S4-V006.json,,,,,bedingtes Spotmodell; Hälften nur in S0 gerechnet,2026-01-18T20:00:00+00:00,2026-09-27T08:29:08.840000+00:00
A7/A8,Level-Diagnose korrigiert,R0,V006,"ausbruch_ruecktest=true, verkauf_faktor=0.67",34.35323524040263,24.81061287798083,7.645681839372909,docs/audit-nacharbeit-2026-10/A7-legacy/R0-V006.json,2026-01-18T20:00:00+00:00,2026-05-24T14:14:34.420000+00:00,2026-05-24T14:14:34.420000+00:00,2026-09-27T08:29:08.840000+00:00,retrospektiv; keine historische Orderausführung bewiesen,,
A7/A8,kausal S0,R1,V006,"ausbruch_ruecktest=true, verkauf_faktor=0.67",32.62942895190433,23.957367408194607,6.9960033235882735,docs/audit-nacharbeit-2026-10/A7-runs/R1-S0-V006.json,2026-01-18T20:00:00+00:00,2026-05-25T16:00:00+00:00,2026-05-25T16:00:00+00:00,2026-09-29T12:00:00+00:00,bedingtes Spotmodell; getrennte Frischstarts,2026-01-18T20:00:00+00:00,2026-09-29T12:00:00+00:00
A7/A8,kausal S1,R1,V006,"ausbruch_ruecktest=true, verkauf_faktor=0.67",26.398437215475347,,,docs/audit-nacharbeit-2026-10/A7-runs/R1-S1-V006.json,,,,,bedingtes Spotmodell; Hälften nur in S0 gerechnet,2026-01-18T20:00:00+00:00,2026-09-29T12:00:00+00:00
A7/A8,kausal S2,R1,V006,"ausbruch_ruecktest=true, verkauf_faktor=0.67",4.280458507415097,,,docs/audit-nacharbeit-2026-10/A7-runs/R1-S2-V006.json,,,,,bedingtes Spotmodell; Hälften nur in S0 gerechnet,2026-01-18T20:00:00+00:00,2026-09-29T12:00:00+00:00
A7/A8,kausal S3,R1,V006,"ausbruch_ruecktest=true, verkauf_faktor=0.67",27.929531589029732,,,docs/audit-nacharbeit-2026-10/A7-runs/R1-S3-V006.json,,,,,bedingtes Spotmodell; Hälften nur in S0 gerechnet,2026-01-18T20:00:00+00:00,2026-09-29T12:00:00+00:00
A7/A8,kausal S4,R1,V006,"ausbruch_ruecktest=true, verkauf_faktor=0.67",7.360591939204997,,,docs/audit-nacharbeit-2026-10/A7-runs/R1-S4-V006.json,,,,,bedingtes Spotmodell; Hälften nur in S0 gerechnet,2026-01-18T20:00:00+00:00,2026-09-29T12:00:00+00:00
A7/A8,Level-Diagnose korrigiert,R1,V006,"ausbruch_ruecktest=true, verkauf_faktor=0.67",33.979508756556754,24.81061287798083,7.346246979445392,docs/audit-nacharbeit-2026-10/A7-legacy/R1-V006.json,2026-01-18T20:00:00+00:00,2026-05-25T16:00:00+00:00,2026-05-25T16:00:00+00:00,2026-09-29T12:00:00+00:00,retrospektiv; keine historische Orderausführung bewiesen,,
Originalaudit,Level-Diagnose,R0,V007,"rest_halten=true, ausbruch_ruecktest=true, verkauf_faktor=0.67",34.65506135995153,17.631550088411597,14.471892327139413,ccf2b01c0578346f325261e72445b7375a9ac706:docs/audit-2026-09-27/grid/V007.json,2026-01-18T20:00:00+00:00,2026-05-24T14:14:34.420000+00:00,2026-05-24T14:14:34.420000+00:00,2026-09-27T08:29:08.840000+00:00,retrospektiv; keine historische Orderausführung bewiesen,,
A7/A8,kausal S0,R0,V007,"rest_halten=true, ausbruch_ruecktest=true, verkauf_faktor=0.67",25.500075395556276,14.797279156944487,9.323214206130626,docs/audit-nacharbeit-2026-10/A7-runs/R0-S0-V007.json,2026-01-18T20:00:00+00:00,2026-05-24T14:14:34.420000+00:00,2026-05-24T14:14:34.420000+00:00,2026-09-27T08:29:08.840000+00:00,bedingtes Spotmodell; getrennte Frischstarts,2026-01-18T20:00:00+00:00,2026-09-27T08:29:08.840000+00:00
A7/A8,kausal S1,R0,V007,"rest_halten=true, ausbruch_ruecktest=true, verkauf_faktor=0.67",19.791371535307768,,,docs/audit-nacharbeit-2026-10/A7-runs/R0-S1-V007.json,,,,,bedingtes Spotmodell; Hälften nur in S0 gerechnet,2026-01-18T20:00:00+00:00,2026-09-27T08:29:08.840000+00:00
A7/A8,kausal S2,R0,V007,"rest_halten=true, ausbruch_ruecktest=true, verkauf_faktor=0.67",-0.5510670412402718,,,docs/audit-nacharbeit-2026-10/A7-runs/R0-S2-V007.json,,,,,bedingtes Spotmodell; Hälften nur in S0 gerechnet,2026-01-18T20:00:00+00:00,2026-09-27T08:29:08.840000+00:00
A7/A8,kausal S3,R0,V007,"rest_halten=true, ausbruch_ruecktest=true, verkauf_faktor=0.67",25.396260939387894,,,docs/audit-nacharbeit-2026-10/A7-runs/R0-S3-V007.json,,,,,bedingtes Spotmodell; Hälften nur in S0 gerechnet,2026-01-18T20:00:00+00:00,2026-09-27T08:29:08.840000+00:00
A7/A8,kausal S4,R0,V007,"rest_halten=true, ausbruch_ruecktest=true, verkauf_faktor=0.67",5.70366672686935,,,docs/audit-nacharbeit-2026-10/A7-runs/R0-S4-V007.json,,,,,bedingtes Spotmodell; Hälften nur in S0 gerechnet,2026-01-18T20:00:00+00:00,2026-09-27T08:29:08.840000+00:00
A7/A8,Level-Diagnose korrigiert,R0,V007,"rest_halten=true, ausbruch_ruecktest=true, verkauf_faktor=0.67",24.253928233582343,13.840882987294556,9.147017286794789,docs/audit-nacharbeit-2026-10/A7-legacy/R0-V007.json,2026-01-18T20:00:00+00:00,2026-05-24T14:14:34.420000+00:00,2026-05-24T14:14:34.420000+00:00,2026-09-27T08:29:08.840000+00:00,retrospektiv; keine historische Orderausführung bewiesen,,
A7/A8,kausal S0,R1,V007,"rest_halten=true, ausbruch_ruecktest=true, verkauf_faktor=0.67",25.151396610692277,14.797279156944487,9.019479842890842,docs/audit-nacharbeit-2026-10/A7-runs/R1-S0-V007.json,2026-01-18T20:00:00+00:00,2026-05-25T16:00:00+00:00,2026-05-25T16:00:00+00:00,2026-09-29T12:00:00+00:00,bedingtes Spotmodell; getrennte Frischstarts,2026-01-18T20:00:00+00:00,2026-09-29T12:00:00+00:00
A7/A8,kausal S1,R1,V007,"rest_halten=true, ausbruch_ruecktest=true, verkauf_faktor=0.67",19.435318021912384,,,docs/audit-nacharbeit-2026-10/A7-runs/R1-S1-V007.json,,,,,bedingtes Spotmodell; Hälften nur in S0 gerechnet,2026-01-18T20:00:00+00:00,2026-09-29T12:00:00+00:00
A7/A8,kausal S2,R1,V007,"rest_halten=true, ausbruch_ruecktest=true, verkauf_faktor=0.67",-0.9236812791991511,,,docs/audit-nacharbeit-2026-10/A7-runs/R1-S2-V007.json,,,,,bedingtes Spotmodell; Hälften nur in S0 gerechnet,2026-01-18T20:00:00+00:00,2026-09-29T12:00:00+00:00
A7/A8,kausal S3,R1,V007,"rest_halten=true, ausbruch_ruecktest=true, verkauf_faktor=0.67",24.962466261165762,,,docs/audit-nacharbeit-2026-10/A7-runs/R1-S3-V007.json,,,,,bedingtes Spotmodell; Hälften nur in S0 gerechnet,2026-01-18T20:00:00+00:00,2026-09-29T12:00:00+00:00
A7/A8,kausal S4,R1,V007,"rest_halten=true, ausbruch_ruecktest=true, verkauf_faktor=0.67",5.2564717200090705,,,docs/audit-nacharbeit-2026-10/A7-runs/R1-S4-V007.json,,,,,bedingtes Spotmodell; Hälften nur in S0 gerechnet,2026-01-18T20:00:00+00:00,2026-09-29T12:00:00+00:00
A7/A8,Level-Diagnose korrigiert,R1,V007,"rest_halten=true, ausbruch_ruecktest=true, verkauf_faktor=0.67",23.90829469807665,13.840882987294556,8.84340620575259,docs/audit-nacharbeit-2026-10/A7-legacy/R1-V007.json,2026-01-18T20:00:00+00:00,2026-05-25T16:00:00+00:00,2026-05-25T16:00:00+00:00,2026-09-29T12:00:00+00:00,retrospektiv; keine historische Orderausführung bewiesen,,
Originalaudit,Level-Diagnose,R0,V008,"trail_stop=false, high_exit=off",37.56779563473454,24.04913278369345,10.897829390402801,ccf2b01c0578346f325261e72445b7375a9ac706:docs/audit-2026-09-27/grid/V008.json,2026-01-18T20:00:00+00:00,2026-05-24T14:14:34.420000+00:00,2026-05-24T14:14:34.420000+00:00,2026-09-27T08:29:08.840000+00:00,retrospektiv; keine historische Orderausführung bewiesen,,
A7/A8,kausal S0,R0,V008,"trail_stop=false, high_exit=off",34.91632458954723,21.818675159116463,10.751758228632058,docs/audit-nacharbeit-2026-10/A7-runs/R0-S0-V008.json,2026-01-18T20:00:00+00:00,2026-05-24T14:14:34.420000+00:00,2026-05-24T14:14:34.420000+00:00,2026-09-27T08:29:08.840000+00:00,bedingtes Spotmodell; getrennte Frischstarts,2026-01-18T20:00:00+00:00,2026-09-27T08:29:08.840000+00:00
A7/A8,kausal S1,R0,V008,"trail_stop=false, high_exit=off",29.539293176664373,,,docs/audit-nacharbeit-2026-10/A7-runs/R0-S1-V008.json,,,,,bedingtes Spotmodell; Hälften nur in S0 gerechnet,2026-01-18T20:00:00+00:00,2026-09-27T08:29:08.840000+00:00
A7/A8,kausal S2,R0,V008,"trail_stop=false, high_exit=off",10.09745777478046,,,docs/audit-nacharbeit-2026-10/A7-runs/R0-S2-V008.json,,,,,bedingtes Spotmodell; Hälften nur in S0 gerechnet,2026-01-18T20:00:00+00:00,2026-09-27T08:29:08.840000+00:00
A7/A8,kausal S3,R0,V008,"trail_stop=false, high_exit=off",20.50159914642404,,,docs/audit-nacharbeit-2026-10/A7-runs/R0-S3-V008.json,,,,,bedingtes Spotmodell; Hälften nur in S0 gerechnet,2026-01-18T20:00:00+00:00,2026-09-27T08:29:08.840000+00:00
A7/A8,kausal S4,R0,V008,"trail_stop=false, high_exit=off",3.869198078545266,,,docs/audit-nacharbeit-2026-10/A7-runs/R0-S4-V008.json,,,,,bedingtes Spotmodell; Hälften nur in S0 gerechnet,2026-01-18T20:00:00+00:00,2026-09-27T08:29:08.840000+00:00
A7/A8,Level-Diagnose korrigiert,R0,V008,"trail_stop=false, high_exit=off",37.56779563473454,24.04913278369345,10.897829390402801,docs/audit-nacharbeit-2026-10/A7-legacy/R0-V008.json,2026-01-18T20:00:00+00:00,2026-05-24T14:14:34.420000+00:00,2026-05-24T14:14:34.420000+00:00,2026-09-27T08:29:08.840000+00:00,retrospektiv; keine historische Orderausführung bewiesen,,
A7/A8,kausal S0,R1,V008,"trail_stop=false, high_exit=off",34.467468372318756,21.818675159116463,10.383295661917913,docs/audit-nacharbeit-2026-10/A7-runs/R1-S0-V008.json,2026-01-18T20:00:00+00:00,2026-05-25T16:00:00+00:00,2026-05-25T16:00:00+00:00,2026-09-29T12:00:00+00:00,bedingtes Spotmodell; getrennte Frischstarts,2026-01-18T20:00:00+00:00,2026-09-29T12:00:00+00:00
A7/A8,kausal S1,R1,V008,"trail_stop=false, high_exit=off",29.10847606829481,,,docs/audit-nacharbeit-2026-10/A7-runs/R1-S1-V008.json,,,,,bedingtes Spotmodell; Hälften nur in S0 gerechnet,2026-01-18T20:00:00+00:00,2026-09-29T12:00:00+00:00
A7/A8,kausal S2,R1,V008,"trail_stop=false, high_exit=off",9.73180915739329,,,docs/audit-nacharbeit-2026-10/A7-runs/R1-S2-V008.json,,,,,bedingtes Spotmodell; Hälften nur in S0 gerechnet,2026-01-18T20:00:00+00:00,2026-09-29T12:00:00+00:00
A7/A8,kausal S3,R1,V008,"trail_stop=false, high_exit=off",20.101152718141613,,,docs/audit-nacharbeit-2026-10/A7-runs/R1-S3-V008.json,,,,,bedingtes Spotmodell; Hälften nur in S0 gerechnet,2026-01-18T20:00:00+00:00,2026-09-29T12:00:00+00:00
A7/A8,kausal S4,R1,V008,"trail_stop=false, high_exit=off",3.5245048624200637,,,docs/audit-nacharbeit-2026-10/A7-runs/R1-S4-V008.json,,,,,bedingtes Spotmodell; Hälften nur in S0 gerechnet,2026-01-18T20:00:00+00:00,2026-09-29T12:00:00+00:00
A7/A8,Level-Diagnose korrigiert,R1,V008,"trail_stop=false, high_exit=off",37.10956730992936,24.04913278369345,10.52843678400368,docs/audit-nacharbeit-2026-10/A7-legacy/R1-V008.json,2026-01-18T20:00:00+00:00,2026-05-25T16:00:00+00:00,2026-05-25T16:00:00+00:00,2026-09-29T12:00:00+00:00,retrospektiv; keine historische Orderausführung bewiesen,,
Originalaudit,Level-Diagnose,R0,V009,high_exit=off,37.56779563473454,24.04913278369345,10.897829390402801,ccf2b01c0578346f325261e72445b7375a9ac706:docs/audit-2026-09-27/grid/V009.json,2026-01-18T20:00:00+00:00,2026-05-24T14:14:34.420000+00:00,2026-05-24T14:14:34.420000+00:00,2026-09-27T08:29:08.840000+00:00,retrospektiv; keine historische Orderausführung bewiesen,,
A7/A8,kausal S0,R0,V009,high_exit=off,35.26860550709554,21.818675159116463,11.040942885326155,docs/audit-nacharbeit-2026-10/A7-runs/R0-S0-V009.json,2026-01-18T20:00:00+00:00,2026-05-24T14:14:34.420000+00:00,2026-05-24T14:14:34.420000+00:00,2026-09-27T08:29:08.840000+00:00,bedingtes Spotmodell; getrennte Frischstarts,2026-01-18T20:00:00+00:00,2026-09-27T08:29:08.840000+00:00
A7/A8,kausal S1,R0,V009,high_exit=off,29.763205200064103,,,docs/audit-nacharbeit-2026-10/A7-runs/R0-S1-V009.json,,,,,bedingtes Spotmodell; Hälften nur in S0 gerechnet,2026-01-18T20:00:00+00:00,2026-09-27T08:29:08.840000+00:00
A7/A8,kausal S2,R0,V009,high_exit=off,9.898925494496869,,,docs/audit-nacharbeit-2026-10/A7-runs/R0-S2-V009.json,,,,,bedingtes Spotmodell; Hälften nur in S0 gerechnet,2026-01-18T20:00:00+00:00,2026-09-27T08:29:08.840000+00:00
A7/A8,kausal S3,R0,V009,high_exit=off,25.393570292880963,,,docs/audit-nacharbeit-2026-10/A7-runs/R0-S3-V009.json,,,,,bedingtes Spotmodell; Hälften nur in S0 gerechnet,2026-01-18T20:00:00+00:00,2026-09-27T08:29:08.840000+00:00
A7/A8,kausal S4,R0,V009,high_exit=off,6.91403020003738,,,docs/audit-nacharbeit-2026-10/A7-runs/R0-S4-V009.json,,,,,bedingtes Spotmodell; Hälften nur in S0 gerechnet,2026-01-18T20:00:00+00:00,2026-09-27T08:29:08.840000+00:00
A7/A8,Level-Diagnose korrigiert,R0,V009,high_exit=off,36.82395480972465,23.50562054343699,10.783585562896448,docs/audit-nacharbeit-2026-10/A7-legacy/R0-V009.json,2026-01-18T20:00:00+00:00,2026-05-24T14:14:34.420000+00:00,2026-05-24T14:14:34.420000+00:00,2026-09-27T08:29:08.840000+00:00,retrospektiv; keine historische Orderausführung bewiesen,,
A7/A8,kausal S0,R1,V009,high_exit=off,34.81857727839601,21.818675159116463,10.67151822353949,docs/audit-nacharbeit-2026-10/A7-runs/R1-S0-V009.json,2026-01-18T20:00:00+00:00,2026-05-25T16:00:00+00:00,2026-05-25T16:00:00+00:00,2026-09-29T12:00:00+00:00,bedingtes Spotmodell; getrennte Frischstarts,2026-01-18T20:00:00+00:00,2026-09-29T12:00:00+00:00
A7/A8,kausal S1,R1,V009,high_exit=off,29.3316434131643,,,docs/audit-nacharbeit-2026-10/A7-runs/R1-S1-V009.json,,,,,bedingtes Spotmodell; Hälften nur in S0 gerechnet,2026-01-18T20:00:00+00:00,2026-09-29T12:00:00+00:00
A7/A8,kausal S2,R1,V009,high_exit=off,9.533936229789198,,,docs/audit-nacharbeit-2026-10/A7-runs/R1-S2-V009.json,,,,,bedingtes Spotmodell; Hälften nur in S0 gerechnet,2026-01-18T20:00:00+00:00,2026-09-29T12:00:00+00:00
A7/A8,kausal S3,R1,V009,high_exit=off,24.976867048201612,,,docs/audit-nacharbeit-2026-10/A7-runs/R1-S3-V009.json,,,,,bedingtes Spotmodell; Hälften nur in S0 gerechnet,2026-01-18T20:00:00+00:00,2026-09-29T12:00:00+00:00
A7/A8,kausal S4,R1,V009,high_exit=off,6.559232612299315,,,docs/audit-nacharbeit-2026-10/A7-runs/R1-S4-V009.json,,,,,bedingtes Spotmodell; Hälften nur in S0 gerechnet,2026-01-18T20:00:00+00:00,2026-09-29T12:00:00+00:00
A7/A8,Level-Diagnose korrigiert,R1,V009,high_exit=off,36.36820416462345,23.50562054343699,10.414573494380175,docs/audit-nacharbeit-2026-10/A7-legacy/R1-V009.json,2026-01-18T20:00:00+00:00,2026-05-25T16:00:00+00:00,2026-05-25T16:00:00+00:00,2026-09-29T12:00:00+00:00,retrospektiv; keine historische Orderausführung bewiesen,,
Originalaudit,Level-Diagnose,R0,V010,trail_stop=false,36.130924832553625,23.60972034971367,10.12962770841581,ccf2b01c0578346f325261e72445b7375a9ac706:docs/audit-2026-09-27/grid/V010.json,2026-01-18T20:00:00+00:00,2026-05-24T14:14:34.420000+00:00,2026-05-24T14:14:34.420000+00:00,2026-09-27T08:29:08.840000+00:00,retrospektiv; keine historische Orderausführung bewiesen,,
A7/A8,kausal S0,R0,V010,trail_stop=false,34.31454215601881,23.83526074095279,8.46227589166817,docs/audit-nacharbeit-2026-10/A7-runs/R0-S0-V010.json,2026-01-18T20:00:00+00:00,2026-05-24T14:14:34.420000+00:00,2026-05-24T14:14:34.420000+00:00,2026-09-27T08:29:08.840000+00:00,bedingtes Spotmodell; getrennte Frischstarts,2026-01-18T20:00:00+00:00,2026-09-27T08:29:08.840000+00:00
A7/A8,kausal S1,R0,V010,trail_stop=false,28.652956094709303,,,docs/audit-nacharbeit-2026-10/A7-runs/R0-S1-V010.json,,,,,bedingtes Spotmodell; Hälften nur in S0 gerechnet,2026-01-18T20:00:00+00:00,2026-09-27T08:29:08.840000+00:00
A7/A8,kausal S2,R0,V010,trail_stop=false,8.306332438347308,,,docs/audit-nacharbeit-2026-10/A7-runs/R0-S2-V010.json,,,,,bedingtes Spotmodell; Hälften nur in S0 gerechnet,2026-01-18T20:00:00+00:00,2026-09-27T08:29:08.840000+00:00
A7/A8,kausal S3,R0,V010,trail_stop=false,23.266679632912645,,,docs/audit-nacharbeit-2026-10/A7-runs/R0-S3-V010.json,,,,,bedingtes Spotmodell; Hälften nur in S0 gerechnet,2026-01-18T20:00:00+00:00,2026-09-27T08:29:08.840000+00:00
A7/A8,kausal S4,R0,V010,trail_stop=false,5.709804973291921,,,docs/audit-nacharbeit-2026-10/A7-runs/R0-S4-V010.json,,,,,bedingtes Spotmodell; Hälften nur in S0 gerechnet,2026-01-18T20:00:00+00:00,2026-09-27T08:29:08.840000+00:00
A7/A8,Level-Diagnose korrigiert,R0,V010,trail_stop=false,36.130924832553625,23.60972034971367,10.12962770841581,docs/audit-nacharbeit-2026-10/A7-legacy/R0-V010.json,2026-01-18T20:00:00+00:00,2026-05-24T14:14:34.420000+00:00,2026-05-24T14:14:34.420000+00:00,2026-09-27T08:29:08.840000+00:00,retrospektiv; keine historische Orderausführung bewiesen,,
A7/A8,kausal S0,R1,V010,trail_stop=false,33.9413740029248,23.83526074095279,8.160933486555756,docs/audit-nacharbeit-2026-10/A7-runs/R1-S0-V010.json,2026-01-18T20:00:00+00:00,2026-05-25T16:00:00+00:00,2026-05-25T16:00:00+00:00,2026-09-29T12:00:00+00:00,bedingtes Spotmodell; getrennte Frischstarts,2026-01-18T20:00:00+00:00,2026-09-29T12:00:00+00:00
A7/A8,kausal S1,R1,V010,trail_stop=false,28.270563469605037,,,docs/audit-nacharbeit-2026-10/A7-runs/R1-S1-V010.json,,,,,bedingtes Spotmodell; Hälften nur in S0 gerechnet,2026-01-18T20:00:00+00:00,2026-09-29T12:00:00+00:00
A7/A8,kausal S2,R1,V010,trail_stop=false,7.900531387225218,,,docs/audit-nacharbeit-2026-10/A7-runs/R1-S2-V010.json,,,,,bedingtes Spotmodell; Hälften nur in S0 gerechnet,2026-01-18T20:00:00+00:00,2026-09-29T12:00:00+00:00
A7/A8,kausal S3,R1,V010,trail_stop=false,22.84025200878499,,,docs/audit-nacharbeit-2026-10/A7-runs/R1-S3-V010.json,,,,,bedingtes Spotmodell; Hälften nur in S0 gerechnet,2026-01-18T20:00:00+00:00,2026-09-29T12:00:00+00:00
A7/A8,kausal S4,R1,V010,trail_stop=false,5.262583997671655,,,docs/audit-nacharbeit-2026-10/A7-runs/R1-S4-V010.json,,,,,bedingtes Spotmodell; Hälften nur in S0 gerechnet,2026-01-18T20:00:00+00:00,2026-09-29T12:00:00+00:00
A7/A8,Level-Diagnose korrigiert,R1,V010,trail_stop=false,35.752253401312515,23.60972034971367,9.823283328564635,docs/audit-nacharbeit-2026-10/A7-legacy/R1-V010.json,2026-01-18T20:00:00+00:00,2026-05-25T16:00:00+00:00,2026-05-25T16:00:00+00:00,2026-09-29T12:00:00+00:00,retrospektiv; keine historische Orderausführung bewiesen,,
Originalaudit,Level-Diagnose,R0,V011,"trail_stop=false, high_exit=off, ausbruch_ruecktest=true",39.141860820168574,24.897402575271556,11.404927525464291,ccf2b01c0578346f325261e72445b7375a9ac706:docs/audit-2026-09-27/grid/V011.json,2026-01-18T20:00:00+00:00,2026-05-24T14:14:34.420000+00:00,2026-05-24T14:14:34.420000+00:00,2026-09-27T08:29:08.840000+00:00,retrospektiv; keine historische Orderausführung bewiesen,,
A7/A8,kausal S0,R0,V011,"trail_stop=false, high_exit=off, ausbruch_ruecktest=true",36.903764126799274,22.617581047859268,11.651007104245469,docs/audit-nacharbeit-2026-10/A7-runs/R0-S0-V011.json,2026-01-18T20:00:00+00:00,2026-05-24T14:14:34.420000+00:00,2026-05-24T14:14:34.420000+00:00,2026-09-27T08:29:08.840000+00:00,bedingtes Spotmodell; getrennte Frischstarts,2026-01-18T20:00:00+00:00,2026-09-27T08:29:08.840000+00:00
A7/A8,kausal S1,R0,V011,"trail_stop=false, high_exit=off, ausbruch_ruecktest=true",31.17476702598625,,,docs/audit-nacharbeit-2026-10/A7-runs/R0-S1-V011.json,,,,,bedingtes Spotmodell; Hälften nur in S0 gerechnet,2026-01-18T20:00:00+00:00,2026-09-27T08:29:08.840000+00:00
A7/A8,kausal S2,R0,V011,"trail_stop=false, high_exit=off, ausbruch_ruecktest=true",10.565975765242586,,,docs/audit-nacharbeit-2026-10/A7-runs/R0-S2-V011.json,,,,,bedingtes Spotmodell; Hälften nur in S0 gerechnet,2026-01-18T20:00:00+00:00,2026-09-27T08:29:08.840000+00:00
A7/A8,kausal S3,R0,V011,"trail_stop=false, high_exit=off, ausbruch_ruecktest=true",22.082412198142908,,,docs/audit-nacharbeit-2026-10/A7-runs/R0-S3-V011.json,,,,,bedingtes Spotmodell; Hälften nur in S0 gerechnet,2026-01-18T20:00:00+00:00,2026-09-27T08:29:08.840000+00:00
A7/A8,kausal S4,R0,V011,"trail_stop=false, high_exit=off, ausbruch_ruecktest=true",4.398542577267284,,,docs/audit-nacharbeit-2026-10/A7-runs/R0-S4-V011.json,,,,,bedingtes Spotmodell; Hälften nur in S0 gerechnet,2026-01-18T20:00:00+00:00,2026-09-27T08:29:08.840000+00:00
A7/A8,Level-Diagnose korrigiert,R0,V011,"trail_stop=false, high_exit=off, ausbruch_ruecktest=true",39.141860820168574,24.897402575271556,11.404927525464291,docs/audit-nacharbeit-2026-10/A7-legacy/R0-V011.json,2026-01-18T20:00:00+00:00,2026-05-24T14:14:34.420000+00:00,2026-05-24T14:14:34.420000+00:00,2026-09-27T08:29:08.840000+00:00,retrospektiv; keine historische Orderausführung bewiesen,,
A7/A8,kausal S0,R1,V011,"trail_stop=false, high_exit=off, ausbruch_ruecktest=true",36.44829585135341,22.617581047859268,11.279552805805126,docs/audit-nacharbeit-2026-10/A7-runs/R1-S0-V011.json,2026-01-18T20:00:00+00:00,2026-05-25T16:00:00+00:00,2026-05-25T16:00:00+00:00,2026-09-29T12:00:00+00:00,bedingtes Spotmodell; getrennte Frischstarts,2026-01-18T20:00:00+00:00,2026-09-29T12:00:00+00:00
A7/A8,kausal S1,R1,V011,"trail_stop=false, high_exit=off, ausbruch_ruecktest=true",30.73851071768512,,,docs/audit-nacharbeit-2026-10/A7-runs/R1-S1-V011.json,,,,,bedingtes Spotmodell; Hälften nur in S0 gerechnet,2026-01-18T20:00:00+00:00,2026-09-29T12:00:00+00:00
A7/A8,kausal S2,R1,V011,"trail_stop=false, high_exit=off, ausbruch_ruecktest=true",10.198771135946515,,,docs/audit-nacharbeit-2026-10/A7-runs/R1-S2-V011.json,,,,,bedingtes Spotmodell; Hälften nur in S0 gerechnet,2026-01-18T20:00:00+00:00,2026-09-29T12:00:00+00:00
A7/A8,kausal S3,R1,V011,"trail_stop=false, high_exit=off, ausbruch_ruecktest=true",21.676712470777094,,,docs/audit-nacharbeit-2026-10/A7-runs/R1-S3-V011.json,,,,,bedingtes Spotmodell; Hälften nur in S0 gerechnet,2026-01-18T20:00:00+00:00,2026-09-29T12:00:00+00:00
A7/A8,kausal S4,R1,V011,"trail_stop=false, high_exit=off, ausbruch_ruecktest=true",4.052092714695643,,,docs/audit-nacharbeit-2026-10/A7-runs/R1-S4-V011.json,,,,,bedingtes Spotmodell; Hälften nur in S0 gerechnet,2026-01-18T20:00:00+00:00,2026-09-29T12:00:00+00:00
A7/A8,Level-Diagnose korrigiert,R1,V011,"trail_stop=false, high_exit=off, ausbruch_ruecktest=true",38.67838939867985,24.897402575271556,11.033845812048027,docs/audit-nacharbeit-2026-10/A7-legacy/R1-V011.json,2026-01-18T20:00:00+00:00,2026-05-25T16:00:00+00:00,2026-05-25T16:00:00+00:00,2026-09-29T12:00:00+00:00,retrospektiv; keine historische Orderausführung bewiesen,,
Originalaudit,Level-Diagnose,R0,V012,"high_exit=off, ausbruch_ruecktest=true",39.141860820168574,24.897402575271556,11.404927525464291,ccf2b01c0578346f325261e72445b7375a9ac706:docs/audit-2026-09-27/grid/V012.json,2026-01-18T20:00:00+00:00,2026-05-24T14:14:34.420000+00:00,2026-05-24T14:14:34.420000+00:00,2026-09-27T08:29:08.840000+00:00,retrospektiv; keine historische Orderausführung bewiesen,,
A7/A8,kausal S0,R0,V012,"high_exit=off, ausbruch_ruecktest=true",37.95600101203005,22.617581047859268,12.509152303521587,docs/audit-nacharbeit-2026-10/A7-runs/R0-S0-V012.json,2026-01-18T20:00:00+00:00,2026-05-24T14:14:34.420000+00:00,2026-05-24T14:14:34.420000+00:00,2026-09-27T08:29:08.840000+00:00,bedingtes Spotmodell; getrennte Frischstarts,2026-01-18T20:00:00+00:00,2026-09-27T08:29:08.840000+00:00
A7/A8,kausal S1,R0,V012,"high_exit=off, ausbruch_ruecktest=true",32.13161034480487,,,docs/audit-nacharbeit-2026-10/A7-runs/R0-S1-V012.json,,,,,bedingtes Spotmodell; Hälften nur in S0 gerechnet,2026-01-18T20:00:00+00:00,2026-09-27T08:29:08.840000+00:00
A7/A8,kausal S2,R0,V012,"high_exit=off, ausbruch_ruecktest=true",11.197645042606608,,,docs/audit-nacharbeit-2026-10/A7-runs/R0-S2-V012.json,,,,,bedingtes Spotmodell; Hälften nur in S0 gerechnet,2026-01-18T20:00:00+00:00,2026-09-27T08:29:08.840000+00:00
A7/A8,kausal S3,R0,V012,"high_exit=off, ausbruch_ruecktest=true",27.41058996945196,,,docs/audit-nacharbeit-2026-10/A7-runs/R0-S3-V012.json,,,,,bedingtes Spotmodell; Hälften nur in S0 gerechnet,2026-01-18T20:00:00+00:00,2026-09-27T08:29:08.840000+00:00
A7/A8,kausal S4,R0,V012,"high_exit=off, ausbruch_ruecktest=true",7.986808292102876,,,docs/audit-nacharbeit-2026-10/A7-runs/R0-S4-V012.json,,,,,bedingtes Spotmodell; Hälften nur in S0 gerechnet,2026-01-18T20:00:00+00:00,2026-09-27T08:29:08.840000+00:00
A7/A8,Level-Diagnose korrigiert,R0,V012,"high_exit=off, ausbruch_ruecktest=true",39.05929371900725,24.322728983999188,11.85347591340662,docs/audit-nacharbeit-2026-10/A7-legacy/R0-V012.json,2026-01-18T20:00:00+00:00,2026-05-24T14:14:34.420000+00:00,2026-05-24T14:14:34.420000+00:00,2026-09-27T08:29:08.840000+00:00,retrospektiv; keine historische Orderausführung bewiesen,,
A7/A8,kausal S0,R1,V012,"high_exit=off, ausbruch_ruecktest=true",37.497032025537024,22.617581047859268,12.134843022119357,docs/audit-nacharbeit-2026-10/A7-runs/R1-S0-V012.json,2026-01-18T20:00:00+00:00,2026-05-25T16:00:00+00:00,2026-05-25T16:00:00+00:00,2026-09-29T12:00:00+00:00,bedingtes Spotmodell; getrennte Frischstarts,2026-01-18T20:00:00+00:00,2026-09-29T12:00:00+00:00
A7/A8,kausal S1,R1,V012,"high_exit=off, ausbruch_ruecktest=true",31.69217180151027,,,docs/audit-nacharbeit-2026-10/A7-runs/R1-S1-V012.json,,,,,bedingtes Spotmodell; Hälften nur in S0 gerechnet,2026-01-18T20:00:00+00:00,2026-09-29T12:00:00+00:00
A7/A8,kausal S2,R1,V012,"high_exit=off, ausbruch_ruecktest=true",10.828342553808778,,,docs/audit-nacharbeit-2026-10/A7-runs/R1-S2-V012.json,,,,,bedingtes Spotmodell; Hälften nur in S0 gerechnet,2026-01-18T20:00:00+00:00,2026-09-29T12:00:00+00:00
A7/A8,kausal S3,R1,V012,"high_exit=off, ausbruch_ruecktest=true",26.987183840072483,,,docs/audit-nacharbeit-2026-10/A7-runs/R1-S3-V012.json,,,,,bedingtes Spotmodell; Hälften nur in S0 gerechnet,2026-01-18T20:00:00+00:00,2026-09-29T12:00:00+00:00
A7/A8,kausal S4,R1,V012,"high_exit=off, ausbruch_ruecktest=true",7.628450656366126,,,docs/audit-nacharbeit-2026-10/A7-runs/R1-S4-V012.json,,,,,bedingtes Spotmodell; Hälften nur in S0 gerechnet,2026-01-18T20:00:00+00:00,2026-09-29T12:00:00+00:00
A7/A8,Level-Diagnose korrigiert,R1,V012,"high_exit=off, ausbruch_ruecktest=true",38.59609732252909,24.322728983999188,11.480900117923731,docs/audit-nacharbeit-2026-10/A7-legacy/R1-V012.json,2026-01-18T20:00:00+00:00,2026-05-25T16:00:00+00:00,2026-05-25T16:00:00+00:00,2026-09-29T12:00:00+00:00,retrospektiv; keine historische Orderausführung bewiesen,,
Originalaudit,Level-Diagnose,R0,V013,"trail_stop=false, ausbruch_ruecktest=true",35.415646249722755,25.374126475043578,8.009244057766551,ccf2b01c0578346f325261e72445b7375a9ac706:docs/audit-2026-09-27/grid/V013.json,2026-01-18T20:00:00+00:00,2026-05-24T14:14:34.420000+00:00,2026-05-24T14:14:34.420000+00:00,2026-09-27T08:29:08.840000+00:00,retrospektiv; keine historische Orderausführung bewiesen,,
A7/A8,kausal S0,R0,V013,"trail_stop=false, ausbruch_ruecktest=true",32.50878082995099,23.957367408194607,6.898672987783394,docs/audit-nacharbeit-2026-10/A7-runs/R0-S0-V013.json,2026-01-18T20:00:00+00:00,2026-05-24T14:14:34.420000+00:00,2026-05-24T14:14:34.420000+00:00,2026-09-27T08:29:08.840000+00:00,bedingtes Spotmodell; getrennte Frischstarts,2026-01-18T20:00:00+00:00,2026-09-27T08:29:08.840000+00:00
A7/A8,kausal S1,R0,V013,"trail_stop=false, ausbruch_ruecktest=true",26.25639077331259,,,docs/audit-nacharbeit-2026-10/A7-runs/R0-S1-V013.json,,,,,bedingtes Spotmodell; Hälften nur in S0 gerechnet,2026-01-18T20:00:00+00:00,2026-09-27T08:29:08.840000+00:00
A7/A8,kausal S2,R0,V013,"trail_stop=false, ausbruch_ruecktest=true",4.074209770242421,,,docs/audit-nacharbeit-2026-10/A7-runs/R0-S2-V013.json,,,,,bedingtes Spotmodell; Hälften nur in S0 gerechnet,2026-01-18T20:00:00+00:00,2026-09-27T08:29:08.840000+00:00
A7/A8,kausal S3,R0,V013,"trail_stop=false, ausbruch_ruecktest=true",24.32892050177571,,,docs/audit-nacharbeit-2026-10/A7-runs/R0-S3-V013.json,,,,,bedingtes Spotmodell; Hälften nur in S0 gerechnet,2026-01-18T20:00:00+00:00,2026-09-27T08:29:08.840000+00:00
A7/A8,kausal S4,R0,V013,"trail_stop=false, ausbruch_ruecktest=true",4.877619985997783,,,docs/audit-nacharbeit-2026-10/A7-runs/R0-S4-V013.json,,,,,bedingtes Spotmodell; Hälften nur in S0 gerechnet,2026-01-18T20:00:00+00:00,2026-09-27T08:29:08.840000+00:00
A7/A8,Level-Diagnose korrigiert,R0,V013,"trail_stop=false, ausbruch_ruecktest=true",35.415646249722755,25.374126475043578,8.009244057766551,docs/audit-nacharbeit-2026-10/A7-legacy/R0-V013.json,2026-01-18T20:00:00+00:00,2026-05-24T14:14:34.420000+00:00,2026-05-24T14:14:34.420000+00:00,2026-09-27T08:29:08.840000+00:00,retrospektiv; keine historische Orderausführung bewiesen,,
A7/A8,kausal S0,R1,V013,"trail_stop=false, ausbruch_ruecktest=true",32.14062965125275,23.957367408194607,6.601674764607268,docs/audit-nacharbeit-2026-10/A7-runs/R1-S0-V013.json,2026-01-18T20:00:00+00:00,2026-05-25T16:00:00+00:00,2026-05-25T16:00:00+00:00,2026-09-29T12:00:00+00:00,bedingtes Spotmodell; getrennte Frischstarts,2026-01-18T20:00:00+00:00,2026-09-29T12:00:00+00:00
A7/A8,kausal S1,R1,V013,"trail_stop=false, ausbruch_ruecktest=true",25.881121411694075,,,docs/audit-nacharbeit-2026-10/A7-runs/R1-S1-V013.json,,,,,bedingtes Spotmodell; Hälften nur in S0 gerechnet,2026-01-18T20:00:00+00:00,2026-09-29T12:00:00+00:00
A7/A8,kausal S2,R1,V013,"trail_stop=false, ausbruch_ruecktest=true",3.6842655927539436,,,docs/audit-nacharbeit-2026-10/A7-runs/R1-S2-V013.json,,,,,bedingtes Spotmodell; Hälften nur in S0 gerechnet,2026-01-18T20:00:00+00:00,2026-09-29T12:00:00+00:00
A7/A8,kausal S3,R1,V013,"trail_stop=false, ausbruch_ruecktest=true",23.898818171301528,,,docs/audit-nacharbeit-2026-10/A7-runs/R1-S3-V013.json,,,,,bedingtes Spotmodell; Hälften nur in S0 gerechnet,2026-01-18T20:00:00+00:00,2026-09-29T12:00:00+00:00
A7/A8,kausal S4,R1,V013,"trail_stop=false, ausbruch_ruecktest=true",4.43391969213458,,,docs/audit-nacharbeit-2026-10/A7-runs/R1-S4-V013.json,,,,,bedingtes Spotmodell; Hälften nur in S0 gerechnet,2026-01-18T20:00:00+00:00,2026-09-29T12:00:00+00:00
A7/A8,Level-Diagnose korrigiert,R1,V013,"trail_stop=false, ausbruch_ruecktest=true",35.03896448809587,25.374126475043578,7.708797887398333,docs/audit-nacharbeit-2026-10/A7-legacy/R1-V013.json,2026-01-18T20:00:00+00:00,2026-05-25T16:00:00+00:00,2026-05-25T16:00:00+00:00,2026-09-29T12:00:00+00:00,retrospektiv; keine historische Orderausführung bewiesen,,
Originalaudit,Level-Diagnose,R0,V014,"stop_rueckeroberung=0, bein_richtung=auto, zonen_nachziehen=false",23.713036050915793,16.73854046498775,5.974458442042918,ccf2b01c0578346f325261e72445b7375a9ac706:docs/audit-2026-09-27/grid/V014.json,2026-01-18T20:00:00+00:00,2026-05-24T14:14:34.420000+00:00,2026-05-24T14:14:34.420000+00:00,2026-09-27T08:29:08.840000+00:00,retrospektiv; keine historische Orderausführung bewiesen,,
A7/A8,kausal S0,R0,V014,"stop_rueckeroberung=0, bein_richtung=auto, zonen_nachziehen=false",23.99427279199642,19.029124189850055,4.171372876966606,docs/audit-nacharbeit-2026-10/A7-runs/R0-S0-V014.json,2026-01-18T20:00:00+00:00,2026-05-24T14:14:34.420000+00:00,2026-05-24T14:14:34.420000+00:00,2026-09-27T08:29:08.840000+00:00,bedingtes Spotmodell; getrennte Frischstarts,2026-01-18T20:00:00+00:00,2026-09-27T08:29:08.840000+00:00
A7/A8,kausal S1,R0,V014,"stop_rueckeroberung=0, bein_richtung=auto, zonen_nachziehen=false",18.800066241139323,,,docs/audit-nacharbeit-2026-10/A7-runs/R0-S1-V014.json,,,,,bedingtes Spotmodell; Hälften nur in S0 gerechnet,2026-01-18T20:00:00+00:00,2026-09-27T08:29:08.840000+00:00
A7/A8,kausal S2,R0,V014,"stop_rueckeroberung=0, bein_richtung=auto, zonen_nachziehen=false",0.12187501451499383,,,docs/audit-nacharbeit-2026-10/A7-runs/R0-S2-V014.json,,,,,bedingtes Spotmodell; Hälften nur in S0 gerechnet,2026-01-18T20:00:00+00:00,2026-09-27T08:29:08.840000+00:00
A7/A8,kausal S3,R0,V014,"stop_rueckeroberung=0, bein_richtung=auto, zonen_nachziehen=false",20.661124959007026,,,docs/audit-nacharbeit-2026-10/A7-runs/R0-S3-V014.json,,,,,bedingtes Spotmodell; Hälften nur in S0 gerechnet,2026-01-18T20:00:00+00:00,2026-09-27T08:29:08.840000+00:00
A7/A8,kausal S4,R0,V014,"stop_rueckeroberung=0, bein_richtung=auto, zonen_nachziehen=false",2.814357313021043,,,docs/audit-nacharbeit-2026-10/A7-runs/R0-S4-V014.json,,,,,bedingtes Spotmodell; Hälften nur in S0 gerechnet,2026-01-18T20:00:00+00:00,2026-09-27T08:29:08.840000+00:00
A7/A8,Level-Diagnose korrigiert,R0,V014,"stop_rueckeroberung=0, bein_richtung=auto, zonen_nachziehen=false",22.73267237051584,16.73854046498775,5.134664080647666,docs/audit-nacharbeit-2026-10/A7-legacy/R0-V014.json,2026-01-18T20:00:00+00:00,2026-05-24T14:14:34.420000+00:00,2026-05-24T14:14:34.420000+00:00,2026-09-27T08:29:08.840000+00:00,retrospektiv; keine historische Orderausführung bewiesen,,
A7/A8,kausal S0,R1,V014,"stop_rueckeroberung=0, bein_richtung=auto, zonen_nachziehen=false",23.649777601607603,19.029124189850055,3.8819519535299607,docs/audit-nacharbeit-2026-10/A7-runs/R1-S0-V014.json,2026-01-18T20:00:00+00:00,2026-05-25T16:00:00+00:00,2026-05-25T16:00:00+00:00,2026-09-29T12:00:00+00:00,bedingtes Spotmodell; getrennte Frischstarts,2026-01-18T20:00:00+00:00,2026-09-29T12:00:00+00:00
A7/A8,kausal S1,R1,V014,"stop_rueckeroberung=0, bein_richtung=auto, zonen_nachziehen=false",18.446959164772856,,,docs/audit-nacharbeit-2026-10/A7-runs/R1-S1-V014.json,,,,,bedingtes Spotmodell; Hälften nur in S0 gerechnet,2026-01-18T20:00:00+00:00,2026-09-29T12:00:00+00:00
A7/A8,kausal S2,R1,V014,"stop_rueckeroberung=0, bein_richtung=auto, zonen_nachziehen=false",-0.2532605958089351,,,docs/audit-nacharbeit-2026-10/A7-runs/R1-S2-V014.json,,,,,bedingtes Spotmodell; Hälften nur in S0 gerechnet,2026-01-18T20:00:00+00:00,2026-09-29T12:00:00+00:00
A7/A8,kausal S3,R1,V014,"stop_rueckeroberung=0, bein_richtung=auto, zonen_nachziehen=false",20.243710966887953,,,docs/audit-nacharbeit-2026-10/A7-runs/R1-S3-V014.json,,,,,bedingtes Spotmodell; Hälften nur in S0 gerechnet,2026-01-18T20:00:00+00:00,2026-09-29T12:00:00+00:00
A7/A8,kausal S4,R1,V014,"stop_rueckeroberung=0, bein_richtung=auto, zonen_nachziehen=false",2.379385957271052,,,docs/audit-nacharbeit-2026-10/A7-runs/R1-S4-V014.json,,,,,bedingtes Spotmodell; Hälften nur in S0 gerechnet,2026-01-18T20:00:00+00:00,2026-09-29T12:00:00+00:00
A7/A8,Level-Diagnose korrigiert,R1,V014,"stop_rueckeroberung=0, bein_richtung=auto, zonen_nachziehen=false",22.39127046816516,16.73854046498775,4.842214045731352,docs/audit-nacharbeit-2026-10/A7-legacy/R1-V014.json,2026-01-18T20:00:00+00:00,2026-05-25T16:00:00+00:00,2026-05-25T16:00:00+00:00,2026-09-29T12:00:00+00:00,retrospektiv; keine historische Orderausführung bewiesen,,
Originalaudit,Level-Diagnose,R0,V015,"stop_rueckeroberung=0, bein_richtung=auto",23.30312491075144,17.755984468892706,4.71070788196255,ccf2b01c0578346f325261e72445b7375a9ac706:docs/audit-2026-09-27/grid/V015.json,2026-01-18T20:00:00+00:00,2026-05-24T14:14:34.420000+00:00,2026-05-24T14:14:34.420000+00:00,2026-09-27T08:29:08.840000+00:00,retrospektiv; keine historische Orderausführung bewiesen,,
A7/A8,kausal S0,R0,V015,"stop_rueckeroberung=0, bein_richtung=auto",21.36740035775311,18.11564403994175,2.753027631726579,docs/audit-nacharbeit-2026-10/A7-runs/R0-S0-V015.json,2026-01-18T20:00:00+00:00,2026-05-24T14:14:34.420000+00:00,2026-05-24T14:14:34.420000+00:00,2026-09-27T08:29:08.840000+00:00,bedingtes Spotmodell; getrennte Frischstarts,2026-01-18T20:00:00+00:00,2026-09-27T08:29:08.840000+00:00
A7/A8,kausal S1,R0,V015,"stop_rueckeroberung=0, bein_richtung=auto",16.23006227734971,,,docs/audit-nacharbeit-2026-10/A7-runs/R0-S1-V015.json,,,,,bedingtes Spotmodell; Hälften nur in S0 gerechnet,2026-01-18T20:00:00+00:00,2026-09-27T08:29:08.840000+00:00
A7/A8,kausal S2,R0,V015,"stop_rueckeroberung=0, bein_richtung=auto",-2.2245156274077416,,,docs/audit-nacharbeit-2026-10/A7-runs/R0-S2-V015.json,,,,,bedingtes Spotmodell; Hälften nur in S0 gerechnet,2026-01-18T20:00:00+00:00,2026-09-27T08:29:08.840000+00:00
A7/A8,kausal S3,R0,V015,"stop_rueckeroberung=0, bein_richtung=auto",15.070887493936835,,,docs/audit-nacharbeit-2026-10/A7-runs/R0-S3-V015.json,,,,,bedingtes Spotmodell; Hälften nur in S0 gerechnet,2026-01-18T20:00:00+00:00,2026-09-27T08:29:08.840000+00:00
A7/A8,kausal S4,R0,V015,"stop_rueckeroberung=0, bein_richtung=auto",-2.1348599924232214,,,docs/audit-nacharbeit-2026-10/A7-runs/R0-S4-V015.json,,,,,bedingtes Spotmodell; Hälften nur in S0 gerechnet,2026-01-18T20:00:00+00:00,2026-09-27T08:29:08.840000+00:00
A7/A8,Level-Diagnose korrigiert,R0,V015,"stop_rueckeroberung=0, bein_richtung=auto",22.326009570274465,17.755984468892706,3.880928109083892,docs/audit-nacharbeit-2026-10/A7-legacy/R0-V015.json,2026-01-18T20:00:00+00:00,2026-05-24T14:14:34.420000+00:00,2026-05-24T14:14:34.420000+00:00,2026-09-27T08:29:08.840000+00:00,retrospektiv; keine historische Orderausführung bewiesen,,
A7/A8,kausal S0,R1,V015,"stop_rueckeroberung=0, bein_richtung=auto",21.030203447349226,18.11564403994175,2.4675473186446917,docs/audit-nacharbeit-2026-10/A7-runs/R1-S0-V015.json,2026-01-18T20:00:00+00:00,2026-05-25T16:00:00+00:00,2026-05-25T16:00:00+00:00,2026-09-29T12:00:00+00:00,bedingtes Spotmodell; getrennte Frischstarts,2026-01-18T20:00:00+00:00,2026-09-29T12:00:00+00:00
A7/A8,kausal S1,R1,V015,"stop_rueckeroberung=0, bein_richtung=auto",15.88459397269959,,,docs/audit-nacharbeit-2026-10/A7-runs/R1-S1-V015.json,,,,,bedingtes Spotmodell; Hälften nur in S0 gerechnet,2026-01-18T20:00:00+00:00,2026-09-29T12:00:00+00:00
A7/A8,kausal S2,R1,V015,"stop_rueckeroberung=0, bein_richtung=auto",-2.5908598054359078,,,docs/audit-nacharbeit-2026-10/A7-runs/R1-S2-V015.json,,,,,bedingtes Spotmodell; Hälften nur in S0 gerechnet,2026-01-18T20:00:00+00:00,2026-09-29T12:00:00+00:00
A7/A8,kausal S3,R1,V015,"stop_rueckeroberung=0, bein_richtung=auto",14.67281231817621,,,docs/audit-nacharbeit-2026-10/A7-runs/R1-S3-V015.json,,,,,bedingtes Spotmodell; Hälften nur in S0 gerechnet,2026-01-18T20:00:00+00:00,2026-09-29T12:00:00+00:00
A7/A8,kausal S4,R1,V015,"stop_rueckeroberung=0, bein_richtung=auto",-2.5488929518489023,,,docs/audit-nacharbeit-2026-10/A7-runs/R1-S4-V015.json,,,,,bedingtes Spotmodell; Hälften nur in S0 gerechnet,2026-01-18T20:00:00+00:00,2026-09-29T12:00:00+00:00
A7/A8,Level-Diagnose korrigiert,R1,V015,"stop_rueckeroberung=0, bein_richtung=auto",21.985738869998485,17.755984468892706,3.5919655550271434,docs/audit-nacharbeit-2026-10/A7-legacy/R1-V015.json,2026-01-18T20:00:00+00:00,2026-05-25T16:00:00+00:00,2026-05-25T16:00:00+00:00,2026-09-29T12:00:00+00:00,retrospektiv; keine historische Orderausführung bewiesen,,
Originalaudit,Level-Diagnose,R0,V016,"stop_rueckeroberung=0, zonen_nachziehen=false",32.248467172742615,18.86795773387093,11.256615907231215,ccf2b01c0578346f325261e72445b7375a9ac706:docs/audit-2026-09-27/grid/V016.json,2026-01-18T20:00:00+00:00,2026-05-24T14:14:34.420000+00:00,2026-05-24T14:14:34.420000+00:00,2026-09-27T08:29:08.840000+00:00,retrospektiv; keine historische Orderausführung bewiesen,,
A7/A8,kausal S0,R0,V016,"stop_rueckeroberung=0, zonen_nachziehen=false",31.361547504650943,19.792814383810466,9.657284688023736,docs/audit-nacharbeit-2026-10/A7-runs/R0-S0-V016.json,2026-01-18T20:00:00+00:00,2026-05-24T14:14:34.420000+00:00,2026-05-24T14:14:34.420000+00:00,2026-09-27T08:29:08.840000+00:00,bedingtes Spotmodell; getrennte Frischstarts,2026-01-18T20:00:00+00:00,2026-09-27T08:29:08.840000+00:00
A7/A8,kausal S1,R0,V016,"stop_rueckeroberung=0, zonen_nachziehen=false",26.040323379377938,,,docs/audit-nacharbeit-2026-10/A7-runs/R0-S1-V016.json,,,,,bedingtes Spotmodell; Hälften nur in S0 gerechnet,2026-01-18T20:00:00+00:00,2026-09-27T08:29:08.840000+00:00
A7/A8,kausal S2,R0,V016,"stop_rueckeroberung=0, zonen_nachziehen=false",6.837343312251676,,,docs/audit-nacharbeit-2026-10/A7-runs/R0-S2-V016.json,,,,,bedingtes Spotmodell; Hälften nur in S0 gerechnet,2026-01-18T20:00:00+00:00,2026-09-27T08:29:08.840000+00:00
A7/A8,kausal S3,R0,V016,"stop_rueckeroberung=0, zonen_nachziehen=false",22.13334734846082,,,docs/audit-nacharbeit-2026-10/A7-runs/R0-S3-V016.json,,,,,bedingtes Spotmodell; Hälften nur in S0 gerechnet,2026-01-18T20:00:00+00:00,2026-09-27T08:29:08.840000+00:00
A7/A8,kausal S4,R0,V016,"stop_rueckeroberung=0, zonen_nachziehen=false",5.032042349678756,,,docs/audit-nacharbeit-2026-10/A7-runs/R0-S4-V016.json,,,,,bedingtes Spotmodell; Hälften nur in S0 gerechnet,2026-01-18T20:00:00+00:00,2026-09-27T08:29:08.840000+00:00
A7/A8,Level-Diagnose korrigiert,R0,V016,"stop_rueckeroberung=0, zonen_nachziehen=false",30.586451170331873,18.311660091972605,10.37496310069288,docs/audit-nacharbeit-2026-10/A7-legacy/R0-V016.json,2026-01-18T20:00:00+00:00,2026-05-24T14:14:34.420000+00:00,2026-05-24T14:14:34.420000+00:00,2026-09-27T08:29:08.840000+00:00,retrospektiv; keine historische Orderausführung bewiesen,,
A7/A8,kausal S0,R1,V016,"stop_rueckeroberung=0, zonen_nachziehen=false",30.99658370190099,19.792814383810466,9.352622171638858,docs/audit-nacharbeit-2026-10/A7-runs/R1-S0-V016.json,2026-01-18T20:00:00+00:00,2026-05-25T16:00:00+00:00,2026-05-25T16:00:00+00:00,2026-09-29T12:00:00+00:00,bedingtes Spotmodell; getrennte Frischstarts,2026-01-18T20:00:00+00:00,2026-09-29T12:00:00+00:00
A7/A8,kausal S1,R1,V016,"stop_rueckeroberung=0, zonen_nachziehen=false",25.665696230581236,,,docs/audit-nacharbeit-2026-10/A7-runs/R1-S1-V016.json,,,,,bedingtes Spotmodell; Hälften nur in S0 gerechnet,2026-01-18T20:00:00+00:00,2026-09-29T12:00:00+00:00
A7/A8,kausal S2,R1,V016,"stop_rueckeroberung=0, zonen_nachziehen=false",6.437046254460688,,,docs/audit-nacharbeit-2026-10/A7-runs/R1-S2-V016.json,,,,,bedingtes Spotmodell; Hälften nur in S0 gerechnet,2026-01-18T20:00:00+00:00,2026-09-29T12:00:00+00:00
A7/A8,kausal S3,R1,V016,"stop_rueckeroberung=0, zonen_nachziehen=false",21.710840363672546,,,docs/audit-nacharbeit-2026-10/A7-runs/R1-S3-V016.json,,,,,bedingtes Spotmodell; Hälften nur in S0 gerechnet,2026-01-18T20:00:00+00:00,2026-09-29T12:00:00+00:00
A7/A8,kausal S4,R1,V016,"stop_rueckeroberung=0, zonen_nachziehen=false",4.587688749150587,,,docs/audit-nacharbeit-2026-10/A7-runs/R1-S4-V016.json,,,,,bedingtes Spotmodell; Hälften nur in S0 gerechnet,2026-01-18T20:00:00+00:00,2026-09-29T12:00:00+00:00
A7/A8,Level-Diagnose korrigiert,R1,V016,"stop_rueckeroberung=0, zonen_nachziehen=false",30.223202640093838,18.311660091972605,10.067936278521984,docs/audit-nacharbeit-2026-10/A7-legacy/R1-V016.json,2026-01-18T20:00:00+00:00,2026-05-25T16:00:00+00:00,2026-05-25T16:00:00+00:00,2026-09-29T12:00:00+00:00,retrospektiv; keine historische Orderausführung bewiesen,,
Originalaudit,Level-Diagnose,R0,V017,stop_rueckeroberung=0,31.53657371896599,19.654983037676654,9.929875363024522,ccf2b01c0578346f325261e72445b7375a9ac706:docs/audit-2026-09-27/grid/V017.json,2026-01-18T20:00:00+00:00,2026-05-24T14:14:34.420000+00:00,2026-05-24T14:14:34.420000+00:00,2026-09-27T08:29:08.840000+00:00,retrospektiv; keine historische Orderausführung bewiesen,,
A7/A8,kausal S0,R0,V017,stop_rueckeroberung=0,32.07440805290038,22.10542107857996,8.164246014847354,docs/audit-nacharbeit-2026-10/A7-runs/R0-S0-V017.json,2026-01-18T20:00:00+00:00,2026-05-24T14:14:34.420000+00:00,2026-05-24T14:14:34.420000+00:00,2026-09-27T08:29:08.840000+00:00,bedingtes Spotmodell; getrennte Frischstarts,2026-01-18T20:00:00+00:00,2026-09-27T08:29:08.840000+00:00
A7/A8,kausal S1,R0,V017,stop_rueckeroberung=0,26.41495657399311,,,docs/audit-nacharbeit-2026-10/A7-runs/R0-S1-V017.json,,,,,bedingtes Spotmodell; Hälften nur in S0 gerechnet,2026-01-18T20:00:00+00:00,2026-09-27T08:29:08.840000+00:00
A7/A8,kausal S2,R0,V017,stop_rueckeroberung=0,6.113142194824328,,,docs/audit-nacharbeit-2026-10/A7-runs/R0-S2-V017.json,,,,,bedingtes Spotmodell; Hälften nur in S0 gerechnet,2026-01-18T20:00:00+00:00,2026-09-27T08:29:08.840000+00:00
A7/A8,kausal S3,R0,V017,stop_rueckeroberung=0,23.735191839409087,,,docs/audit-nacharbeit-2026-10/A7-runs/R0-S3-V017.json,,,,,bedingtes Spotmodell; Hälften nur in S0 gerechnet,2026-01-18T20:00:00+00:00,2026-09-27T08:29:08.840000+00:00
A7/A8,kausal S4,R0,V017,stop_rueckeroberung=0,5.375049986581715,,,docs/audit-nacharbeit-2026-10/A7-runs/R0-S4-V017.json,,,,,bedingtes Spotmodell; Hälften nur in S0 gerechnet,2026-01-18T20:00:00+00:00,2026-09-27T08:29:08.840000+00:00
A7/A8,Level-Diagnose korrigiert,R0,V017,stop_rueckeroberung=0,30.494212431629485,19.654983037676654,9.058736308992543,docs/audit-nacharbeit-2026-10/A7-legacy/R0-V017.json,2026-01-18T20:00:00+00:00,2026-05-24T14:14:34.420000+00:00,2026-05-24T14:14:34.420000+00:00,2026-09-27T08:29:08.840000+00:00,retrospektiv; keine historische Orderausführung bewiesen,,
A7/A8,kausal S0,R1,V017,stop_rueckeroberung=0,31.707463698752658,22.10542107857996,7.863731630714033,docs/audit-nacharbeit-2026-10/A7-runs/R1-S0-V017.json,2026-01-18T20:00:00+00:00,2026-05-25T16:00:00+00:00,2026-05-25T16:00:00+00:00,2026-09-29T12:00:00+00:00,bedingtes Spotmodell; getrennte Frischstarts,2026-01-18T20:00:00+00:00,2026-09-29T12:00:00+00:00
A7/A8,kausal S1,R1,V017,stop_rueckeroberung=0,26.039215910395907,,,docs/audit-nacharbeit-2026-10/A7-runs/R1-S1-V017.json,,,,,bedingtes Spotmodell; Hälften nur in S0 gerechnet,2026-01-18T20:00:00+00:00,2026-09-29T12:00:00+00:00
A7/A8,kausal S2,R1,V017,stop_rueckeroberung=0,5.7155585663228425,,,docs/audit-nacharbeit-2026-10/A7-runs/R1-S2-V017.json,,,,,bedingtes Spotmodell; Hälften nur in S0 gerechnet,2026-01-18T20:00:00+00:00,2026-09-29T12:00:00+00:00
A7/A8,kausal S3,R1,V017,stop_rueckeroberung=0,23.307143448439295,,,docs/audit-nacharbeit-2026-10/A7-runs/R1-S3-V017.json,,,,,bedingtes Spotmodell; Hälften nur in S0 gerechnet,2026-01-18T20:00:00+00:00,2026-09-29T12:00:00+00:00
A7/A8,kausal S4,R1,V017,stop_rueckeroberung=0,4.929245241478464,,,docs/audit-nacharbeit-2026-10/A7-runs/R1-S4-V017.json,,,,,bedingtes Spotmodell; Hälften nur in S0 gerechnet,2026-01-18T20:00:00+00:00,2026-09-29T12:00:00+00:00
A7/A8,Level-Diagnose korrigiert,R1,V017,stop_rueckeroberung=0,30.131220479206135,19.654983037676654,8.755370796576667,docs/audit-nacharbeit-2026-10/A7-legacy/R1-V017.json,2026-01-18T20:00:00+00:00,2026-05-25T16:00:00+00:00,2026-05-25T16:00:00+00:00,2026-09-29T12:00:00+00:00,retrospektiv; keine historische Orderausführung bewiesen,,
Originalaudit,Level-Diagnose,R0,V018,"bein_richtung=auto, zonen_nachziehen=false",26.286005704243376,18.95031207244684,6.167023443644926,ccf2b01c0578346f325261e72445b7375a9ac706:docs/audit-2026-09-27/grid/V018.json,2026-01-18T20:00:00+00:00,2026-05-24T14:14:34.420000+00:00,2026-05-24T14:14:34.420000+00:00,2026-09-27T08:29:08.840000+00:00,retrospektiv; keine historische Orderausführung bewiesen,,
A7/A8,kausal S0,R0,V018,"bein_richtung=auto, zonen_nachziehen=false",24.71044127559694,19.499534120758955,4.360608761513829,docs/audit-nacharbeit-2026-10/A7-runs/R0-S0-V018.json,2026-01-18T20:00:00+00:00,2026-05-24T14:14:34.420000+00:00,2026-05-24T14:14:34.420000+00:00,2026-09-27T08:29:08.840000+00:00,bedingtes Spotmodell; getrennte Frischstarts,2026-01-18T20:00:00+00:00,2026-09-27T08:29:08.840000+00:00
A7/A8,kausal S1,R0,V018,"bein_richtung=auto, zonen_nachziehen=false",19.531872061999998,,,docs/audit-nacharbeit-2026-10/A7-runs/R0-S1-V018.json,,,,,bedingtes Spotmodell; Hälften nur in S0 gerechnet,2026-01-18T20:00:00+00:00,2026-09-27T08:29:08.840000+00:00
A7/A8,kausal S2,R0,V018,"bein_richtung=auto, zonen_nachziehen=false",0.8934548239206253,,,docs/audit-nacharbeit-2026-10/A7-runs/R0-S2-V018.json,,,,,bedingtes Spotmodell; Hälften nur in S0 gerechnet,2026-01-18T20:00:00+00:00,2026-09-27T08:29:08.840000+00:00
A7/A8,kausal S3,R0,V018,"bein_richtung=auto, zonen_nachziehen=false",22.04732961753941,,,docs/audit-nacharbeit-2026-10/A7-runs/R0-S3-V018.json,,,,,bedingtes Spotmodell; Hälften nur in S0 gerechnet,2026-01-18T20:00:00+00:00,2026-09-27T08:29:08.840000+00:00
A7/A8,kausal S4,R0,V018,"bein_richtung=auto, zonen_nachziehen=false",3.9938387287176136,,,docs/audit-nacharbeit-2026-10/A7-runs/R0-S4-V018.json,,,,,bedingtes Spotmodell; Hälften nur in S0 gerechnet,2026-01-18T20:00:00+00:00,2026-09-27T08:29:08.840000+00:00
A7/A8,Level-Diagnose korrigiert,R0,V018,"bein_richtung=auto, zonen_nachziehen=false",24.84372872326648,18.53111353376875,5.325703101320678,docs/audit-nacharbeit-2026-10/A7-legacy/R0-V018.json,2026-01-18T20:00:00+00:00,2026-05-24T14:14:34.420000+00:00,2026-05-24T14:14:34.420000+00:00,2026-09-27T08:29:08.840000+00:00,retrospektiv; keine historische Orderausführung bewiesen,,
A7/A8,kausal S0,R1,V018,"bein_richtung=auto, zonen_nachziehen=false",24.363956343322823,19.499534120758955,4.070662081115928,docs/audit-nacharbeit-2026-10/A7-runs/R1-S0-V018.json,2026-01-18T20:00:00+00:00,2026-05-25T16:00:00+00:00,2026-05-25T16:00:00+00:00,2026-09-29T12:00:00+00:00,bedingtes Spotmodell; getrennte Frischstarts,2026-01-18T20:00:00+00:00,2026-09-29T12:00:00+00:00
A7/A8,kausal S1,R1,V018,"bein_richtung=auto, zonen_nachziehen=false",19.176589853732963,,,docs/audit-nacharbeit-2026-10/A7-runs/R1-S1-V018.json,,,,,bedingtes Spotmodell; Hälften nur in S0 gerechnet,2026-01-18T20:00:00+00:00,2026-09-29T12:00:00+00:00
A7/A8,kausal S2,R1,V018,"bein_richtung=auto, zonen_nachziehen=false",0.515428266311968,,,docs/audit-nacharbeit-2026-10/A7-runs/R1-S2-V018.json,,,,,bedingtes Spotmodell; Hälften nur in S0 gerechnet,2026-01-18T20:00:00+00:00,2026-09-29T12:00:00+00:00
A7/A8,kausal S3,R1,V018,"bein_richtung=auto, zonen_nachziehen=false",21.62512020170282,,,docs/audit-nacharbeit-2026-10/A7-runs/R1-S3-V018.json,,,,,bedingtes Spotmodell; Hälften nur in S0 gerechnet,2026-01-18T20:00:00+00:00,2026-09-29T12:00:00+00:00
A7/A8,kausal S4,R1,V018,"bein_richtung=auto, zonen_nachziehen=false",3.553877402268224,,,docs/audit-nacharbeit-2026-10/A7-runs/R1-S4-V018.json,,,,,bedingtes Spotmodell; Hälften nur in S0 gerechnet,2026-01-18T20:00:00+00:00,2026-09-29T12:00:00+00:00
A7/A8,Level-Diagnose korrigiert,R1,V018,"bein_richtung=auto, zonen_nachziehen=false",24.496454556905924,18.53111353376875,5.032721658721129,docs/audit-nacharbeit-2026-10/A7-legacy/R1-V018.json,2026-01-18T20:00:00+00:00,2026-05-25T16:00:00+00:00,2026-05-25T16:00:00+00:00,2026-09-29T12:00:00+00:00,retrospektiv; keine historische Orderausführung bewiesen,,
Originalaudit,Level-Diagnose,R0,V019,bein_richtung=auto,25.867569278806933,19.987032947135532,4.900976536574775,ccf2b01c0578346f325261e72445b7375a9ac706:docs/audit-2026-09-27/grid/V019.json,2026-01-18T20:00:00+00:00,2026-05-24T14:14:34.420000+00:00,2026-05-24T14:14:34.420000+00:00,2026-09-27T08:29:08.840000+00:00,retrospektiv; keine historische Orderausführung bewiesen,,
A7/A8,kausal S0,R0,V019,bein_richtung=auto,22.068396501490906,18.582443844865693,2.9396869752368993,docs/audit-nacharbeit-2026-10/A7-runs/R0-S0-V019.json,2026-01-18T20:00:00+00:00,2026-05-24T14:14:34.420000+00:00,2026-05-24T14:14:34.420000+00:00,2026-09-27T08:29:08.840000+00:00,bedingtes Spotmodell; getrennte Frischstarts,2026-01-18T20:00:00+00:00,2026-09-27T08:29:08.840000+00:00
A7/A8,kausal S1,R0,V019,bein_richtung=auto,16.94603692976171,,,docs/audit-nacharbeit-2026-10/A7-runs/R0-S1-V019.json,,,,,bedingtes Spotmodell; Hälften nur in S0 gerechnet,2026-01-18T20:00:00+00:00,2026-09-27T08:29:08.840000+00:00
A7/A8,kausal S2,R0,V019,bein_richtung=auto,-1.4710180567139797,,,docs/audit-nacharbeit-2026-10/A7-runs/R0-S2-V019.json,,,,,bedingtes Spotmodell; Hälften nur in S0 gerechnet,2026-01-18T20:00:00+00:00,2026-09-27T08:29:08.840000+00:00
A7/A8,kausal S3,R0,V019,bein_richtung=auto,16.392869203951044,,,docs/audit-nacharbeit-2026-10/A7-runs/R0-S3-V019.json,,,,,bedingtes Spotmodell; Hälften nur in S0 gerechnet,2026-01-18T20:00:00+00:00,2026-09-27T08:29:08.840000+00:00
A7/A8,kausal S4,R0,V019,bein_richtung=auto,-1.0121557621953992,,,docs/audit-nacharbeit-2026-10/A7-runs/R0-S4-V019.json,,,,,bedingtes Spotmodell; Hälften nur in S0 gerechnet,2026-01-18T20:00:00+00:00,2026-09-27T08:29:08.840000+00:00
A7/A8,Level-Diagnose korrigiert,R0,V019,bein_richtung=auto,24.430071142651833,19.564180850361534,4.069688980163777,docs/audit-nacharbeit-2026-10/A7-legacy/R0-V019.json,2026-01-18T20:00:00+00:00,2026-05-24T14:14:34.420000+00:00,2026-05-24T14:14:34.420000+00:00,2026-09-27T08:29:08.840000+00:00,retrospektiv; keine historische Orderausführung bewiesen,,
A7/A8,kausal S0,R1,V019,bein_richtung=auto,21.729252002746335,18.582443844865693,2.6536880636372384,docs/audit-nacharbeit-2026-10/A7-runs/R1-S0-V019.json,2026-01-18T20:00:00+00:00,2026-05-25T16:00:00+00:00,2026-05-25T16:00:00+00:00,2026-09-29T12:00:00+00:00,bedingtes Spotmodell; getrennte Frischstarts,2026-01-18T20:00:00+00:00,2026-09-29T12:00:00+00:00
A7/A8,kausal S1,R1,V019,bein_richtung=auto,16.598440547878447,,,docs/audit-nacharbeit-2026-10/A7-runs/R1-S1-V019.json,,,,,bedingtes Spotmodell; Hälften nur in S0 gerechnet,2026-01-18T20:00:00+00:00,2026-09-29T12:00:00+00:00
A7/A8,kausal S2,R1,V019,bein_richtung=auto,-1.8401854316810518,,,docs/audit-nacharbeit-2026-10/A7-runs/R1-S2-V019.json,,,,,bedingtes Spotmodell; Hälften nur in S0 gerechnet,2026-01-18T20:00:00+00:00,2026-09-29T12:00:00+00:00
A7/A8,kausal S3,R1,V019,bein_richtung=auto,15.990220776753628,,,docs/audit-nacharbeit-2026-10/A7-runs/R1-S3-V019.json,,,,,bedingtes Spotmodell; Hälften nur in S0 gerechnet,2026-01-18T20:00:00+00:00,2026-09-29T12:00:00+00:00
A7/A8,kausal S4,R1,V019,bein_richtung=auto,-1.4309384880339726,,,docs/audit-nacharbeit-2026-10/A7-runs/R1-S4-V019.json,,,,,bedingtes Spotmodell; Hälften nur in S0 gerechnet,2026-01-18T20:00:00+00:00,2026-09-29T12:00:00+00:00
A7/A8,Level-Diagnose korrigiert,R1,V019,bein_richtung=auto,24.083947635542913,19.564180850361534,3.7802013554862013,docs/audit-nacharbeit-2026-10/A7-legacy/R1-V019.json,2026-01-18T20:00:00+00:00,2026-05-25T16:00:00+00:00,2026-05-25T16:00:00+00:00,2026-09-29T12:00:00+00:00,retrospektiv; keine historische Orderausführung bewiesen,,
Originalaudit,Level-Diagnose,R0,V020,zonen_nachziehen=false,30.554040197007982,17.132128397946268,11.458779058007051,ccf2b01c0578346f325261e72445b7375a9ac706:docs/audit-2026-09-27/grid/V020.json,2026-01-18T20:00:00+00:00,2026-05-24T14:14:34.420000+00:00,2026-05-24T14:14:34.420000+00:00,2026-09-27T08:29:08.840000+00:00,retrospektiv; keine historische Orderausführung bewiesen,,
A7/A8,kausal S0,R0,V020,zonen_nachziehen=false,29.271085039498622,17.672692373890285,9.85648618351993,docs/audit-nacharbeit-2026-10/A7-runs/R0-S0-V020.json,2026-01-18T20:00:00+00:00,2026-05-24T14:14:34.420000+00:00,2026-05-24T14:14:34.420000+00:00,2026-09-27T08:29:08.840000+00:00,bedingtes Spotmodell; getrennte Frischstarts,2026-01-18T20:00:00+00:00,2026-09-27T08:29:08.840000+00:00
A7/A8,kausal S1,R0,V020,zonen_nachziehen=false,24.066619192017047,,,docs/audit-nacharbeit-2026-10/A7-runs/R0-S1-V020.json,,,,,bedingtes Spotmodell; Hälften nur in S0 gerechnet,2026-01-18T20:00:00+00:00,2026-09-27T08:29:08.840000+00:00
A7/A8,kausal S2,R0,V020,zonen_nachziehen=false,5.271650394225502,,,docs/audit-nacharbeit-2026-10/A7-runs/R0-S2-V020.json,,,,,bedingtes Spotmodell; Hälften nur in S0 gerechnet,2026-01-18T20:00:00+00:00,2026-09-27T08:29:08.840000+00:00
A7/A8,kausal S3,R0,V020,zonen_nachziehen=false,22.47249064196084,,,docs/audit-nacharbeit-2026-10/A7-runs/R0-S3-V020.json,,,,,bedingtes Spotmodell; Hälften nur in S0 gerechnet,2026-01-18T20:00:00+00:00,2026-09-27T08:29:08.840000+00:00
A7/A8,kausal S4,R0,V020,zonen_nachziehen=false,5.37905823064706,,,docs/audit-nacharbeit-2026-10/A7-runs/R0-S4-V020.json,,,,,bedingtes Spotmodell; Hälften nur in S0 gerechnet,2026-01-18T20:00:00+00:00,2026-09-27T08:29:08.840000+00:00
A7/A8,Level-Diagnose korrigiert,R0,V020,zonen_nachziehen=false,28.913318692815526,16.583954373082467,10.575524210027831,docs/audit-nacharbeit-2026-10/A7-legacy/R0-V020.json,2026-01-18T20:00:00+00:00,2026-05-24T14:14:34.420000+00:00,2026-05-24T14:14:34.420000+00:00,2026-09-27T08:29:08.840000+00:00,retrospektiv; keine historische Orderausführung bewiesen,,
A7/A8,kausal S0,R1,V020,zonen_nachziehen=false,28.91192920068697,17.672692373890285,9.551270222564012,docs/audit-nacharbeit-2026-10/A7-runs/R1-S0-V020.json,2026-01-18T20:00:00+00:00,2026-05-25T16:00:00+00:00,2026-05-25T16:00:00+00:00,2026-09-29T12:00:00+00:00,bedingtes Spotmodell; getrennte Frischstarts,2026-01-18T20:00:00+00:00,2026-09-29T12:00:00+00:00
A7/A8,kausal S1,R1,V020,zonen_nachziehen=false,23.697858444959508,,,docs/audit-nacharbeit-2026-10/A7-runs/R1-S1-V020.json,,,,,bedingtes Spotmodell; Hälften nur in S0 gerechnet,2026-01-18T20:00:00+00:00,2026-09-29T12:00:00+00:00
A7/A8,kausal S2,R1,V020,zonen_nachziehen=false,4.877219658537424,,,docs/audit-nacharbeit-2026-10/A7-runs/R1-S2-V020.json,,,,,bedingtes Spotmodell; Hälften nur in S0 gerechnet,2026-01-18T20:00:00+00:00,2026-09-29T12:00:00+00:00
A7/A8,kausal S3,R1,V020,zonen_nachziehen=false,22.048810427964895,,,docs/audit-nacharbeit-2026-10/A7-runs/R1-S3-V020.json,,,,,bedingtes Spotmodell; Hälften nur in S0 gerechnet,2026-01-18T20:00:00+00:00,2026-09-29T12:00:00+00:00
A7/A8,kausal S4,R1,V020,zonen_nachziehen=false,4.9332365280740476,,,docs/audit-nacharbeit-2026-10/A7-runs/R1-S4-V020.json,,,,,bedingtes Spotmodell; Hälften nur in S0 gerechnet,2026-01-18T20:00:00+00:00,2026-09-29T12:00:00+00:00
A7/A8,Level-Diagnose korrigiert,R1,V020,zonen_nachziehen=false,28.554724266490304,16.583954373082467,10.267939492856826,docs/audit-nacharbeit-2026-10/A7-legacy/R1-V020.json,2026-01-18T20:00:00+00:00,2026-05-25T16:00:00+00:00,2026-05-25T16:00:00+00:00,2026-09-29T12:00:00+00:00,retrospektiv; keine historische Orderausführung bewiesen,,
Originalaudit,Level-Diagnose,R0,V021,"flush_entry=off, buy_ladder=false, liq_entry=off",20.13080676693273,15.620254778280529,3.9011780395242113,ccf2b01c0578346f325261e72445b7375a9ac706:docs/audit-2026-09-27/grid/V021.json,2026-01-18T20:00:00+00:00,2026-05-24T14:14:34.420000+00:00,2026-05-24T14:14:34.420000+00:00,2026-09-27T08:29:08.840000+00:00,retrospektiv; keine historische Orderausführung bewiesen,,
A7/A8,kausal S0,R0,V021,"flush_entry=off, buy_ladder=false, liq_entry=off",13.805434505797143,13.92967740132718,-0.10905226659455591,docs/audit-nacharbeit-2026-10/A7-runs/R0-S0-V021.json,2026-01-18T20:00:00+00:00,2026-05-24T14:14:34.420000+00:00,2026-05-24T14:14:34.420000+00:00,2026-09-27T08:29:08.840000+00:00,bedingtes Spotmodell; getrennte Frischstarts,2026-01-18T20:00:00+00:00,2026-09-27T08:29:08.840000+00:00
A7/A8,kausal S1,R0,V021,"flush_entry=off, buy_ladder=false, liq_entry=off",11.24367312491026,,,docs/audit-nacharbeit-2026-10/A7-runs/R0-S1-V021.json,,,,,bedingtes Spotmodell; Hälften nur in S0 gerechnet,2026-01-18T20:00:00+00:00,2026-09-27T08:29:08.840000+00:00
A7/A8,kausal S2,R0,V021,"flush_entry=off, buy_ladder=false, liq_entry=off",1.5712470462434514,,,docs/audit-nacharbeit-2026-10/A7-runs/R0-S2-V021.json,,,,,bedingtes Spotmodell; Hälften nur in S0 gerechnet,2026-01-18T20:00:00+00:00,2026-09-27T08:29:08.840000+00:00
A7/A8,kausal S3,R0,V021,"flush_entry=off, buy_ladder=false, liq_entry=off",7.28134804597329,,,docs/audit-nacharbeit-2026-10/A7-runs/R0-S3-V021.json,,,,,bedingtes Spotmodell; Hälften nur in S0 gerechnet,2026-01-18T20:00:00+00:00,2026-09-27T08:29:08.840000+00:00
A7/A8,kausal S4,R0,V021,"flush_entry=off, buy_ladder=false, liq_entry=off",-1.8533749965556456,,,docs/audit-nacharbeit-2026-10/A7-runs/R0-S4-V021.json,,,,,bedingtes Spotmodell; Hälften nur in S0 gerechnet,2026-01-18T20:00:00+00:00,2026-09-27T08:29:08.840000+00:00
A7/A8,Level-Diagnose korrigiert,R0,V021,"flush_entry=off, buy_ladder=false, liq_entry=off",20.872916170381227,16.529940709421865,3.726918107500765,docs/audit-nacharbeit-2026-10/A7-legacy/R0-V021.json,2026-01-18T20:00:00+00:00,2026-05-24T14:14:34.420000+00:00,2026-05-24T14:14:34.420000+00:00,2026-09-27T08:29:08.840000+00:00,retrospektiv; keine historische Orderausführung bewiesen,,
A7/A8,kausal S0,R1,V021,"flush_entry=off, buy_ladder=false, liq_entry=off",13.683901500742879,13.92967740132718,-0.2157259690278246,docs/audit-nacharbeit-2026-10/A7-runs/R1-S0-V021.json,2026-01-18T20:00:00+00:00,2026-05-25T16:00:00+00:00,2026-05-25T16:00:00+00:00,2026-09-29T12:00:00+00:00,bedingtes Spotmodell; getrennte Frischstarts,2026-01-18T20:00:00+00:00,2026-09-29T12:00:00+00:00
A7/A8,kausal S1,R1,V021,"flush_entry=off, buy_ladder=false, liq_entry=off",11.116633072536253,,,docs/audit-nacharbeit-2026-10/A7-runs/R1-S1-V021.json,,,,,bedingtes Spotmodell; Hälften nur in S0 gerechnet,2026-01-18T20:00:00+00:00,2026-09-29T12:00:00+00:00
A7/A8,kausal S2,R1,V021,"flush_entry=off, buy_ladder=false, liq_entry=off",1.4252610344857919,,,docs/audit-nacharbeit-2026-10/A7-runs/R1-S2-V021.json,,,,,bedingtes Spotmodell; Hälften nur in S0 gerechnet,2026-01-18T20:00:00+00:00,2026-09-29T12:00:00+00:00
A7/A8,kausal S3,R1,V021,"flush_entry=off, buy_ladder=false, liq_entry=off",7.138490437377509,,,docs/audit-nacharbeit-2026-10/A7-runs/R1-S3-V021.json,,,,,bedingtes Spotmodell; Hälften nur in S0 gerechnet,2026-01-18T20:00:00+00:00,2026-09-29T12:00:00+00:00
A7/A8,kausal S4,R1,V021,"flush_entry=off, buy_ladder=false, liq_entry=off",-2.0129513974322277,,,docs/audit-nacharbeit-2026-10/A7-runs/R1-S4-V021.json,,,,,bedingtes Spotmodell; Hälften nur in S0 gerechnet,2026-01-18T20:00:00+00:00,2026-09-29T12:00:00+00:00
A7/A8,Level-Diagnose korrigiert,R1,V021,"flush_entry=off, buy_ladder=false, liq_entry=off",20.742962610495642,16.529940709421865,3.6153986481288314,docs/audit-nacharbeit-2026-10/A7-legacy/R1-V021.json,2026-01-18T20:00:00+00:00,2026-05-25T16:00:00+00:00,2026-05-25T16:00:00+00:00,2026-09-29T12:00:00+00:00,retrospektiv; keine historische Orderausführung bewiesen,,
Originalaudit,Level-Diagnose,R0,V022,"flush_entry=off, buy_ladder=false",20.185152147584006,15.86988554728217,3.7242348000257497,ccf2b01c0578346f325261e72445b7375a9ac706:docs/audit-2026-09-27/grid/V022.json,2026-01-18T20:00:00+00:00,2026-05-24T14:14:34.420000+00:00,2026-05-24T14:14:34.420000+00:00,2026-09-27T08:29:08.840000+00:00,retrospektiv; keine historische Orderausführung bewiesen,,
A7/A8,kausal S0,R0,V022,"flush_entry=off, buy_ladder=false",14.995482216584621,15.175334989072287,-0.15615563219733009,docs/audit-nacharbeit-2026-10/A7-runs/R0-S0-V022.json,2026-01-18T20:00:00+00:00,2026-05-24T14:14:34.420000+00:00,2026-05-24T14:14:34.420000+00:00,2026-09-27T08:29:08.840000+00:00,bedingtes Spotmodell; getrennte Frischstarts,2026-01-18T20:00:00+00:00,2026-09-27T08:29:08.840000+00:00
A7/A8,kausal S1,R0,V022,"flush_entry=off, buy_ladder=false",11.400746011419516,,,docs/audit-nacharbeit-2026-10/A7-runs/R0-S1-V022.json,,,,,bedingtes Spotmodell; Hälften nur in S0 gerechnet,2026-01-18T20:00:00+00:00,2026-09-27T08:29:08.840000+00:00
A7/A8,kausal S2,R0,V022,"flush_entry=off, buy_ladder=false",-1.8834136409125124,,,docs/audit-nacharbeit-2026-10/A7-runs/R0-S2-V022.json,,,,,bedingtes Spotmodell; Hälften nur in S0 gerechnet,2026-01-18T20:00:00+00:00,2026-09-27T08:29:08.840000+00:00
A7/A8,kausal S3,R0,V022,"flush_entry=off, buy_ladder=false",9.509962462064347,,,docs/audit-nacharbeit-2026-10/A7-runs/R0-S3-V022.json,,,,,bedingtes Spotmodell; Hälften nur in S0 gerechnet,2026-01-18T20:00:00+00:00,2026-09-27T08:29:08.840000+00:00
A7/A8,kausal S4,R0,V022,"flush_entry=off, buy_ladder=false",-2.7459792315385534,,,docs/audit-nacharbeit-2026-10/A7-runs/R0-S4-V022.json,,,,,bedingtes Spotmodell; Hälften nur in S0 gerechnet,2026-01-18T20:00:00+00:00,2026-09-27T08:29:08.840000+00:00
A7/A8,Level-Diagnose korrigiert,R0,V022,"flush_entry=off, buy_ladder=false",20.305943689455887,16.58871523105323,3.188326118043139,docs/audit-nacharbeit-2026-10/A7-legacy/R0-V022.json,2026-01-18T20:00:00+00:00,2026-05-24T14:14:34.420000+00:00,2026-05-24T14:14:34.420000+00:00,2026-09-27T08:29:08.840000+00:00,retrospektiv; keine historische Orderausführung bewiesen,,
A7/A8,kausal S0,R1,V022,"flush_entry=off, buy_ladder=false",14.675988504108783,15.175334989072287,-0.4335533167850514,docs/audit-nacharbeit-2026-10/A7-runs/R1-S0-V022.json,2026-01-18T20:00:00+00:00,2026-05-25T16:00:00+00:00,2026-05-25T16:00:00+00:00,2026-09-29T12:00:00+00:00,bedingtes Spotmodell; getrennte Frischstarts,2026-01-18T20:00:00+00:00,2026-09-29T12:00:00+00:00
A7/A8,kausal S1,R1,V022,"flush_entry=off, buy_ladder=false",11.06963178754954,,,docs/audit-nacharbeit-2026-10/A7-runs/R1-S1-V022.json,,,,,bedingtes Spotmodell; Hälften nur in S0 gerechnet,2026-01-18T20:00:00+00:00,2026-09-29T12:00:00+00:00
A7/A8,kausal S2,R1,V022,"flush_entry=off, buy_ladder=false",-2.2510358563512245,,,docs/audit-nacharbeit-2026-10/A7-runs/R1-S2-V022.json,,,,,bedingtes Spotmodell; Hälften nur in S0 gerechnet,2026-01-18T20:00:00+00:00,2026-09-29T12:00:00+00:00
A7/A8,kausal S3,R1,V022,"flush_entry=off, buy_ladder=false",9.131124699498884,,,docs/audit-nacharbeit-2026-10/A7-runs/R1-S3-V022.json,,,,,bedingtes Spotmodell; Hälften nur in S0 gerechnet,2026-01-18T20:00:00+00:00,2026-09-29T12:00:00+00:00
A7/A8,kausal S4,R1,V022,"flush_entry=off, buy_ladder=false",-3.157426760573856,,,docs/audit-nacharbeit-2026-10/A7-runs/R1-S4-V022.json,,,,,bedingtes Spotmodell; Hälften nur in S0 gerechnet,2026-01-18T20:00:00+00:00,2026-09-29T12:00:00+00:00
A7/A8,Level-Diagnose korrigiert,R1,V022,"flush_entry=off, buy_ladder=false",19.971292147642483,16.58871523105323,2.9012901547852854,docs/audit-nacharbeit-2026-10/A7-legacy/R1-V022.json,2026-01-18T20:00:00+00:00,2026-05-25T16:00:00+00:00,2026-05-25T16:00:00+00:00,2026-09-29T12:00:00+00:00,retrospektiv; keine historische Orderausführung bewiesen,,
Originalaudit,Level-Diagnose,R0,V023,"buy_ladder=false, liq_entry=off",31.37586037301343,21.06907719016471,8.513142597642664,ccf2b01c0578346f325261e72445b7375a9ac706:docs/audit-2026-09-27/grid/V023.json,2026-01-18T20:00:00+00:00,2026-05-24T14:14:34.420000+00:00,2026-05-24T14:14:34.420000+00:00,2026-09-27T08:29:08.840000+00:00,retrospektiv; keine historische Orderausführung bewiesen,,
A7/A8,kausal S0,R0,V023,"buy_ladder=false, liq_entry=off",28.781154817361234,18.888417541126557,8.321026960269307,docs/audit-nacharbeit-2026-10/A7-runs/R0-S0-V023.json,2026-01-18T20:00:00+00:00,2026-05-24T14:14:34.420000+00:00,2026-05-24T14:14:34.420000+00:00,2026-09-27T08:29:08.840000+00:00,bedingtes Spotmodell; getrennte Frischstarts,2026-01-18T20:00:00+00:00,2026-09-27T08:29:08.840000+00:00
A7/A8,kausal S1,R0,V023,"buy_ladder=false, liq_entry=off",24.937368863973553,,,docs/audit-nacharbeit-2026-10/A7-runs/R0-S1-V023.json,,,,,bedingtes Spotmodell; Hälften nur in S0 gerechnet,2026-01-18T20:00:00+00:00,2026-09-27T08:29:08.840000+00:00
A7/A8,kausal S2,R0,V023,"buy_ladder=false, liq_entry=off",10.691523430527038,,,docs/audit-nacharbeit-2026-10/A7-runs/R0-S2-V023.json,,,,,bedingtes Spotmodell; Hälften nur in S0 gerechnet,2026-01-18T20:00:00+00:00,2026-09-27T08:29:08.840000+00:00
A7/A8,kausal S3,R0,V023,"buy_ladder=false, liq_entry=off",21.58261980800038,,,docs/audit-nacharbeit-2026-10/A7-runs/R0-S3-V023.json,,,,,bedingtes Spotmodell; Hälften nur in S0 gerechnet,2026-01-18T20:00:00+00:00,2026-09-27T08:29:08.840000+00:00
A7/A8,kausal S4,R0,V023,"buy_ladder=false, liq_entry=off",8.151612128409313,,,docs/audit-nacharbeit-2026-10/A7-runs/R0-S4-V023.json,,,,,bedingtes Spotmodell; Hälften nur in S0 gerechnet,2026-01-18T20:00:00+00:00,2026-09-27T08:29:08.840000+00:00
A7/A8,Level-Diagnose korrigiert,R0,V023,"buy_ladder=false, liq_entry=off",30.69145991358142,20.6407047170295,8.331147617320855,docs/audit-nacharbeit-2026-10/A7-legacy/R0-V023.json,2026-01-18T20:00:00+00:00,2026-05-24T14:14:34.420000+00:00,2026-05-24T14:14:34.420000+00:00,2026-09-27T08:29:08.840000+00:00,retrospektiv; keine historische Orderausführung bewiesen,,
A7/A8,kausal S0,R1,V023,"buy_ladder=false, liq_entry=off",28.643629216696542,18.888417541126557,8.205350762781794,docs/audit-nacharbeit-2026-10/A7-runs/R1-S0-V023.json,2026-01-18T20:00:00+00:00,2026-05-25T16:00:00+00:00,2026-05-25T16:00:00+00:00,2026-09-29T12:00:00+00:00,bedingtes Spotmodell; getrennte Frischstarts,2026-01-18T20:00:00+00:00,2026-09-29T12:00:00+00:00
A7/A8,kausal S1,R1,V023,"buy_ladder=false, liq_entry=off",24.794690638434112,,,docs/audit-nacharbeit-2026-10/A7-runs/R1-S1-V023.json,,,,,bedingtes Spotmodell; Hälften nur in S0 gerechnet,2026-01-18T20:00:00+00:00,2026-09-29T12:00:00+00:00
A7/A8,kausal S2,R1,V023,"buy_ladder=false, liq_entry=off",10.532429055780955,,,docs/audit-nacharbeit-2026-10/A7-runs/R1-S2-V023.json,,,,,bedingtes Spotmodell; Hälften nur in S0 gerechnet,2026-01-18T20:00:00+00:00,2026-09-29T12:00:00+00:00
A7/A8,kausal S3,R1,V023,"buy_ladder=false, liq_entry=off",21.420718390569114,,,docs/audit-nacharbeit-2026-10/A7-runs/R1-S3-V023.json,,,,,bedingtes Spotmodell; Hälften nur in S0 gerechnet,2026-01-18T20:00:00+00:00,2026-09-29T12:00:00+00:00
A7/A8,kausal S4,R1,V023,"buy_ladder=false, liq_entry=off",7.975768639019387,,,docs/audit-nacharbeit-2026-10/A7-runs/R1-S4-V023.json,,,,,bedingtes Spotmodell; Hälften nur in S0 gerechnet,2026-01-18T20:00:00+00:00,2026-09-29T12:00:00+00:00
A7/A8,Level-Diagnose korrigiert,R1,V023,"buy_ladder=false, liq_entry=off",30.550950186501822,20.6407047170295,8.214678033187383,docs/audit-nacharbeit-2026-10/A7-legacy/R1-V023.json,2026-01-18T20:00:00+00:00,2026-05-25T16:00:00+00:00,2026-05-25T16:00:00+00:00,2026-09-29T12:00:00+00:00,retrospektiv; keine historische Orderausführung bewiesen,,
Originalaudit,Level-Diagnose,R0,V024,buy_ladder=false,35.78198030174069,23.440297867490536,9.998098390445076,ccf2b01c0578346f325261e72445b7375a9ac706:docs/audit-2026-09-27/grid/V024.json,2026-01-18T20:00:00+00:00,2026-05-24T14:14:34.420000+00:00,2026-05-24T14:14:34.420000+00:00,2026-09-27T08:29:08.840000+00:00,retrospektiv; keine historische Orderausführung bewiesen,,
A7/A8,kausal S0,R0,V024,buy_ladder=false,34.01690031029547,23.165393158936844,8.810516390229385,docs/audit-nacharbeit-2026-10/A7-runs/R0-S0-V024.json,2026-01-18T20:00:00+00:00,2026-05-24T14:14:34.420000+00:00,2026-05-24T14:14:34.420000+00:00,2026-09-27T08:29:08.840000+00:00,bedingtes Spotmodell; getrennte Frischstarts,2026-01-18T20:00:00+00:00,2026-09-27T08:29:08.840000+00:00
A7/A8,kausal S1,R0,V024,buy_ladder=false,28.613971350831125,,,docs/audit-nacharbeit-2026-10/A7-runs/R0-S1-V024.json,,,,,bedingtes Spotmodell; Hälften nur in S0 gerechnet,2026-01-18T20:00:00+00:00,2026-09-27T08:29:08.840000+00:00
A7/A8,kausal S2,R0,V024,buy_ladder=false,9.101777169739034,,,docs/audit-nacharbeit-2026-10/A7-runs/R0-S2-V024.json,,,,,bedingtes Spotmodell; Hälften nur in S0 gerechnet,2026-01-18T20:00:00+00:00,2026-09-27T08:29:08.840000+00:00
A7/A8,kausal S3,R0,V024,buy_ladder=false,25.99784489332,,,docs/audit-nacharbeit-2026-10/A7-runs/R0-S3-V024.json,,,,,bedingtes Spotmodell; Hälften nur in S0 gerechnet,2026-01-18T20:00:00+00:00,2026-09-27T08:29:08.840000+00:00
A7/A8,kausal S4,R0,V024,buy_ladder=false,7.8867331815467345,,,docs/audit-nacharbeit-2026-10/A7-runs/R0-S4-V024.json,,,,,bedingtes Spotmodell; Hälften nur in S0 gerechnet,2026-01-18T20:00:00+00:00,2026-09-27T08:29:08.840000+00:00
A7/A8,Level-Diagnose korrigiert,R0,V024,buy_ladder=false,34.6043963917569,23.005275953058522,9.42977473838187,docs/audit-nacharbeit-2026-10/A7-legacy/R0-V024.json,2026-01-18T20:00:00+00:00,2026-05-24T14:14:34.420000+00:00,2026-05-24T14:14:34.420000+00:00,2026-09-27T08:29:08.840000+00:00,retrospektiv; keine historische Orderausführung bewiesen,,
A7/A8,kausal S0,R1,V024,buy_ladder=false,33.6445591001078,23.165393158936844,8.50820646319721,docs/audit-nacharbeit-2026-10/A7-runs/R1-S0-V024.json,2026-01-18T20:00:00+00:00,2026-05-25T16:00:00+00:00,2026-05-25T16:00:00+00:00,2026-09-29T12:00:00+00:00,bedingtes Spotmodell; getrennte Frischstarts,2026-01-18T20:00:00+00:00,2026-09-29T12:00:00+00:00
A7/A8,kausal S1,R1,V024,buy_ladder=false,28.23169459930648,,,docs/audit-nacharbeit-2026-10/A7-runs/R1-S1-V024.json,,,,,bedingtes Spotmodell; Hälften nur in S0 gerechnet,2026-01-18T20:00:00+00:00,2026-09-29T12:00:00+00:00
A7/A8,kausal S2,R1,V024,buy_ladder=false,8.692995754488253,,,docs/audit-nacharbeit-2026-10/A7-runs/R1-S2-V024.json,,,,,bedingtes Spotmodell; Hälften nur in S0 gerechnet,2026-01-18T20:00:00+00:00,2026-09-29T12:00:00+00:00
A7/A8,kausal S3,R1,V024,buy_ladder=false,25.561969101069693,,,docs/audit-nacharbeit-2026-10/A7-runs/R1-S3-V024.json,,,,,bedingtes Spotmodell; Hälften nur in S0 gerechnet,2026-01-18T20:00:00+00:00,2026-09-29T12:00:00+00:00
A7/A8,kausal S4,R1,V024,buy_ladder=false,7.430302388943089,,,docs/audit-nacharbeit-2026-10/A7-runs/R1-S4-V024.json,,,,,bedingtes Spotmodell; Hälften nur in S0 gerechnet,2026-01-18T20:00:00+00:00,2026-09-29T12:00:00+00:00
A7/A8,Level-Diagnose korrigiert,R1,V024,buy_ladder=false,34.22997126024685,23.005275953058522,9.12537711916681,docs/audit-nacharbeit-2026-10/A7-legacy/R1-V024.json,2026-01-18T20:00:00+00:00,2026-05-25T16:00:00+00:00,2026-05-25T16:00:00+00:00,2026-09-29T12:00:00+00:00,retrospektiv; keine historische Orderausführung bewiesen,,
Originalaudit,Level-Diagnose,R0,V025,"flush_entry=off, liq_entry=off",26.643147801776635,21.641456748796408,4.1118309387804475,ccf2b01c0578346f325261e72445b7375a9ac706:docs/audit-2026-09-27/grid/V025.json,2026-01-18T20:00:00+00:00,2026-05-24T14:14:34.420000+00:00,2026-05-24T14:14:34.420000+00:00,2026-09-27T08:29:08.840000+00:00,retrospektiv; keine historische Orderausführung bewiesen,,
A7/A8,kausal S0,R0,V025,"flush_entry=off, liq_entry=off",19.114911052661675,19.91641305519336,-0.6683839035134809,docs/audit-nacharbeit-2026-10/A7-runs/R0-S0-V025.json,2026-01-18T20:00:00+00:00,2026-05-24T14:14:34.420000+00:00,2026-05-24T14:14:34.420000+00:00,2026-09-27T08:29:08.840000+00:00,bedingtes Spotmodell; getrennte Frischstarts,2026-01-18T20:00:00+00:00,2026-09-27T08:29:08.840000+00:00
A7/A8,kausal S1,R0,V025,"flush_entry=off, liq_entry=off",15.845043848133722,,,docs/audit-nacharbeit-2026-10/A7-runs/R0-S1-V025.json,,,,,bedingtes Spotmodell; Hälften nur in S0 gerechnet,2026-01-18T20:00:00+00:00,2026-09-27T08:29:08.840000+00:00
A7/A8,kausal S2,R0,V025,"flush_entry=off, liq_entry=off",3.6456235586767027,,,docs/audit-nacharbeit-2026-10/A7-runs/R0-S2-V025.json,,,,,bedingtes Spotmodell; Hälften nur in S0 gerechnet,2026-01-18T20:00:00+00:00,2026-09-27T08:29:08.840000+00:00
A7/A8,kausal S3,R0,V025,"flush_entry=off, liq_entry=off",8.808658774505428,,,docs/audit-nacharbeit-2026-10/A7-runs/R0-S3-V025.json,,,,,bedingtes Spotmodell; Hälften nur in S0 gerechnet,2026-01-18T20:00:00+00:00,2026-09-27T08:29:08.840000+00:00
A7/A8,kausal S4,R0,V025,"flush_entry=off, liq_entry=off",-1.6636160083292273,,,docs/audit-nacharbeit-2026-10/A7-runs/R0-S4-V025.json,,,,,bedingtes Spotmodell; Hälften nur in S0 gerechnet,2026-01-18T20:00:00+00:00,2026-09-27T08:29:08.840000+00:00
A7/A8,Level-Diagnose korrigiert,R0,V025,"flush_entry=off, liq_entry=off",26.39733711457484,21.900906151764854,3.688595191582933,docs/audit-nacharbeit-2026-10/A7-legacy/R0-V025.json,2026-01-18T20:00:00+00:00,2026-05-24T14:14:34.420000+00:00,2026-05-24T14:14:34.420000+00:00,2026-09-27T08:29:08.840000+00:00,retrospektiv; keine historische Orderausführung bewiesen,,
A7/A8,kausal S0,R1,V025,"flush_entry=off, liq_entry=off",18.98770804913319,19.91641305519336,-0.7744602947994061,docs/audit-nacharbeit-2026-10/A7-runs/R1-S0-V025.json,2026-01-18T20:00:00+00:00,2026-05-25T16:00:00+00:00,2026-05-25T16:00:00+00:00,2026-09-29T12:00:00+00:00,bedingtes Spotmodell; getrennte Frischstarts,2026-01-18T20:00:00+00:00,2026-09-29T12:00:00+00:00
A7/A8,kausal S1,R1,V025,"flush_entry=off, liq_entry=off",15.712749039590213,,,docs/audit-nacharbeit-2026-10/A7-runs/R1-S1-V025.json,,,,,bedingtes Spotmodell; Hälften nur in S0 gerechnet,2026-01-18T20:00:00+00:00,2026-09-29T12:00:00+00:00
A7/A8,kausal S2,R1,V025,"flush_entry=off, liq_entry=off",3.4966560933803903,,,docs/audit-nacharbeit-2026-10/A7-runs/R1-S2-V025.json,,,,,bedingtes Spotmodell; Hälften nur in S0 gerechnet,2026-01-18T20:00:00+00:00,2026-09-29T12:00:00+00:00
A7/A8,kausal S3,R1,V025,"flush_entry=off, liq_entry=off",8.66376737380845,,,docs/audit-nacharbeit-2026-10/A7-runs/R1-S3-V025.json,,,,,bedingtes Spotmodell; Hälften nur in S0 gerechnet,2026-01-18T20:00:00+00:00,2026-09-29T12:00:00+00:00
A7/A8,kausal S4,R1,V025,"flush_entry=off, liq_entry=off",-1.8235009379644396,,,docs/audit-nacharbeit-2026-10/A7-runs/R1-S4-V025.json,,,,,bedingtes Spotmodell; Hälften nur in S0 gerechnet,2026-01-18T20:00:00+00:00,2026-09-29T12:00:00+00:00
A7/A8,Level-Diagnose korrigiert,R1,V025,"flush_entry=off, liq_entry=off",26.26144410861024,21.900906151764854,3.577116934156832,docs/audit-nacharbeit-2026-10/A7-legacy/R1-V025.json,2026-01-18T20:00:00+00:00,2026-05-25T16:00:00+00:00,2026-05-25T16:00:00+00:00,2026-09-29T12:00:00+00:00,retrospektiv; keine historische Orderausführung bewiesen,,
Originalaudit,Level-Diagnose,R0,V026,flush_entry=off,21.882224327051624,17.636008276500846,3.6096226935634412,ccf2b01c0578346f325261e72445b7375a9ac706:docs/audit-2026-09-27/grid/V026.json,2026-01-18T20:00:00+00:00,2026-05-24T14:14:34.420000+00:00,2026-05-24T14:14:34.420000+00:00,2026-09-27T08:29:08.840000+00:00,retrospektiv; keine historische Orderausführung bewiesen,,
A7/A8,kausal S0,R0,V026,flush_entry=off,17.63177289856688,17.53286463341275,0.08415370923073873,docs/audit-nacharbeit-2026-10/A7-runs/R0-S0-V026.json,2026-01-18T20:00:00+00:00,2026-05-24T14:14:34.420000+00:00,2026-05-24T14:14:34.420000+00:00,2026-09-27T08:29:08.840000+00:00,bedingtes Spotmodell; getrennte Frischstarts,2026-01-18T20:00:00+00:00,2026-09-27T08:29:08.840000+00:00
A7/A8,kausal S1,R0,V026,flush_entry=off,13.656503212609362,,,docs/audit-nacharbeit-2026-10/A7-runs/R0-S1-V026.json,,,,,bedingtes Spotmodell; Hälften nur in S0 gerechnet,2026-01-18T20:00:00+00:00,2026-09-27T08:29:08.840000+00:00
A7/A8,kausal S2,R0,V026,flush_entry=off,-0.9411745014980766,,,docs/audit-nacharbeit-2026-10/A7-runs/R0-S2-V026.json,,,,,bedingtes Spotmodell; Hälften nur in S0 gerechnet,2026-01-18T20:00:00+00:00,2026-09-27T08:29:08.840000+00:00
A7/A8,kausal S3,R0,V026,flush_entry=off,10.552258903807598,,,docs/audit-nacharbeit-2026-10/A7-runs/R0-S3-V026.json,,,,,bedingtes Spotmodell; Hälften nur in S0 gerechnet,2026-01-18T20:00:00+00:00,2026-09-27T08:29:08.840000+00:00
A7/A8,kausal S4,R0,V026,flush_entry=off,-2.501284228268996,,,docs/audit-nacharbeit-2026-10/A7-runs/R0-S4-V026.json,,,,,bedingtes Spotmodell; Hälften nur in S0 gerechnet,2026-01-18T20:00:00+00:00,2026-09-27T08:29:08.840000+00:00
A7/A8,Level-Diagnose korrigiert,R0,V026,flush_entry=off,21.72418226541708,18.421906326598105,2.7885684678234712,docs/audit-nacharbeit-2026-10/A7-legacy/R0-V026.json,2026-01-18T20:00:00+00:00,2026-05-24T14:14:34.420000+00:00,2026-05-24T14:14:34.420000+00:00,2026-09-27T08:29:08.840000+00:00,retrospektiv; keine historische Orderausführung bewiesen,,
A7/A8,kausal S0,R1,V026,flush_entry=off,17.30495473924394,17.53286463341275,-0.19391163048703142,docs/audit-nacharbeit-2026-10/A7-runs/R1-S0-V026.json,2026-01-18T20:00:00+00:00,2026-05-25T16:00:00+00:00,2026-05-25T16:00:00+00:00,2026-09-29T12:00:00+00:00,bedingtes Spotmodell; getrennte Frischstarts,2026-01-18T20:00:00+00:00,2026-09-29T12:00:00+00:00
A7/A8,kausal S1,R1,V026,flush_entry=off,13.318684246431523,,,docs/audit-nacharbeit-2026-10/A7-runs/R1-S1-V026.json,,,,,bedingtes Spotmodell; Hälften nur in S0 gerechnet,2026-01-18T20:00:00+00:00,2026-09-29T12:00:00+00:00
A7/A8,kausal S2,R1,V026,flush_entry=off,-1.3123270888418803,,,docs/audit-nacharbeit-2026-10/A7-runs/R1-S2-V026.json,,,,,bedingtes Spotmodell; Hälften nur in S0 gerechnet,2026-01-18T20:00:00+00:00,2026-09-29T12:00:00+00:00
A7/A8,kausal S3,R1,V026,flush_entry=off,10.169815430464402,,,docs/audit-nacharbeit-2026-10/A7-runs/R1-S3-V026.json,,,,,bedingtes Spotmodell; Hälften nur in S0 gerechnet,2026-01-18T20:00:00+00:00,2026-09-29T12:00:00+00:00
A7/A8,kausal S4,R1,V026,flush_entry=off,-2.9137669757319573,,,docs/audit-nacharbeit-2026-10/A7-runs/R1-S4-V026.json,,,,,bedingtes Spotmodell; Hälften nur in S0 gerechnet,2026-01-18T20:00:00+00:00,2026-09-29T12:00:00+00:00
A7/A8,Level-Diagnose korrigiert,R1,V026,flush_entry=off,21.385585650637594,18.421906326598105,2.502644498785478,docs/audit-nacharbeit-2026-10/A7-legacy/R1-V026.json,2026-01-18T20:00:00+00:00,2026-05-25T16:00:00+00:00,2026-05-25T16:00:00+00:00,2026-09-29T12:00:00+00:00,retrospektiv; keine historische Orderausführung bewiesen,,
Originalaudit,Level-Diagnose,R0,V027,liq_entry=off,37.503726180966154,26.589333830032857,8.621889396769955,ccf2b01c0578346f325261e72445b7375a9ac706:docs/audit-2026-09-27/grid/V027.json,2026-01-18T20:00:00+00:00,2026-05-24T14:14:34.420000+00:00,2026-05-24T14:14:34.420000+00:00,2026-09-27T08:29:08.840000+00:00,retrospektiv; keine historische Orderausführung bewiesen,,
A7/A8,kausal S0,R0,V027,liq_entry=off,34.79792247033402,25.486273110362532,7.420452555621004,docs/audit-nacharbeit-2026-10/A7-runs/R0-S0-V027.json,2026-01-18T20:00:00+00:00,2026-05-24T14:14:34.420000+00:00,2026-05-24T14:14:34.420000+00:00,2026-09-27T08:29:08.840000+00:00,bedingtes Spotmodell; getrennte Frischstarts,2026-01-18T20:00:00+00:00,2026-09-27T08:29:08.840000+00:00
A7/A8,kausal S1,R0,V027,liq_entry=off,30.072552784076567,,,docs/audit-nacharbeit-2026-10/A7-runs/R0-S1-V027.json,,,,,bedingtes Spotmodell; Hälften nur in S0 gerechnet,2026-01-18T20:00:00+00:00,2026-09-27T08:29:08.840000+00:00
A7/A8,kausal S2,R0,V027,liq_entry=off,12.783692489140286,,,docs/audit-nacharbeit-2026-10/A7-runs/R0-S2-V027.json,,,,,bedingtes Spotmodell; Hälften nur in S0 gerechnet,2026-01-18T20:00:00+00:00,2026-09-27T08:29:08.840000+00:00
A7/A8,kausal S3,R0,V027,liq_entry=off,24.427147020482522,,,docs/audit-nacharbeit-2026-10/A7-runs/R0-S3-V027.json,,,,,bedingtes Spotmodell; Hälften nur in S0 gerechnet,2026-01-18T20:00:00+00:00,2026-09-27T08:29:08.840000+00:00
A7/A8,kausal S4,R0,V027,liq_entry=off,9.075180771838177,,,docs/audit-nacharbeit-2026-10/A7-runs/R0-S4-V027.json,,,,,bedingtes Spotmodell; Hälften nur in S0 gerechnet,2026-01-18T20:00:00+00:00,2026-09-27T08:29:08.840000+00:00
A7/A8,Level-Diagnose korrigiert,R0,V027,liq_entry=off,36.46020106267285,26.1414293174699,8.180319345544195,docs/audit-nacharbeit-2026-10/A7-legacy/R0-V027.json,2026-01-18T20:00:00+00:00,2026-05-24T14:14:34.420000+00:00,2026-05-24T14:14:34.420000+00:00,2026-09-27T08:29:08.840000+00:00,retrospektiv; keine historische Orderausführung bewiesen,,
A7/A8,kausal S0,R1,V027,liq_entry=off,34.65397155389462,25.486273110362532,7.305738082976854,docs/audit-nacharbeit-2026-10/A7-runs/R1-S0-V027.json,2026-01-18T20:00:00+00:00,2026-05-25T16:00:00+00:00,2026-05-25T16:00:00+00:00,2026-09-29T12:00:00+00:00,bedingtes Spotmodell; getrennte Frischstarts,2026-01-18T20:00:00+00:00,2026-09-29T12:00:00+00:00
A7/A8,kausal S1,R1,V027,liq_entry=off,29.924010188763674,,,docs/audit-nacharbeit-2026-10/A7-runs/R1-S1-V027.json,,,,,bedingtes Spotmodell; Hälften nur in S0 gerechnet,2026-01-18T20:00:00+00:00,2026-09-29T12:00:00+00:00
A7/A8,kausal S2,R1,V027,liq_entry=off,12.621591088039086,,,docs/audit-nacharbeit-2026-10/A7-runs/R1-S2-V027.json,,,,,bedingtes Spotmodell; Hälften nur in S0 gerechnet,2026-01-18T20:00:00+00:00,2026-09-29T12:00:00+00:00
A7/A8,kausal S3,R1,V027,liq_entry=off,24.26145778380251,,,docs/audit-nacharbeit-2026-10/A7-runs/R1-S3-V027.json,,,,,bedingtes Spotmodell; Hälften nur in S0 gerechnet,2026-01-18T20:00:00+00:00,2026-09-29T12:00:00+00:00
A7/A8,kausal S4,R1,V027,liq_entry=off,8.897835654041986,,,docs/audit-nacharbeit-2026-10/A7-runs/R1-S4-V027.json,,,,,bedingtes Spotmodell; Hälften nur in S0 gerechnet,2026-01-18T20:00:00+00:00,2026-09-29T12:00:00+00:00
A7/A8,Level-Diagnose korrigiert,R1,V027,liq_entry=off,36.31348921462079,26.1414293174699,8.064011920738622,docs/audit-nacharbeit-2026-10/A7-legacy/R1-V027.json,2026-01-18T20:00:00+00:00,2026-05-25T16:00:00+00:00,2026-05-25T16:00:00+00:00,2026-09-29T12:00:00+00:00,retrospektiv; keine historische Orderausführung bewiesen,,
Originalaudit,Level-Diagnose,R0,V028,muster_oi=btc,36.130924832553625,23.60972034971367,10.12962770841581,ccf2b01c0578346f325261e72445b7375a9ac706:docs/audit-2026-09-27/grid/V028.json,2026-01-18T20:00:00+00:00,2026-05-24T14:14:34.420000+00:00,2026-05-24T14:14:34.420000+00:00,2026-09-27T08:29:08.840000+00:00,retrospektiv; keine historische Orderausführung bewiesen,,
A7/A8,kausal S0,R0,V028,muster_oi=btc,34.188799077945205,23.83526074095279,8.3607352825386,docs/audit-nacharbeit-2026-10/A7-runs/R0-S0-V028.json,2026-01-18T20:00:00+00:00,2026-05-24T14:14:34.420000+00:00,2026-05-24T14:14:34.420000+00:00,2026-09-27T08:29:08.840000+00:00,bedingtes Spotmodell; getrennte Frischstarts,2026-01-18T20:00:00+00:00,2026-09-27T08:29:08.840000+00:00
A7/A8,kausal S1,R0,V028,muster_oi=btc,28.52006290812501,,,docs/audit-nacharbeit-2026-10/A7-runs/R0-S1-V028.json,,,,,bedingtes Spotmodell; Hälften nur in S0 gerechnet,2026-01-18T20:00:00+00:00,2026-09-27T08:29:08.840000+00:00
A7/A8,kausal S2,R0,V028,muster_oi=btc,8.152962806734143,,,docs/audit-nacharbeit-2026-10/A7-runs/R0-S2-V028.json,,,,,bedingtes Spotmodell; Hälften nur in S0 gerechnet,2026-01-18T20:00:00+00:00,2026-09-27T08:29:08.840000+00:00
A7/A8,kausal S3,R0,V028,muster_oi=btc,27.196895482167594,,,docs/audit-nacharbeit-2026-10/A7-runs/R0-S3-V028.json,,,,,bedingtes Spotmodell; Hälften nur in S0 gerechnet,2026-01-18T20:00:00+00:00,2026-09-27T08:29:08.840000+00:00
A7/A8,kausal S4,R0,V028,muster_oi=btc,8.381438866379076,,,docs/audit-nacharbeit-2026-10/A7-runs/R0-S4-V028.json,,,,,bedingtes Spotmodell; Hälften nur in S0 gerechnet,2026-01-18T20:00:00+00:00,2026-09-27T08:29:08.840000+00:00
A7/A8,Level-Diagnose korrigiert,R0,V028,muster_oi=btc,34.5762117969312,23.174101365331023,9.256905717364926,docs/audit-nacharbeit-2026-10/A7-legacy/R0-V028.json,2026-01-18T20:00:00+00:00,2026-05-24T14:14:34.420000+00:00,2026-05-24T14:14:34.420000+00:00,2026-09-27T08:29:08.840000+00:00,retrospektiv; keine historische Orderausführung bewiesen,,
A7/A8,kausal S0,R1,V028,muster_oi=btc,33.81598027877413,23.83526074095279,8.059674989258347,docs/audit-nacharbeit-2026-10/A7-runs/R1-S0-V028.json,2026-01-18T20:00:00+00:00,2026-05-25T16:00:00+00:00,2026-05-25T16:00:00+00:00,2026-09-29T12:00:00+00:00,bedingtes Spotmodell; getrennte Frischstarts,2026-01-18T20:00:00+00:00,2026-09-29T12:00:00+00:00
A7/A8,kausal S1,R1,V028,muster_oi=btc,28.138065278798674,,,docs/audit-nacharbeit-2026-10/A7-runs/R1-S1-V028.json,,,,,bedingtes Spotmodell; Hälften nur in S0 gerechnet,2026-01-18T20:00:00+00:00,2026-09-29T12:00:00+00:00
A7/A8,kausal S2,R1,V028,muster_oi=btc,7.747736399368499,,,docs/audit-nacharbeit-2026-10/A7-runs/R1-S2-V028.json,,,,,bedingtes Spotmodell; Hälften nur in S0 gerechnet,2026-01-18T20:00:00+00:00,2026-09-29T12:00:00+00:00
A7/A8,kausal S3,R1,V028,muster_oi=btc,26.75687170527672,,,docs/audit-nacharbeit-2026-10/A7-runs/R1-S3-V028.json,,,,,bedingtes Spotmodell; Hälften nur in S0 gerechnet,2026-01-18T20:00:00+00:00,2026-09-29T12:00:00+00:00
A7/A8,kausal S4,R1,V028,muster_oi=btc,7.922915148156395,,,docs/audit-nacharbeit-2026-10/A7-runs/R1-S4-V028.json,,,,,bedingtes Spotmodell; Hälften nur in S0 gerechnet,2026-01-18T20:00:00+00:00,2026-09-29T12:00:00+00:00
A7/A8,Level-Diagnose korrigiert,R1,V028,muster_oi=btc,34.20186506568821,23.174101365331023,8.952988962873931,docs/audit-nacharbeit-2026-10/A7-legacy/R1-V028.json,2026-01-18T20:00:00+00:00,2026-05-25T16:00:00+00:00,2026-05-25T16:00:00+00:00,2026-09-29T12:00:00+00:00,retrospektiv; keine historische Orderausführung bewiesen,,
Originalaudit,Level-Diagnose,R0,V029,muster_cvd=usd,36.130924832553625,23.60972034971367,10.12962770841581,ccf2b01c0578346f325261e72445b7375a9ac706:docs/audit-2026-09-27/grid/V029.json,2026-01-18T20:00:00+00:00,2026-05-24T14:14:34.420000+00:00,2026-05-24T14:14:34.420000+00:00,2026-09-27T08:29:08.840000+00:00,retrospektiv; keine historische Orderausführung bewiesen,,
A7/A8,kausal S0,R0,V029,muster_cvd=usd,34.188799077945205,23.83526074095279,8.3607352825386,docs/audit-nacharbeit-2026-10/A7-runs/R0-S0-V029.json,2026-01-18T20:00:00+00:00,2026-05-24T14:14:34.420000+00:00,2026-05-24T14:14:34.420000+00:00,2026-09-27T08:29:08.840000+00:00,bedingtes Spotmodell; getrennte Frischstarts,2026-01-18T20:00:00+00:00,2026-09-27T08:29:08.840000+00:00
A7/A8,kausal S1,R0,V029,muster_cvd=usd,28.52006290812501,,,docs/audit-nacharbeit-2026-10/A7-runs/R0-S1-V029.json,,,,,bedingtes Spotmodell; Hälften nur in S0 gerechnet,2026-01-18T20:00:00+00:00,2026-09-27T08:29:08.840000+00:00
A7/A8,kausal S2,R0,V029,muster_cvd=usd,8.152962806734143,,,docs/audit-nacharbeit-2026-10/A7-runs/R0-S2-V029.json,,,,,bedingtes Spotmodell; Hälften nur in S0 gerechnet,2026-01-18T20:00:00+00:00,2026-09-27T08:29:08.840000+00:00
A7/A8,kausal S3,R0,V029,muster_cvd=usd,27.196895482167594,,,docs/audit-nacharbeit-2026-10/A7-runs/R0-S3-V029.json,,,,,bedingtes Spotmodell; Hälften nur in S0 gerechnet,2026-01-18T20:00:00+00:00,2026-09-27T08:29:08.840000+00:00
A7/A8,kausal S4,R0,V029,muster_cvd=usd,8.381438866379076,,,docs/audit-nacharbeit-2026-10/A7-runs/R0-S4-V029.json,,,,,bedingtes Spotmodell; Hälften nur in S0 gerechnet,2026-01-18T20:00:00+00:00,2026-09-27T08:29:08.840000+00:00
A7/A8,Level-Diagnose korrigiert,R0,V029,muster_cvd=usd,34.5762117969312,23.174101365331023,9.256905717364926,docs/audit-nacharbeit-2026-10/A7-legacy/R0-V029.json,2026-01-18T20:00:00+00:00,2026-05-24T14:14:34.420000+00:00,2026-05-24T14:14:34.420000+00:00,2026-09-27T08:29:08.840000+00:00,retrospektiv; keine historische Orderausführung bewiesen,,
A7/A8,kausal S0,R1,V029,muster_cvd=usd,33.81598027877413,23.83526074095279,8.059674989258347,docs/audit-nacharbeit-2026-10/A7-runs/R1-S0-V029.json,2026-01-18T20:00:00+00:00,2026-05-25T16:00:00+00:00,2026-05-25T16:00:00+00:00,2026-09-29T12:00:00+00:00,bedingtes Spotmodell; getrennte Frischstarts,2026-01-18T20:00:00+00:00,2026-09-29T12:00:00+00:00
A7/A8,kausal S1,R1,V029,muster_cvd=usd,28.138065278798674,,,docs/audit-nacharbeit-2026-10/A7-runs/R1-S1-V029.json,,,,,bedingtes Spotmodell; Hälften nur in S0 gerechnet,2026-01-18T20:00:00+00:00,2026-09-29T12:00:00+00:00
A7/A8,kausal S2,R1,V029,muster_cvd=usd,7.747736399368499,,,docs/audit-nacharbeit-2026-10/A7-runs/R1-S2-V029.json,,,,,bedingtes Spotmodell; Hälften nur in S0 gerechnet,2026-01-18T20:00:00+00:00,2026-09-29T12:00:00+00:00
A7/A8,kausal S3,R1,V029,muster_cvd=usd,26.75687170527672,,,docs/audit-nacharbeit-2026-10/A7-runs/R1-S3-V029.json,,,,,bedingtes Spotmodell; Hälften nur in S0 gerechnet,2026-01-18T20:00:00+00:00,2026-09-29T12:00:00+00:00
A7/A8,kausal S4,R1,V029,muster_cvd=usd,7.922915148156395,,,docs/audit-nacharbeit-2026-10/A7-runs/R1-S4-V029.json,,,,,bedingtes Spotmodell; Hälften nur in S0 gerechnet,2026-01-18T20:00:00+00:00,2026-09-29T12:00:00+00:00
A7/A8,Level-Diagnose korrigiert,R1,V029,muster_cvd=usd,34.20186506568821,23.174101365331023,8.952988962873931,docs/audit-nacharbeit-2026-10/A7-legacy/R1-V029.json,2026-01-18T20:00:00+00:00,2026-05-25T16:00:00+00:00,2026-05-25T16:00:00+00:00,2026-09-29T12:00:00+00:00,retrospektiv; keine historische Orderausführung bewiesen,,
Originalaudit,Level-Diagnose,R0,V030,"muster_cvd=usd, muster_oi=btc",36.130924832553625,23.60972034971367,10.12962770841581,ccf2b01c0578346f325261e72445b7375a9ac706:docs/audit-2026-09-27/grid/V030.json,2026-01-18T20:00:00+00:00,2026-05-24T14:14:34.420000+00:00,2026-05-24T14:14:34.420000+00:00,2026-09-27T08:29:08.840000+00:00,retrospektiv; keine historische Orderausführung bewiesen,,
A7/A8,kausal S0,R0,V030,"muster_cvd=usd, muster_oi=btc",34.188799077945205,23.83526074095279,8.3607352825386,docs/audit-nacharbeit-2026-10/A7-runs/R0-S0-V030.json,2026-01-18T20:00:00+00:00,2026-05-24T14:14:34.420000+00:00,2026-05-24T14:14:34.420000+00:00,2026-09-27T08:29:08.840000+00:00,bedingtes Spotmodell; getrennte Frischstarts,2026-01-18T20:00:00+00:00,2026-09-27T08:29:08.840000+00:00
A7/A8,kausal S1,R0,V030,"muster_cvd=usd, muster_oi=btc",28.52006290812501,,,docs/audit-nacharbeit-2026-10/A7-runs/R0-S1-V030.json,,,,,bedingtes Spotmodell; Hälften nur in S0 gerechnet,2026-01-18T20:00:00+00:00,2026-09-27T08:29:08.840000+00:00
A7/A8,kausal S2,R0,V030,"muster_cvd=usd, muster_oi=btc",8.152962806734143,,,docs/audit-nacharbeit-2026-10/A7-runs/R0-S2-V030.json,,,,,bedingtes Spotmodell; Hälften nur in S0 gerechnet,2026-01-18T20:00:00+00:00,2026-09-27T08:29:08.840000+00:00
A7/A8,kausal S3,R0,V030,"muster_cvd=usd, muster_oi=btc",27.196895482167594,,,docs/audit-nacharbeit-2026-10/A7-runs/R0-S3-V030.json,,,,,bedingtes Spotmodell; Hälften nur in S0 gerechnet,2026-01-18T20:00:00+00:00,2026-09-27T08:29:08.840000+00:00
A7/A8,kausal S4,R0,V030,"muster_cvd=usd, muster_oi=btc",8.381438866379076,,,docs/audit-nacharbeit-2026-10/A7-runs/R0-S4-V030.json,,,,,bedingtes Spotmodell; Hälften nur in S0 gerechnet,2026-01-18T20:00:00+00:00,2026-09-27T08:29:08.840000+00:00
A7/A8,Level-Diagnose korrigiert,R0,V030,"muster_cvd=usd, muster_oi=btc",34.5762117969312,23.174101365331023,9.256905717364926,docs/audit-nacharbeit-2026-10/A7-legacy/R0-V030.json,2026-01-18T20:00:00+00:00,2026-05-24T14:14:34.420000+00:00,2026-05-24T14:14:34.420000+00:00,2026-09-27T08:29:08.840000+00:00,retrospektiv; keine historische Orderausführung bewiesen,,
A7/A8,kausal S0,R1,V030,"muster_cvd=usd, muster_oi=btc",33.81598027877413,23.83526074095279,8.059674989258347,docs/audit-nacharbeit-2026-10/A7-runs/R1-S0-V030.json,2026-01-18T20:00:00+00:00,2026-05-25T16:00:00+00:00,2026-05-25T16:00:00+00:00,2026-09-29T12:00:00+00:00,bedingtes Spotmodell; getrennte Frischstarts,2026-01-18T20:00:00+00:00,2026-09-29T12:00:00+00:00
A7/A8,kausal S1,R1,V030,"muster_cvd=usd, muster_oi=btc",28.138065278798674,,,docs/audit-nacharbeit-2026-10/A7-runs/R1-S1-V030.json,,,,,bedingtes Spotmodell; Hälften nur in S0 gerechnet,2026-01-18T20:00:00+00:00,2026-09-29T12:00:00+00:00
A7/A8,kausal S2,R1,V030,"muster_cvd=usd, muster_oi=btc",7.747736399368499,,,docs/audit-nacharbeit-2026-10/A7-runs/R1-S2-V030.json,,,,,bedingtes Spotmodell; Hälften nur in S0 gerechnet,2026-01-18T20:00:00+00:00,2026-09-29T12:00:00+00:00
A7/A8,kausal S3,R1,V030,"muster_cvd=usd, muster_oi=btc",26.75687170527672,,,docs/audit-nacharbeit-2026-10/A7-runs/R1-S3-V030.json,,,,,bedingtes Spotmodell; Hälften nur in S0 gerechnet,2026-01-18T20:00:00+00:00,2026-09-29T12:00:00+00:00
A7/A8,kausal S4,R1,V030,"muster_cvd=usd, muster_oi=btc",7.922915148156395,,,docs/audit-nacharbeit-2026-10/A7-runs/R1-S4-V030.json,,,,,bedingtes Spotmodell; Hälften nur in S0 gerechnet,2026-01-18T20:00:00+00:00,2026-09-29T12:00:00+00:00
A7/A8,Level-Diagnose korrigiert,R1,V030,"muster_cvd=usd, muster_oi=btc",34.20186506568821,23.174101365331023,8.952988962873931,docs/audit-nacharbeit-2026-10/A7-legacy/R1-V030.json,2026-01-18T20:00:00+00:00,2026-05-25T16:00:00+00:00,2026-05-25T16:00:00+00:00,2026-09-29T12:00:00+00:00,retrospektiv; keine historische Orderausführung bewiesen,,
Originalaudit,Level-Diagnose,R0,V031,"muster_oi=btc, ausbruch_ruecktest=true",35.603615189987806,25.374126475043578,8.159170478432287,ccf2b01c0578346f325261e72445b7375a9ac706:docs/audit-2026-09-27/grid/V031.json,2026-01-18T20:00:00+00:00,2026-05-24T14:14:34.420000+00:00,2026-05-24T14:14:34.420000+00:00,2026-09-27T08:29:08.840000+00:00,retrospektiv; keine historische Orderausführung bewiesen,,
A7/A8,kausal S0,R0,V031,"muster_oi=btc, ausbruch_ruecktest=true",33.18327527404732,23.957367408194607,7.442807199568335,docs/audit-nacharbeit-2026-10/A7-runs/R0-S0-V031.json,2026-01-18T20:00:00+00:00,2026-05-24T14:14:34.420000+00:00,2026-05-24T14:14:34.420000+00:00,2026-09-27T08:29:08.840000+00:00,bedingtes Spotmodell; getrennte Frischstarts,2026-01-18T20:00:00+00:00,2026-09-27T08:29:08.840000+00:00
A7/A8,kausal S1,R0,V031,"muster_oi=btc, ausbruch_ruecktest=true",26.950973274854494,,,docs/audit-nacharbeit-2026-10/A7-runs/R0-S1-V031.json,,,,,bedingtes Spotmodell; Hälften nur in S0 gerechnet,2026-01-18T20:00:00+00:00,2026-09-27T08:29:08.840000+00:00
A7/A8,kausal S2,R0,V031,"muster_oi=btc, ausbruch_ruecktest=true",4.817789448761212,,,docs/audit-nacharbeit-2026-10/A7-runs/R0-S2-V031.json,,,,,bedingtes Spotmodell; Hälften nur in S0 gerechnet,2026-01-18T20:00:00+00:00,2026-09-27T08:29:08.840000+00:00
A7/A8,kausal S3,R0,V031,"muster_oi=btc, ausbruch_ruecktest=true",29.35012676676716,,,docs/audit-nacharbeit-2026-10/A7-runs/R0-S3-V031.json,,,,,bedingtes Spotmodell; Hälften nur in S0 gerechnet,2026-01-18T20:00:00+00:00,2026-09-27T08:29:08.840000+00:00
A7/A8,kausal S4,R0,V031,"muster_oi=btc, ausbruch_ruecktest=true",8.415546504352523,,,docs/audit-nacharbeit-2026-10/A7-runs/R0-S4-V031.json,,,,,bedingtes Spotmodell; Hälften nur in S0 gerechnet,2026-01-18T20:00:00+00:00,2026-09-27T08:29:08.840000+00:00
A7/A8,Level-Diagnose korrigiert,R0,V031,"muster_oi=btc, ausbruch_ruecktest=true",34.53972945985741,24.81061287798083,7.7951036033995,docs/audit-nacharbeit-2026-10/A7-legacy/R0-V031.json,2026-01-18T20:00:00+00:00,2026-05-24T14:14:34.420000+00:00,2026-05-24T14:14:34.420000+00:00,2026-09-27T08:29:08.840000+00:00,retrospektiv; keine historische Orderausführung bewiesen,,
A7/A8,kausal S0,R1,V031,"muster_oi=btc, ausbruch_ruecktest=true",32.81325013708714,23.957367408194607,7.144297199963656,docs/audit-nacharbeit-2026-10/A7-runs/R1-S0-V031.json,2026-01-18T20:00:00+00:00,2026-05-25T16:00:00+00:00,2026-05-25T16:00:00+00:00,2026-09-29T12:00:00+00:00,bedingtes Spotmodell; getrennte Frischstarts,2026-01-18T20:00:00+00:00,2026-09-29T12:00:00+00:00
A7/A8,kausal S1,R1,V031,"muster_oi=btc, ausbruch_ruecktest=true",26.5736394194678,,,docs/audit-nacharbeit-2026-10/A7-runs/R1-S1-V031.json,,,,,bedingtes Spotmodell; Hälften nur in S0 gerechnet,2026-01-18T20:00:00+00:00,2026-09-29T12:00:00+00:00
A7/A8,kausal S2,R1,V031,"muster_oi=btc, ausbruch_ruecktest=true",4.425059234590112,,,docs/audit-nacharbeit-2026-10/A7-runs/R1-S2-V031.json,,,,,bedingtes Spotmodell; Hälften nur in S0 gerechnet,2026-01-18T20:00:00+00:00,2026-09-29T12:00:00+00:00
A7/A8,kausal S3,R1,V031,"muster_oi=btc, ausbruch_ruecktest=true",28.902654121263737,,,docs/audit-nacharbeit-2026-10/A7-runs/R1-S3-V031.json,,,,,bedingtes Spotmodell; Hälften nur in S0 gerechnet,2026-01-18T20:00:00+00:00,2026-09-29T12:00:00+00:00
A7/A8,kausal S4,R1,V031,"muster_oi=btc, ausbruch_ruecktest=true",7.956878488719221,,,docs/audit-nacharbeit-2026-10/A7-runs/R1-S4-V031.json,,,,,bedingtes Spotmodell; Hälften nur in S0 gerechnet,2026-01-18T20:00:00+00:00,2026-09-29T12:00:00+00:00
A7/A8,Level-Diagnose korrigiert,R1,V031,"muster_oi=btc, ausbruch_ruecktest=true",34.165484210469586,24.81061287798083,7.495253101300192,docs/audit-nacharbeit-2026-10/A7-legacy/R1-V031.json,2026-01-18T20:00:00+00:00,2026-05-25T16:00:00+00:00,2026-05-25T16:00:00+00:00,2026-09-29T12:00:00+00:00,retrospektiv; keine historische Orderausführung bewiesen,,
Originalaudit,Level-Diagnose,R0,V032,"muster_cvd=usd, ausbruch_ruecktest=true",35.415646249722755,25.374126475043578,8.009244057766551,ccf2b01c0578346f325261e72445b7375a9ac706:docs/audit-2026-09-27/grid/V032.json,2026-01-18T20:00:00+00:00,2026-05-24T14:14:34.420000+00:00,2026-05-24T14:14:34.420000+00:00,2026-09-27T08:29:08.840000+00:00,retrospektiv; keine historische Orderausführung bewiesen,,
A7/A8,kausal S0,R0,V032,"muster_cvd=usd, ausbruch_ruecktest=true",32.99894195277007,23.957367408194607,7.294100168166184,docs/audit-nacharbeit-2026-10/A7-runs/R0-S0-V032.json,2026-01-18T20:00:00+00:00,2026-05-24T14:14:34.420000+00:00,2026-05-24T14:14:34.420000+00:00,2026-09-27T08:29:08.840000+00:00,bedingtes Spotmodell; getrennte Frischstarts,2026-01-18T20:00:00+00:00,2026-09-27T08:29:08.840000+00:00
A7/A8,kausal S1,R0,V032,"muster_cvd=usd, ausbruch_ruecktest=true",26.775248768403117,,,docs/audit-nacharbeit-2026-10/A7-runs/R0-S1-V032.json,,,,,bedingtes Spotmodell; Hälften nur in S0 gerechnet,2026-01-18T20:00:00+00:00,2026-09-27T08:29:08.840000+00:00
A7/A8,kausal S2,R0,V032,"muster_cvd=usd, ausbruch_ruecktest=true",4.672644895468547,,,docs/audit-nacharbeit-2026-10/A7-runs/R0-S2-V032.json,,,,,bedingtes Spotmodell; Hälften nur in S0 gerechnet,2026-01-18T20:00:00+00:00,2026-09-27T08:29:08.840000+00:00
A7/A8,kausal S3,R0,V032,"muster_cvd=usd, ausbruch_ruecktest=true",28.373626137186214,,,docs/audit-nacharbeit-2026-10/A7-runs/R0-S3-V032.json,,,,,bedingtes Spotmodell; Hälften nur in S0 gerechnet,2026-01-18T20:00:00+00:00,2026-09-27T08:29:08.840000+00:00
A7/A8,kausal S4,R0,V032,"muster_cvd=usd, ausbruch_ruecktest=true",7.816726558428155,,,docs/audit-nacharbeit-2026-10/A7-runs/R0-S4-V032.json,,,,,bedingtes Spotmodell; Hälften nur in S0 gerechnet,2026-01-18T20:00:00+00:00,2026-09-27T08:29:08.840000+00:00
A7/A8,Level-Diagnose korrigiert,R0,V032,"muster_cvd=usd, ausbruch_ruecktest=true",34.35323524040263,24.81061287798083,7.645681839372909,docs/audit-nacharbeit-2026-10/A7-legacy/R0-V032.json,2026-01-18T20:00:00+00:00,2026-05-24T14:14:34.420000+00:00,2026-05-24T14:14:34.420000+00:00,2026-09-27T08:29:08.840000+00:00,retrospektiv; keine historische Orderausführung bewiesen,,
A7/A8,kausal S0,R1,V032,"muster_cvd=usd, ausbruch_ruecktest=true",32.62942895190433,23.957367408194607,6.9960033235882735,docs/audit-nacharbeit-2026-10/A7-runs/R1-S0-V032.json,2026-01-18T20:00:00+00:00,2026-05-25T16:00:00+00:00,2026-05-25T16:00:00+00:00,2026-09-29T12:00:00+00:00,bedingtes Spotmodell; getrennte Frischstarts,2026-01-18T20:00:00+00:00,2026-09-29T12:00:00+00:00
A7/A8,kausal S1,R1,V032,"muster_cvd=usd, ausbruch_ruecktest=true",26.398437215475347,,,docs/audit-nacharbeit-2026-10/A7-runs/R1-S1-V032.json,,,,,bedingtes Spotmodell; Hälften nur in S0 gerechnet,2026-01-18T20:00:00+00:00,2026-09-29T12:00:00+00:00
A7/A8,kausal S2,R1,V032,"muster_cvd=usd, ausbruch_ruecktest=true",4.280458507415097,,,docs/audit-nacharbeit-2026-10/A7-runs/R1-S2-V032.json,,,,,bedingtes Spotmodell; Hälften nur in S0 gerechnet,2026-01-18T20:00:00+00:00,2026-09-29T12:00:00+00:00
A7/A8,kausal S3,R1,V032,"muster_cvd=usd, ausbruch_ruecktest=true",27.929531589029732,,,docs/audit-nacharbeit-2026-10/A7-runs/R1-S3-V032.json,,,,,bedingtes Spotmodell; Hälften nur in S0 gerechnet,2026-01-18T20:00:00+00:00,2026-09-29T12:00:00+00:00
A7/A8,kausal S4,R1,V032,"muster_cvd=usd, ausbruch_ruecktest=true",7.360591939204997,,,docs/audit-nacharbeit-2026-10/A7-runs/R1-S4-V032.json,,,,,bedingtes Spotmodell; Hälften nur in S0 gerechnet,2026-01-18T20:00:00+00:00,2026-09-29T12:00:00+00:00
A7/A8,Level-Diagnose korrigiert,R1,V032,"muster_cvd=usd, ausbruch_ruecktest=true",33.979508756556754,24.81061287798083,7.346246979445392,docs/audit-nacharbeit-2026-10/A7-legacy/R1-V032.json,2026-01-18T20:00:00+00:00,2026-05-25T16:00:00+00:00,2026-05-25T16:00:00+00:00,2026-09-29T12:00:00+00:00,retrospektiv; keine historische Orderausführung bewiesen,,
Originalaudit,Level-Diagnose,R0,V033,"muster_cvd=usd, muster_oi=btc, ausbruch_ruecktest=true",35.603615189987806,25.374126475043578,8.159170478432287,ccf2b01c0578346f325261e72445b7375a9ac706:docs/audit-2026-09-27/grid/V033.json,2026-01-18T20:00:00+00:00,2026-05-24T14:14:34.420000+00:00,2026-05-24T14:14:34.420000+00:00,2026-09-27T08:29:08.840000+00:00,retrospektiv; keine historische Orderausführung bewiesen,,
A7/A8,kausal S0,R0,V033,"muster_cvd=usd, muster_oi=btc, ausbruch_ruecktest=true",33.18327527404732,23.957367408194607,7.442807199568335,docs/audit-nacharbeit-2026-10/A7-runs/R0-S0-V033.json,2026-01-18T20:00:00+00:00,2026-05-24T14:14:34.420000+00:00,2026-05-24T14:14:34.420000+00:00,2026-09-27T08:29:08.840000+00:00,bedingtes Spotmodell; getrennte Frischstarts,2026-01-18T20:00:00+00:00,2026-09-27T08:29:08.840000+00:00
A7/A8,kausal S1,R0,V033,"muster_cvd=usd, muster_oi=btc, ausbruch_ruecktest=true",26.950973274854494,,,docs/audit-nacharbeit-2026-10/A7-runs/R0-S1-V033.json,,,,,bedingtes Spotmodell; Hälften nur in S0 gerechnet,2026-01-18T20:00:00+00:00,2026-09-27T08:29:08.840000+00:00
A7/A8,kausal S2,R0,V033,"muster_cvd=usd, muster_oi=btc, ausbruch_ruecktest=true",4.817789448761212,,,docs/audit-nacharbeit-2026-10/A7-runs/R0-S2-V033.json,,,,,bedingtes Spotmodell; Hälften nur in S0 gerechnet,2026-01-18T20:00:00+00:00,2026-09-27T08:29:08.840000+00:00
A7/A8,kausal S3,R0,V033,"muster_cvd=usd, muster_oi=btc, ausbruch_ruecktest=true",29.35012676676716,,,docs/audit-nacharbeit-2026-10/A7-runs/R0-S3-V033.json,,,,,bedingtes Spotmodell; Hälften nur in S0 gerechnet,2026-01-18T20:00:00+00:00,2026-09-27T08:29:08.840000+00:00
A7/A8,kausal S4,R0,V033,"muster_cvd=usd, muster_oi=btc, ausbruch_ruecktest=true",8.415546504352523,,,docs/audit-nacharbeit-2026-10/A7-runs/R0-S4-V033.json,,,,,bedingtes Spotmodell; Hälften nur in S0 gerechnet,2026-01-18T20:00:00+00:00,2026-09-27T08:29:08.840000+00:00
A7/A8,Level-Diagnose korrigiert,R0,V033,"muster_cvd=usd, muster_oi=btc, ausbruch_ruecktest=true",34.53972945985741,24.81061287798083,7.7951036033995,docs/audit-nacharbeit-2026-10/A7-legacy/R0-V033.json,2026-01-18T20:00:00+00:00,2026-05-24T14:14:34.420000+00:00,2026-05-24T14:14:34.420000+00:00,2026-09-27T08:29:08.840000+00:00,retrospektiv; keine historische Orderausführung bewiesen,,
A7/A8,kausal S0,R1,V033,"muster_cvd=usd, muster_oi=btc, ausbruch_ruecktest=true",32.81325013708714,23.957367408194607,7.144297199963656,docs/audit-nacharbeit-2026-10/A7-runs/R1-S0-V033.json,2026-01-18T20:00:00+00:00,2026-05-25T16:00:00+00:00,2026-05-25T16:00:00+00:00,2026-09-29T12:00:00+00:00,bedingtes Spotmodell; getrennte Frischstarts,2026-01-18T20:00:00+00:00,2026-09-29T12:00:00+00:00
A7/A8,kausal S1,R1,V033,"muster_cvd=usd, muster_oi=btc, ausbruch_ruecktest=true",26.5736394194678,,,docs/audit-nacharbeit-2026-10/A7-runs/R1-S1-V033.json,,,,,bedingtes Spotmodell; Hälften nur in S0 gerechnet,2026-01-18T20:00:00+00:00,2026-09-29T12:00:00+00:00
A7/A8,kausal S2,R1,V033,"muster_cvd=usd, muster_oi=btc, ausbruch_ruecktest=true",4.425059234590112,,,docs/audit-nacharbeit-2026-10/A7-runs/R1-S2-V033.json,,,,,bedingtes Spotmodell; Hälften nur in S0 gerechnet,2026-01-18T20:00:00+00:00,2026-09-29T12:00:00+00:00
A7/A8,kausal S3,R1,V033,"muster_cvd=usd, muster_oi=btc, ausbruch_ruecktest=true",28.902654121263737,,,docs/audit-nacharbeit-2026-10/A7-runs/R1-S3-V033.json,,,,,bedingtes Spotmodell; Hälften nur in S0 gerechnet,2026-01-18T20:00:00+00:00,2026-09-29T12:00:00+00:00
A7/A8,kausal S4,R1,V033,"muster_cvd=usd, muster_oi=btc, ausbruch_ruecktest=true",7.956878488719221,,,docs/audit-nacharbeit-2026-10/A7-runs/R1-S4-V033.json,,,,,bedingtes Spotmodell; Hälften nur in S0 gerechnet,2026-01-18T20:00:00+00:00,2026-09-29T12:00:00+00:00
A7/A8,Level-Diagnose korrigiert,R1,V033,"muster_cvd=usd, muster_oi=btc, ausbruch_ruecktest=true",34.165484210469586,24.81061287798083,7.495253101300192,docs/audit-nacharbeit-2026-10/A7-legacy/R1-V033.json,2026-01-18T20:00:00+00:00,2026-05-25T16:00:00+00:00,2026-05-25T16:00:00+00:00,2026-09-29T12:00:00+00:00,retrospektiv; keine historische Orderausführung bewiesen,,
Originalaudit,Level-Diagnose,R0,V034,bias_long=false,0.0,0.0,0.0,ccf2b01c0578346f325261e72445b7375a9ac706:docs/audit-2026-09-27/grid/V034.json,2026-01-18T20:00:00+00:00,2026-05-24T14:14:34.420000+00:00,2026-05-24T14:14:34.420000+00:00,2026-09-27T08:29:08.840000+00:00,retrospektiv; keine historische Orderausführung bewiesen,,
A7/A8,kausal S0,R0,V034,bias_long=false,0.0,0.0,0.0,docs/audit-nacharbeit-2026-10/A7-runs/R0-S0-V034.json,2026-01-18T20:00:00+00:00,2026-05-24T14:14:34.420000+00:00,2026-05-24T14:14:34.420000+00:00,2026-09-27T08:29:08.840000+00:00,bedingtes Spotmodell; getrennte Frischstarts,2026-01-18T20:00:00+00:00,2026-09-27T08:29:08.840000+00:00
A7/A8,kausal S1,R0,V034,bias_long=false,0.0,,,docs/audit-nacharbeit-2026-10/A7-runs/R0-S1-V034.json,,,,,bedingtes Spotmodell; Hälften nur in S0 gerechnet,2026-01-18T20:00:00+00:00,2026-09-27T08:29:08.840000+00:00
A7/A8,kausal S2,R0,V034,bias_long=false,0.0,,,docs/audit-nacharbeit-2026-10/A7-runs/R0-S2-V034.json,,,,,bedingtes Spotmodell; Hälften nur in S0 gerechnet,2026-01-18T20:00:00+00:00,2026-09-27T08:29:08.840000+00:00
A7/A8,kausal S3,R0,V034,bias_long=false,0.0,,,docs/audit-nacharbeit-2026-10/A7-runs/R0-S3-V034.json,,,,,bedingtes Spotmodell; Hälften nur in S0 gerechnet,2026-01-18T20:00:00+00:00,2026-09-27T08:29:08.840000+00:00
A7/A8,kausal S4,R0,V034,bias_long=false,0.0,,,docs/audit-nacharbeit-2026-10/A7-runs/R0-S4-V034.json,,,,,bedingtes Spotmodell; Hälften nur in S0 gerechnet,2026-01-18T20:00:00+00:00,2026-09-27T08:29:08.840000+00:00
A7/A8,Level-Diagnose korrigiert,R0,V034,bias_long=false,0.0,0.0,0.0,docs/audit-nacharbeit-2026-10/A7-legacy/R0-V034.json,2026-01-18T20:00:00+00:00,2026-05-24T14:14:34.420000+00:00,2026-05-24T14:14:34.420000+00:00,2026-09-27T08:29:08.840000+00:00,retrospektiv; keine historische Orderausführung bewiesen,,
A7/A8,kausal S0,R1,V034,bias_long=false,0.0,0.0,0.0,docs/audit-nacharbeit-2026-10/A7-runs/R1-S0-V034.json,2026-01-18T20:00:00+00:00,2026-05-25T16:00:00+00:00,2026-05-25T16:00:00+00:00,2026-09-29T12:00:00+00:00,bedingtes Spotmodell; getrennte Frischstarts,2026-01-18T20:00:00+00:00,2026-09-29T12:00:00+00:00
A7/A8,kausal S1,R1,V034,bias_long=false,0.0,,,docs/audit-nacharbeit-2026-10/A7-runs/R1-S1-V034.json,,,,,bedingtes Spotmodell; Hälften nur in S0 gerechnet,2026-01-18T20:00:00+00:00,2026-09-29T12:00:00+00:00
A7/A8,kausal S2,R1,V034,bias_long=false,0.0,,,docs/audit-nacharbeit-2026-10/A7-runs/R1-S2-V034.json,,,,,bedingtes Spotmodell; Hälften nur in S0 gerechnet,2026-01-18T20:00:00+00:00,2026-09-29T12:00:00+00:00
A7/A8,kausal S3,R1,V034,bias_long=false,0.0,,,docs/audit-nacharbeit-2026-10/A7-runs/R1-S3-V034.json,,,,,bedingtes Spotmodell; Hälften nur in S0 gerechnet,2026-01-18T20:00:00+00:00,2026-09-29T12:00:00+00:00
A7/A8,kausal S4,R1,V034,bias_long=false,0.0,,,docs/audit-nacharbeit-2026-10/A7-runs/R1-S4-V034.json,,,,,bedingtes Spotmodell; Hälften nur in S0 gerechnet,2026-01-18T20:00:00+00:00,2026-09-29T12:00:00+00:00
A7/A8,Level-Diagnose korrigiert,R1,V034,bias_long=false,0.0,0.0,0.0,docs/audit-nacharbeit-2026-10/A7-legacy/R1-V034.json,2026-01-18T20:00:00+00:00,2026-05-25T16:00:00+00:00,2026-05-25T16:00:00+00:00,2026-09-29T12:00:00+00:00,retrospektiv; keine historische Orderausführung bewiesen,,
Originalaudit,Level-Diagnose,R0,V035,bias_short=true,,,,ccf2b01c0578346f325261e72445b7375a9ac706:docs/audit-2026-09-27/grid/V035.json,,,,,gesperrt F02; alte Shortzahl nicht freigegeben,,
A7/A8,Level-Diagnose korrigiert,R0,V035,bias_short=true,,,,docs/audit-nacharbeit-2026-10/A8-ABSCHLUSSBERICHT.md,,,,,gesperrt F02; keine historische Gesamtrendite,,
A7/A8,Level-Diagnose korrigiert,R1,V035,bias_short=true,,,,docs/audit-nacharbeit-2026-10/A8-ABSCHLUSSBERICHT.md,,,,,gesperrt F02; keine historische Gesamtrendite,,
A7/A8,kausal S0,R0,V035,bias_short=true,,,,docs/audit-nacharbeit-2026-10/A8-ABSCHLUSSBERICHT.md,,,,,gesperrt F02; keine historische Gesamtrendite,,
A7/A8,kausal S0,R1,V035,bias_short=true,,,,docs/audit-nacharbeit-2026-10/A8-ABSCHLUSSBERICHT.md,,,,,gesperrt F02; keine historische Gesamtrendite,,
Originalaudit,Level-Diagnose,R0,V036,flush_entry=t1,31.561081012463376,23.252343697777533,6.741240827889894,ccf2b01c0578346f325261e72445b7375a9ac706:docs/audit-2026-09-27/grid/V036.json,2026-01-18T20:00:00+00:00,2026-05-24T14:14:34.420000+00:00,2026-05-24T14:14:34.420000+00:00,2026-09-27T08:29:08.840000+00:00,retrospektiv; keine historische Orderausführung bewiesen,,
A7/A8,kausal S0,R0,V036,flush_entry=t1,25.82083454480335,22.48435937563398,2.7240009958636513,docs/audit-nacharbeit-2026-10/A7-runs/R0-S0-V036.json,2026-01-18T20:00:00+00:00,2026-05-24T14:14:34.420000+00:00,2026-05-24T14:14:34.420000+00:00,2026-09-27T08:29:08.840000+00:00,bedingtes Spotmodell; getrennte Frischstarts,2026-01-18T20:00:00+00:00,2026-09-27T08:29:08.840000+00:00
A7/A8,kausal S1,R0,V036,flush_entry=t1,21.036076236126465,,,docs/audit-nacharbeit-2026-10/A7-runs/R0-S1-V036.json,,,,,bedingtes Spotmodell; Hälften nur in S0 gerechnet,2026-01-18T20:00:00+00:00,2026-09-27T08:29:08.840000+00:00
A7/A8,kausal S2,R0,V036,flush_entry=t1,3.6611721851089962,,,docs/audit-nacharbeit-2026-10/A7-runs/R0-S2-V036.json,,,,,bedingtes Spotmodell; Hälften nur in S0 gerechnet,2026-01-18T20:00:00+00:00,2026-09-27T08:29:08.840000+00:00
A7/A8,kausal S3,R0,V036,flush_entry=t1,19.892682100865766,,,docs/audit-nacharbeit-2026-10/A7-runs/R0-S3-V036.json,,,,,bedingtes Spotmodell; Hälften nur in S0 gerechnet,2026-01-18T20:00:00+00:00,2026-09-27T08:29:08.840000+00:00
A7/A8,kausal S4,R0,V036,flush_entry=t1,4.553305497210469,,,docs/audit-nacharbeit-2026-10/A7-runs/R0-S4-V036.json,,,,,bedingtes Spotmodell; Hälften nur in S0 gerechnet,2026-01-18T20:00:00+00:00,2026-09-27T08:29:08.840000+00:00
A7/A8,Level-Diagnose korrigiert,R0,V036,flush_entry=t1,29.989897158474598,22.753144952682213,5.895370101175024,docs/audit-nacharbeit-2026-10/A7-legacy/R0-V036.json,2026-01-18T20:00:00+00:00,2026-05-24T14:14:34.420000+00:00,2026-05-24T14:14:34.420000+00:00,2026-09-27T08:29:08.840000+00:00,retrospektiv; keine historische Orderausführung bewiesen,,
A7/A8,kausal S0,R1,V036,flush_entry=t1,25.47126458987401,22.48435937563398,2.4386013279295238,docs/audit-nacharbeit-2026-10/A7-runs/R1-S0-V036.json,2026-01-18T20:00:00+00:00,2026-05-25T16:00:00+00:00,2026-05-25T16:00:00+00:00,2026-09-29T12:00:00+00:00,bedingtes Spotmodell; getrennte Frischstarts,2026-01-18T20:00:00+00:00,2026-09-29T12:00:00+00:00
A7/A8,kausal S1,R1,V036,flush_entry=t1,20.67632311168075,,,docs/audit-nacharbeit-2026-10/A7-runs/R1-S1-V036.json,,,,,bedingtes Spotmodell; Hälften nur in S0 gerechnet,2026-01-18T20:00:00+00:00,2026-09-29T12:00:00+00:00
A7/A8,kausal S2,R1,V036,flush_entry=t1,3.2727755725913354,,,docs/audit-nacharbeit-2026-10/A7-runs/R1-S2-V036.json,,,,,bedingtes Spotmodell; Hälften nur in S0 gerechnet,2026-01-18T20:00:00+00:00,2026-09-29T12:00:00+00:00
A7/A8,kausal S3,R1,V036,flush_entry=t1,19.477926452941997,,,docs/audit-nacharbeit-2026-10/A7-runs/R1-S3-V036.json,,,,,bedingtes Spotmodell; Hälften nur in S0 gerechnet,2026-01-18T20:00:00+00:00,2026-09-29T12:00:00+00:00
A7/A8,kausal S4,R1,V036,flush_entry=t1,4.110977263792548,,,docs/audit-nacharbeit-2026-10/A7-runs/R1-S4-V036.json,,,,,bedingtes Spotmodell; Hälften nur in S0 gerechnet,2026-01-18T20:00:00+00:00,2026-09-29T12:00:00+00:00
A7/A8,Level-Diagnose korrigiert,R1,V036,flush_entry=t1,29.62830804516743,22.753144952682213,5.60080403246328,docs/audit-nacharbeit-2026-10/A7-legacy/R1-V036.json,2026-01-18T20:00:00+00:00,2026-05-25T16:00:00+00:00,2026-05-25T16:00:00+00:00,2026-09-29T12:00:00+00:00,retrospektiv; keine historische Orderausführung bewiesen,,
Originalaudit,Level-Diagnose,R0,V037,tp_ladder=false,36.88028970377015,24.84503826940061,9.640151984573775,ccf2b01c0578346f325261e72445b7375a9ac706:docs/audit-2026-09-27/grid/V037.json,2026-01-18T20:00:00+00:00,2026-05-24T14:14:34.420000+00:00,2026-05-24T14:14:34.420000+00:00,2026-09-27T08:29:08.840000+00:00,retrospektiv; keine historische Orderausführung bewiesen,,
A7/A8,kausal S0,R0,V037,tp_ladder=false,34.56436213421874,24.906134653077274,7.7323884114795405,docs/audit-nacharbeit-2026-10/A7-runs/R0-S0-V037.json,2026-01-18T20:00:00+00:00,2026-05-24T14:14:34.420000+00:00,2026-05-24T14:14:34.420000+00:00,2026-09-27T08:29:08.840000+00:00,bedingtes Spotmodell; getrennte Frischstarts,2026-01-18T20:00:00+00:00,2026-09-27T08:29:08.840000+00:00
A7/A8,kausal S1,R0,V037,tp_ladder=false,28.879899596523284,,,docs/audit-nacharbeit-2026-10/A7-runs/R0-S1-V037.json,,,,,bedingtes Spotmodell; Hälften nur in S0 gerechnet,2026-01-18T20:00:00+00:00,2026-09-27T08:29:08.840000+00:00
A7/A8,kausal S2,R0,V037,tp_ladder=false,8.456243806790443,,,docs/audit-nacharbeit-2026-10/A7-runs/R0-S2-V037.json,,,,,bedingtes Spotmodell; Hälften nur in S0 gerechnet,2026-01-18T20:00:00+00:00,2026-09-27T08:29:08.840000+00:00
A7/A8,kausal S3,R0,V037,tp_ladder=false,27.562313778939405,,,docs/audit-nacharbeit-2026-10/A7-runs/R0-S3-V037.json,,,,,bedingtes Spotmodell; Hälften nur in S0 gerechnet,2026-01-18T20:00:00+00:00,2026-09-27T08:29:08.840000+00:00
A7/A8,kausal S4,R0,V037,tp_ladder=false,9.350713259599708,,,docs/audit-nacharbeit-2026-10/A7-runs/R0-S4-V037.json,,,,,bedingtes Spotmodell; Hälften nur in S0 gerechnet,2026-01-18T20:00:00+00:00,2026-09-27T08:29:08.840000+00:00
A7/A8,Level-Diagnose korrigiert,R0,V037,tp_ladder=false,38.03948952293279,24.84503826940061,10.568662909181882,docs/audit-nacharbeit-2026-10/A7-legacy/R0-V037.json,2026-01-18T20:00:00+00:00,2026-05-24T14:14:34.420000+00:00,2026-05-24T14:14:34.420000+00:00,2026-09-27T08:29:08.840000+00:00,retrospektiv; keine historische Orderausführung bewiesen,,
A7/A8,kausal S0,R1,V037,tp_ladder=false,34.190499902446604,24.906134653077274,7.433073863951112,docs/audit-nacharbeit-2026-10/A7-runs/R1-S0-V037.json,2026-01-18T20:00:00+00:00,2026-05-25T16:00:00+00:00,2026-05-25T16:00:00+00:00,2026-09-29T12:00:00+00:00,bedingtes Spotmodell; getrennte Frischstarts,2026-01-18T20:00:00+00:00,2026-09-29T12:00:00+00:00
A7/A8,kausal S1,R1,V037,tp_ladder=false,28.49683243175789,,,docs/audit-nacharbeit-2026-10/A7-runs/R1-S1-V037.json,,,,,bedingtes Spotmodell; Hälften nur in S0 gerechnet,2026-01-18T20:00:00+00:00,2026-09-29T12:00:00+00:00
A7/A8,kausal S2,R1,V037,tp_ladder=false,8.04988106929676,,,docs/audit-nacharbeit-2026-10/A7-runs/R1-S2-V037.json,,,,,bedingtes Spotmodell; Hälften nur in S0 gerechnet,2026-01-18T20:00:00+00:00,2026-09-29T12:00:00+00:00
A7/A8,kausal S3,R1,V037,tp_ladder=false,27.12102587733478,,,docs/audit-nacharbeit-2026-10/A7-runs/R1-S3-V037.json,,,,,bedingtes Spotmodell; Hälften nur in S0 gerechnet,2026-01-18T20:00:00+00:00,2026-09-29T12:00:00+00:00
A7/A8,kausal S4,R1,V037,tp_ladder=false,8.888088882598089,,,docs/audit-nacharbeit-2026-10/A7-runs/R1-S4-V037.json,,,,,bedingtes Spotmodell; Hälften nur in S0 gerechnet,2026-01-18T20:00:00+00:00,2026-09-29T12:00:00+00:00
A7/A8,Level-Diagnose korrigiert,R1,V037,tp_ladder=false,37.65550909284507,24.84503826940061,10.26109727789175,docs/audit-nacharbeit-2026-10/A7-legacy/R1-V037.json,2026-01-18T20:00:00+00:00,2026-05-25T16:00:00+00:00,2026-05-25T16:00:00+00:00,2026-09-29T12:00:00+00:00,retrospektiv; keine historische Orderausführung bewiesen,,
Originalaudit,Level-Diagnose,R0,V038,trend_filter=true,11.696941191096787,7.064012806392794,4.327250831782159,ccf2b01c0578346f325261e72445b7375a9ac706:docs/audit-2026-09-27/grid/V038.json,2026-01-18T20:00:00+00:00,2026-05-24T14:14:34.420000+00:00,2026-05-24T14:14:34.420000+00:00,2026-09-27T08:29:08.840000+00:00,retrospektiv; keine historische Orderausführung bewiesen,,
A7/A8,kausal S0,R0,V038,trend_filter=true,11.274687640830482,7.150272331446761,3.849187892519512,docs/audit-nacharbeit-2026-10/A7-runs/R0-S0-V038.json,2026-01-18T20:00:00+00:00,2026-05-24T14:14:34.420000+00:00,2026-05-24T14:14:34.420000+00:00,2026-09-27T08:29:08.840000+00:00,bedingtes Spotmodell; getrennte Frischstarts,2026-01-18T20:00:00+00:00,2026-09-27T08:29:08.840000+00:00
A7/A8,kausal S1,R0,V038,trend_filter=true,10.16544307350462,,,docs/audit-nacharbeit-2026-10/A7-runs/R0-S1-V038.json,,,,,bedingtes Spotmodell; Hälften nur in S0 gerechnet,2026-01-18T20:00:00+00:00,2026-09-27T08:29:08.840000+00:00
A7/A8,kausal S2,R0,V038,trend_filter=true,5.841402992176459,,,docs/audit-nacharbeit-2026-10/A7-runs/R0-S2-V038.json,,,,,bedingtes Spotmodell; Hälften nur in S0 gerechnet,2026-01-18T20:00:00+00:00,2026-09-27T08:29:08.840000+00:00
A7/A8,kausal S3,R0,V038,trend_filter=true,10.042214076383127,,,docs/audit-nacharbeit-2026-10/A7-runs/R0-S3-V038.json,,,,,bedingtes Spotmodell; Hälften nur in S0 gerechnet,2026-01-18T20:00:00+00:00,2026-09-27T08:29:08.840000+00:00
A7/A8,kausal S4,R0,V038,trend_filter=true,5.897313223146061,,,docs/audit-nacharbeit-2026-10/A7-runs/R0-S4-V038.json,,,,,bedingtes Spotmodell; Hälften nur in S0 gerechnet,2026-01-18T20:00:00+00:00,2026-09-27T08:29:08.840000+00:00
A7/A8,Level-Diagnose korrigiert,R0,V038,trend_filter=true,11.605243439082535,7.064012806392794,4.241603236842795,docs/audit-nacharbeit-2026-10/A7-legacy/R0-V038.json,2026-01-18T20:00:00+00:00,2026-05-24T14:14:34.420000+00:00,2026-05-24T14:14:34.420000+00:00,2026-09-27T08:29:08.840000+00:00,retrospektiv; keine historische Orderausführung bewiesen,,
A7/A8,kausal S0,R1,V038,trend_filter=true,10.965531469008027,7.150272331446761,3.560662100568046,docs/audit-nacharbeit-2026-10/A7-runs/R1-S0-V038.json,2026-01-18T20:00:00+00:00,2026-05-25T16:00:00+00:00,2026-05-25T16:00:00+00:00,2026-09-29T12:00:00+00:00,bedingtes Spotmodell; getrennte Frischstarts,2026-01-18T20:00:00+00:00,2026-09-29T12:00:00+00:00
A7/A8,kausal S1,R1,V038,trend_filter=true,9.838000516011913,,,docs/audit-nacharbeit-2026-10/A7-runs/R1-S1-V038.json,,,,,bedingtes Spotmodell; Hälften nur in S0 gerechnet,2026-01-18T20:00:00+00:00,2026-09-29T12:00:00+00:00
A7/A8,kausal S2,R1,V038,trend_filter=true,5.444837513321299,,,docs/audit-nacharbeit-2026-10/A7-runs/R1-S2-V038.json,,,,,bedingtes Spotmodell; Hälften nur in S0 gerechnet,2026-01-18T20:00:00+00:00,2026-09-29T12:00:00+00:00
A7/A8,kausal S3,R1,V038,trend_filter=true,9.661535047451064,,,docs/audit-nacharbeit-2026-10/A7-runs/R1-S3-V038.json,,,,,bedingtes Spotmodell; Hälften nur in S0 gerechnet,2026-01-18T20:00:00+00:00,2026-09-29T12:00:00+00:00
A7/A8,kausal S4,R1,V038,trend_filter=true,5.449298966122451,,,docs/audit-nacharbeit-2026-10/A7-runs/R1-S4-V038.json,,,,,bedingtes Spotmodell; Hälften nur in S0 gerechnet,2026-01-18T20:00:00+00:00,2026-09-29T12:00:00+00:00
A7/A8,Level-Diagnose korrigiert,R1,V038,trend_filter=true,11.29479438190415,7.064012806392794,3.9516374032813495,docs/audit-nacharbeit-2026-10/A7-legacy/R1-V038.json,2026-01-18T20:00:00+00:00,2026-05-25T16:00:00+00:00,2026-05-25T16:00:00+00:00,2026-09-29T12:00:00+00:00,retrospektiv; keine historische Orderausführung bewiesen,,
Originalaudit,Level-Diagnose,R0,V039,trend_ema=50,36.130924832553625,23.60972034971367,10.12962770841581,ccf2b01c0578346f325261e72445b7375a9ac706:docs/audit-2026-09-27/grid/V039.json,2026-01-18T20:00:00+00:00,2026-05-24T14:14:34.420000+00:00,2026-05-24T14:14:34.420000+00:00,2026-09-27T08:29:08.840000+00:00,retrospektiv; keine historische Orderausführung bewiesen,,
A7/A8,kausal S0,R0,V039,trend_ema=50,34.188799077945205,23.83526074095279,8.3607352825386,docs/audit-nacharbeit-2026-10/A7-runs/R0-S0-V039.json,2026-01-18T20:00:00+00:00,2026-05-24T14:14:34.420000+00:00,2026-05-24T14:14:34.420000+00:00,2026-09-27T08:29:08.840000+00:00,bedingtes Spotmodell; getrennte Frischstarts,2026-01-18T20:00:00+00:00,2026-09-27T08:29:08.840000+00:00
A7/A8,kausal S1,R0,V039,trend_ema=50,28.52006290812501,,,docs/audit-nacharbeit-2026-10/A7-runs/R0-S1-V039.json,,,,,bedingtes Spotmodell; Hälften nur in S0 gerechnet,2026-01-18T20:00:00+00:00,2026-09-27T08:29:08.840000+00:00
A7/A8,kausal S2,R0,V039,trend_ema=50,8.152962806734143,,,docs/audit-nacharbeit-2026-10/A7-runs/R0-S2-V039.json,,,,,bedingtes Spotmodell; Hälften nur in S0 gerechnet,2026-01-18T20:00:00+00:00,2026-09-27T08:29:08.840000+00:00
A7/A8,kausal S3,R0,V039,trend_ema=50,27.196895482167594,,,docs/audit-nacharbeit-2026-10/A7-runs/R0-S3-V039.json,,,,,bedingtes Spotmodell; Hälften nur in S0 gerechnet,2026-01-18T20:00:00+00:00,2026-09-27T08:29:08.840000+00:00
A7/A8,kausal S4,R0,V039,trend_ema=50,8.381438866379076,,,docs/audit-nacharbeit-2026-10/A7-runs/R0-S4-V039.json,,,,,bedingtes Spotmodell; Hälften nur in S0 gerechnet,2026-01-18T20:00:00+00:00,2026-09-27T08:29:08.840000+00:00
A7/A8,Level-Diagnose korrigiert,R0,V039,trend_ema=50,34.5762117969312,23.174101365331023,9.256905717364926,docs/audit-nacharbeit-2026-10/A7-legacy/R0-V039.json,2026-01-18T20:00:00+00:00,2026-05-24T14:14:34.420000+00:00,2026-05-24T14:14:34.420000+00:00,2026-09-27T08:29:08.840000+00:00,retrospektiv; keine historische Orderausführung bewiesen,,
A7/A8,kausal S0,R1,V039,trend_ema=50,33.81598027877413,23.83526074095279,8.059674989258347,docs/audit-nacharbeit-2026-10/A7-runs/R1-S0-V039.json,2026-01-18T20:00:00+00:00,2026-05-25T16:00:00+00:00,2026-05-25T16:00:00+00:00,2026-09-29T12:00:00+00:00,bedingtes Spotmodell; getrennte Frischstarts,2026-01-18T20:00:00+00:00,2026-09-29T12:00:00+00:00
A7/A8,kausal S1,R1,V039,trend_ema=50,28.138065278798674,,,docs/audit-nacharbeit-2026-10/A7-runs/R1-S1-V039.json,,,,,bedingtes Spotmodell; Hälften nur in S0 gerechnet,2026-01-18T20:00:00+00:00,2026-09-29T12:00:00+00:00
A7/A8,kausal S2,R1,V039,trend_ema=50,7.747736399368499,,,docs/audit-nacharbeit-2026-10/A7-runs/R1-S2-V039.json,,,,,bedingtes Spotmodell; Hälften nur in S0 gerechnet,2026-01-18T20:00:00+00:00,2026-09-29T12:00:00+00:00
A7/A8,kausal S3,R1,V039,trend_ema=50,26.75687170527672,,,docs/audit-nacharbeit-2026-10/A7-runs/R1-S3-V039.json,,,,,bedingtes Spotmodell; Hälften nur in S0 gerechnet,2026-01-18T20:00:00+00:00,2026-09-29T12:00:00+00:00
A7/A8,kausal S4,R1,V039,trend_ema=50,7.922915148156395,,,docs/audit-nacharbeit-2026-10/A7-runs/R1-S4-V039.json,,,,,bedingtes Spotmodell; Hälften nur in S0 gerechnet,2026-01-18T20:00:00+00:00,2026-09-29T12:00:00+00:00
A7/A8,Level-Diagnose korrigiert,R1,V039,trend_ema=50,34.20186506568821,23.174101365331023,8.952988962873931,docs/audit-nacharbeit-2026-10/A7-legacy/R1-V039.json,2026-01-18T20:00:00+00:00,2026-05-25T16:00:00+00:00,2026-05-25T16:00:00+00:00,2026-09-29T12:00:00+00:00,retrospektiv; keine historische Orderausführung bewiesen,,
Originalaudit,Level-Diagnose,R0,V040,strict_confirm=true,28.764588457060782,26.032400166333947,2.1678459563738928,ccf2b01c0578346f325261e72445b7375a9ac706:docs/audit-2026-09-27/grid/V040.json,2026-01-18T20:00:00+00:00,2026-05-24T14:14:34.420000+00:00,2026-05-24T14:14:34.420000+00:00,2026-09-27T08:29:08.840000+00:00,retrospektiv; keine historische Orderausführung bewiesen,,
A7/A8,kausal S0,R0,V040,strict_confirm=true,27.196328393071333,23.70008364262015,2.8263883479271668,docs/audit-nacharbeit-2026-10/A7-runs/R0-S0-V040.json,2026-01-18T20:00:00+00:00,2026-05-24T14:14:34.420000+00:00,2026-05-24T14:14:34.420000+00:00,2026-09-27T08:29:08.840000+00:00,bedingtes Spotmodell; getrennte Frischstarts,2026-01-18T20:00:00+00:00,2026-09-27T08:29:08.840000+00:00
A7/A8,kausal S1,R0,V040,strict_confirm=true,22.737133006964804,,,docs/audit-nacharbeit-2026-10/A7-runs/R0-S1-V040.json,,,,,bedingtes Spotmodell; Hälften nur in S0 gerechnet,2026-01-18T20:00:00+00:00,2026-09-27T08:29:08.840000+00:00
A7/A8,kausal S2,R0,V040,strict_confirm=true,6.424230815215859,,,docs/audit-nacharbeit-2026-10/A7-runs/R0-S2-V040.json,,,,,bedingtes Spotmodell; Hälften nur in S0 gerechnet,2026-01-18T20:00:00+00:00,2026-09-27T08:29:08.840000+00:00
A7/A8,kausal S3,R0,V040,strict_confirm=true,17.160315241483936,,,docs/audit-nacharbeit-2026-10/A7-runs/R0-S3-V040.json,,,,,bedingtes Spotmodell; Hälften nur in S0 gerechnet,2026-01-18T20:00:00+00:00,2026-09-27T08:29:08.840000+00:00
A7/A8,kausal S4,R0,V040,strict_confirm=true,2.797211620708362,,,docs/audit-nacharbeit-2026-10/A7-runs/R0-S4-V040.json,,,,,bedingtes Spotmodell; Hälften nur in S0 gerechnet,2026-01-18T20:00:00+00:00,2026-09-27T08:29:08.840000+00:00
A7/A8,Level-Diagnose korrigiert,R0,V040,strict_confirm=true,28.060349792609674,25.4400342995337,2.0888988971566436,docs/audit-nacharbeit-2026-10/A7-legacy/R0-V040.json,2026-01-18T20:00:00+00:00,2026-05-24T14:14:34.420000+00:00,2026-05-24T14:14:34.420000+00:00,2026-09-27T08:29:08.840000+00:00,retrospektiv; keine historische Orderausführung bewiesen,,
A7/A8,kausal S0,R1,V040,strict_confirm=true,27.0604952310733,23.70008364262015,2.716579883778958,docs/audit-nacharbeit-2026-10/A7-runs/R1-S0-V040.json,2026-01-18T20:00:00+00:00,2026-05-25T16:00:00+00:00,2026-05-25T16:00:00+00:00,2026-09-29T12:00:00+00:00,bedingtes Spotmodell; getrennte Frischstarts,2026-01-18T20:00:00+00:00,2026-09-29T12:00:00+00:00
A7/A8,kausal S1,R1,V040,strict_confirm=true,22.596967446376603,,,docs/audit-nacharbeit-2026-10/A7-runs/R1-S1-V040.json,,,,,bedingtes Spotmodell; Hälften nur in S0 gerechnet,2026-01-18T20:00:00+00:00,2026-09-29T12:00:00+00:00
A7/A8,kausal S2,R1,V040,strict_confirm=true,6.271269721767703,,,docs/audit-nacharbeit-2026-10/A7-runs/R1-S2-V040.json,,,,,bedingtes Spotmodell; Hälften nur in S0 gerechnet,2026-01-18T20:00:00+00:00,2026-09-29T12:00:00+00:00
A7/A8,kausal S3,R1,V040,strict_confirm=true,17.00430263759167,,,docs/audit-nacharbeit-2026-10/A7-runs/R1-S3-V040.json,,,,,bedingtes Spotmodell; Hälften nur in S0 gerechnet,2026-01-18T20:00:00+00:00,2026-09-29T12:00:00+00:00
A7/A8,kausal S4,R1,V040,strict_confirm=true,2.6300738403719937,,,docs/audit-nacharbeit-2026-10/A7-runs/R1-S4-V040.json,,,,,bedingtes Spotmodell; Hälften nur in S0 gerechnet,2026-01-18T20:00:00+00:00,2026-09-29T12:00:00+00:00
A7/A8,Level-Diagnose korrigiert,R1,V040,strict_confirm=true,27.92266883923309,25.4400342995337,1.9791405140811236,docs/audit-nacharbeit-2026-10/A7-legacy/R1-V040.json,2026-01-18T20:00:00+00:00,2026-05-25T16:00:00+00:00,2026-05-25T16:00:00+00:00,2026-09-29T12:00:00+00:00,retrospektiv; keine historische Orderausführung bewiesen,,
Originalaudit,Level-Diagnose,R0,V041,confluence=true,14.69951198775108,7.661851423754751,6.536819189831977,ccf2b01c0578346f325261e72445b7375a9ac706:docs/audit-2026-09-27/grid/V041.json,2026-01-18T20:00:00+00:00,2026-05-24T14:14:34.420000+00:00,2026-05-24T14:14:34.420000+00:00,2026-09-27T08:29:08.840000+00:00,retrospektiv; keine historische Orderausführung bewiesen,,
A7/A8,kausal S0,R0,V041,confluence=true,15.080526823617113,8.253134610180823,6.306877152353807,docs/audit-nacharbeit-2026-10/A7-runs/R0-S0-V041.json,2026-01-18T20:00:00+00:00,2026-05-24T14:14:34.420000+00:00,2026-05-24T14:14:34.420000+00:00,2026-09-27T08:29:08.840000+00:00,bedingtes Spotmodell; getrennte Frischstarts,2026-01-18T20:00:00+00:00,2026-09-27T08:29:08.840000+00:00
A7/A8,kausal S1,R0,V041,confluence=true,9.757841371748444,,,docs/audit-nacharbeit-2026-10/A7-runs/R0-S1-V041.json,,,,,bedingtes Spotmodell; Hälften nur in S0 gerechnet,2026-01-18T20:00:00+00:00,2026-09-27T08:29:08.840000+00:00
A7/A8,kausal S2,R0,V041,confluence=true,-9.17496840792712,,,docs/audit-nacharbeit-2026-10/A7-runs/R0-S2-V041.json,,,,,bedingtes Spotmodell; Hälften nur in S0 gerechnet,2026-01-18T20:00:00+00:00,2026-09-27T08:29:08.840000+00:00
A7/A8,kausal S3,R0,V041,confluence=true,10.546066898043094,,,docs/audit-nacharbeit-2026-10/A7-runs/R0-S3-V041.json,,,,,bedingtes Spotmodell; Hälften nur in S0 gerechnet,2026-01-18T20:00:00+00:00,2026-09-27T08:29:08.840000+00:00
A7/A8,kausal S4,R0,V041,confluence=true,-7.470641045226223,,,docs/audit-nacharbeit-2026-10/A7-runs/R0-S4-V041.json,,,,,bedingtes Spotmodell; Hälften nur in S0 gerechnet,2026-01-18T20:00:00+00:00,2026-09-27T08:29:08.840000+00:00
A7/A8,Level-Diagnose korrigiert,R0,V041,confluence=true,14.333291287052607,7.282435094348805,6.572237278640225,docs/audit-nacharbeit-2026-10/A7-legacy/R0-V041.json,2026-01-18T20:00:00+00:00,2026-05-24T14:14:34.420000+00:00,2026-05-24T14:14:34.420000+00:00,2026-09-27T08:29:08.840000+00:00,retrospektiv; keine historische Orderausführung bewiesen,,
A7/A8,kausal S0,R1,V041,confluence=true,15.080526823617113,8.253134610180823,6.306877152353807,docs/audit-nacharbeit-2026-10/A7-runs/R1-S0-V041.json,2026-01-18T20:00:00+00:00,2026-05-25T16:00:00+00:00,2026-05-25T16:00:00+00:00,2026-09-29T12:00:00+00:00,bedingtes Spotmodell; getrennte Frischstarts,2026-01-18T20:00:00+00:00,2026-09-29T12:00:00+00:00
A7/A8,kausal S1,R1,V041,confluence=true,9.757841371748444,,,docs/audit-nacharbeit-2026-10/A7-runs/R1-S1-V041.json,,,,,bedingtes Spotmodell; Hälften nur in S0 gerechnet,2026-01-18T20:00:00+00:00,2026-09-29T12:00:00+00:00
A7/A8,kausal S2,R1,V041,confluence=true,-9.17496840792712,,,docs/audit-nacharbeit-2026-10/A7-runs/R1-S2-V041.json,,,,,bedingtes Spotmodell; Hälften nur in S0 gerechnet,2026-01-18T20:00:00+00:00,2026-09-29T12:00:00+00:00
A7/A8,kausal S3,R1,V041,confluence=true,10.546066898043094,,,docs/audit-nacharbeit-2026-10/A7-runs/R1-S3-V041.json,,,,,bedingtes Spotmodell; Hälften nur in S0 gerechnet,2026-01-18T20:00:00+00:00,2026-09-29T12:00:00+00:00
A7/A8,kausal S4,R1,V041,confluence=true,-7.470641045226223,,,docs/audit-nacharbeit-2026-10/A7-runs/R1-S4-V041.json,,,,,bedingtes Spotmodell; Hälften nur in S0 gerechnet,2026-01-18T20:00:00+00:00,2026-09-29T12:00:00+00:00
A7/A8,Level-Diagnose korrigiert,R1,V041,confluence=true,14.333291287052607,7.282435094348805,6.572237278640225,docs/audit-nacharbeit-2026-10/A7-legacy/R1-V041.json,2026-01-18T20:00:00+00:00,2026-05-25T16:00:00+00:00,2026-05-25T16:00:00+00:00,2026-09-29T12:00:00+00:00,retrospektiv; keine historische Orderausführung bewiesen,,
Originalaudit,Level-Diagnose,R0,V042,conditional_stop=true,31.23734699917835,19.388583935544766,9.924536059520062,ccf2b01c0578346f325261e72445b7375a9ac706:docs/audit-2026-09-27/grid/V042.json,2026-01-18T20:00:00+00:00,2026-05-24T14:14:34.420000+00:00,2026-05-24T14:14:34.420000+00:00,2026-09-27T08:29:08.840000+00:00,retrospektiv; keine historische Orderausführung bewiesen,,
A7/A8,kausal S0,R0,V042,conditional_stop=true,35.488629017096954,21.54987951909948,11.46751403880013,docs/audit-nacharbeit-2026-10/A7-runs/R0-S0-V042.json,2026-01-18T20:00:00+00:00,2026-05-24T14:14:34.420000+00:00,2026-05-24T14:14:34.420000+00:00,2026-09-27T08:29:08.840000+00:00,bedingtes Spotmodell; getrennte Frischstarts,2026-01-18T20:00:00+00:00,2026-09-27T08:29:08.840000+00:00
A7/A8,kausal S1,R0,V042,conditional_stop=true,29.825196219937776,,,docs/audit-nacharbeit-2026-10/A7-runs/R0-S1-V042.json,,,,,bedingtes Spotmodell; Hälften nur in S0 gerechnet,2026-01-18T20:00:00+00:00,2026-09-27T08:29:08.840000+00:00
A7/A8,kausal S2,R0,V042,conditional_stop=true,9.455014322627896,,,docs/audit-nacharbeit-2026-10/A7-runs/R0-S2-V042.json,,,,,bedingtes Spotmodell; Hälften nur in S0 gerechnet,2026-01-18T20:00:00+00:00,2026-09-27T08:29:08.840000+00:00
A7/A8,kausal S3,R0,V042,conditional_stop=true,30.957718307023363,,,docs/audit-nacharbeit-2026-10/A7-runs/R0-S3-V042.json,,,,,bedingtes Spotmodell; Hälften nur in S0 gerechnet,2026-01-18T20:00:00+00:00,2026-09-27T08:29:08.840000+00:00
A7/A8,kausal S4,R0,V042,conditional_stop=true,11.39179573779565,,,docs/audit-nacharbeit-2026-10/A7-runs/R0-S4-V042.json,,,,,bedingtes Spotmodell; Hälften nur in S0 gerechnet,2026-01-18T20:00:00+00:00,2026-09-27T08:29:08.840000+00:00
A7/A8,Level-Diagnose korrigiert,R0,V042,conditional_stop=true,32.85362358417638,21.824331645563987,9.053439316786971,docs/audit-nacharbeit-2026-10/A7-legacy/R0-V042.json,2026-01-18T20:00:00+00:00,2026-05-24T14:14:34.420000+00:00,2026-05-24T14:14:34.420000+00:00,2026-09-27T08:29:08.840000+00:00,retrospektiv; keine historische Orderausführung bewiesen,,
A7/A8,kausal S0,R1,V042,conditional_stop=true,35.11219888046424,21.54987951909948,11.1578221344379,docs/audit-nacharbeit-2026-10/A7-runs/R1-S0-V042.json,2026-01-18T20:00:00+00:00,2026-05-25T16:00:00+00:00,2026-05-25T16:00:00+00:00,2026-09-29T12:00:00+00:00,bedingtes Spotmodell; getrennte Frischstarts,2026-01-18T20:00:00+00:00,2026-09-29T12:00:00+00:00
A7/A8,kausal S1,R1,V042,conditional_stop=true,29.439319368801375,,,docs/audit-nacharbeit-2026-10/A7-runs/R1-S1-V042.json,,,,,bedingtes Spotmodell; Hälften nur in S0 gerechnet,2026-01-18T20:00:00+00:00,2026-09-29T12:00:00+00:00
A7/A8,kausal S2,R1,V042,conditional_stop=true,9.044909402050072,,,docs/audit-nacharbeit-2026-10/A7-runs/R1-S2-V042.json,,,,,bedingtes Spotmodell; Hälften nur in S0 gerechnet,2026-01-18T20:00:00+00:00,2026-09-29T12:00:00+00:00
A7/A8,kausal S3,R1,V042,conditional_stop=true,30.504684374048587,,,docs/audit-nacharbeit-2026-10/A7-runs/R1-S3-V042.json,,,,,bedingtes Spotmodell; Hälften nur in S0 gerechnet,2026-01-18T20:00:00+00:00,2026-09-29T12:00:00+00:00
A7/A8,kausal S4,R1,V042,conditional_stop=true,10.920536259277691,,,docs/audit-nacharbeit-2026-10/A7-runs/R1-S4-V042.json,,,,,bedingtes Spotmodell; Hälften nur in S0 gerechnet,2026-01-18T20:00:00+00:00,2026-09-29T12:00:00+00:00
A7/A8,Level-Diagnose korrigiert,R1,V042,conditional_stop=true,32.4840685264254,21.824331645563987,8.750088538860146,docs/audit-nacharbeit-2026-10/A7-legacy/R1-V042.json,2026-01-18T20:00:00+00:00,2026-05-25T16:00:00+00:00,2026-05-25T16:00:00+00:00,2026-09-29T12:00:00+00:00,retrospektiv; keine historische Orderausführung bewiesen,,
Originalaudit,Level-Diagnose,R0,V043,release_stale_rest=true,34.89001705051016,22.48295018998061,10.12962770841581,ccf2b01c0578346f325261e72445b7375a9ac706:docs/audit-2026-09-27/grid/V043.json,2026-01-18T20:00:00+00:00,2026-05-24T14:14:34.420000+00:00,2026-05-24T14:14:34.420000+00:00,2026-09-27T08:29:08.840000+00:00,retrospektiv; keine historische Orderausführung bewiesen,,
A7/A8,kausal S0,R0,V043,release_stale_rest=true,32.96415229537817,22.705103420246186,8.3607352825386,docs/audit-nacharbeit-2026-10/A7-runs/R0-S0-V043.json,2026-01-18T20:00:00+00:00,2026-05-24T14:14:34.420000+00:00,2026-05-24T14:14:34.420000+00:00,2026-09-27T08:29:08.840000+00:00,bedingtes Spotmodell; getrennte Frischstarts,2026-01-18T20:00:00+00:00,2026-09-27T08:29:08.840000+00:00
A7/A8,kausal S1,R0,V043,release_stale_rest=true,27.34878049153544,,,docs/audit-nacharbeit-2026-10/A7-runs/R0-S1-V043.json,,,,,bedingtes Spotmodell; Hälften nur in S0 gerechnet,2026-01-18T20:00:00+00:00,2026-09-27T08:29:08.840000+00:00
A7/A8,kausal S2,R0,V043,release_stale_rest=true,7.172773696885804,,,docs/audit-nacharbeit-2026-10/A7-runs/R0-S2-V043.json,,,,,bedingtes Spotmodell; Hälften nur in S0 gerechnet,2026-01-18T20:00:00+00:00,2026-09-27T08:29:08.840000+00:00
A7/A8,kausal S3,R0,V043,release_stale_rest=true,26.796181920723082,,,docs/audit-nacharbeit-2026-10/A7-runs/R0-S3-V043.json,,,,,bedingtes Spotmodell; Hälften nur in S0 gerechnet,2026-01-18T20:00:00+00:00,2026-09-27T08:29:08.840000+00:00
A7/A8,kausal S4,R0,V043,release_stale_rest=true,8.04000040439461,,,docs/audit-nacharbeit-2026-10/A7-runs/R0-S4-V043.json,,,,,bedingtes Spotmodell; Hälften nur in S0 gerechnet,2026-01-18T20:00:00+00:00,2026-09-27T08:29:08.840000+00:00
A7/A8,Level-Diagnose korrigiert,R0,V043,release_stale_rest=true,33.34947607393399,22.051302110727633,9.256905717364926,docs/audit-nacharbeit-2026-10/A7-legacy/R0-V043.json,2026-01-18T20:00:00+00:00,2026-05-24T14:14:34.420000+00:00,2026-05-24T14:14:34.420000+00:00,2026-09-27T08:29:08.840000+00:00,retrospektiv; keine historische Orderausführung bewiesen,,
A7/A8,kausal S0,R1,V043,release_stale_rest=true,32.59473595115134,22.705103420246186,8.059674989258347,docs/audit-nacharbeit-2026-10/A7-runs/R1-S0-V043.json,2026-01-18T20:00:00+00:00,2026-05-25T16:00:00+00:00,2026-05-25T16:00:00+00:00,2026-09-29T12:00:00+00:00,bedingtes Spotmodell; getrennte Frischstarts,2026-01-18T20:00:00+00:00,2026-09-29T12:00:00+00:00
A7/A8,kausal S1,R1,V043,release_stale_rest=true,26.97026424166293,,,docs/audit-nacharbeit-2026-10/A7-runs/R1-S1-V043.json,,,,,bedingtes Spotmodell; Hälften nur in S0 gerechnet,2026-01-18T20:00:00+00:00,2026-09-29T12:00:00+00:00
A7/A8,kausal S2,R1,V043,release_stale_rest=true,6.771219851983701,,,docs/audit-nacharbeit-2026-10/A7-runs/R1-S2-V043.json,,,,,bedingtes Spotmodell; Hälften nur in S0 gerechnet,2026-01-18T20:00:00+00:00,2026-09-29T12:00:00+00:00
A7/A8,kausal S3,R1,V043,release_stale_rest=true,26.357544368661756,,,docs/audit-nacharbeit-2026-10/A7-runs/R1-S3-V043.json,,,,,bedingtes Spotmodell; Hälften nur in S0 gerechnet,2026-01-18T20:00:00+00:00,2026-09-29T12:00:00+00:00
A7/A8,kausal S4,R1,V043,release_stale_rest=true,7.582921192120273,,,docs/audit-nacharbeit-2026-10/A7-runs/R1-S4-V043.json,,,,,bedingtes Spotmodell; Hälften nur in S0 gerechnet,2026-01-18T20:00:00+00:00,2026-09-29T12:00:00+00:00
A7/A8,Level-Diagnose korrigiert,R1,V043,release_stale_rest=true,32.97854171774504,22.051302110727633,8.952988962873931,docs/audit-nacharbeit-2026-10/A7-legacy/R1-V043.json,2026-01-18T20:00:00+00:00,2026-05-25T16:00:00+00:00,2026-05-25T16:00:00+00:00,2026-09-29T12:00:00+00:00,retrospektiv; keine historische Orderausführung bewiesen,,
Originalaudit,Level-Diagnose,R0,V044,liq_exit=spike,33.561714085795714,18.860086567891933,12.368851430632532,ccf2b01c0578346f325261e72445b7375a9ac706:docs/audit-2026-09-27/grid/V044.json,2026-01-18T20:00:00+00:00,2026-05-24T14:14:34.420000+00:00,2026-05-24T14:14:34.420000+00:00,2026-09-27T08:29:08.840000+00:00,retrospektiv; keine historische Orderausführung bewiesen,,
A7/A8,kausal S0,R0,V044,liq_exit=spike,30.75004872029399,19.599228639448118,9.323488293107518,docs/audit-nacharbeit-2026-10/A7-runs/R0-S0-V044.json,2026-01-18T20:00:00+00:00,2026-05-24T14:14:34.420000+00:00,2026-05-24T14:14:34.420000+00:00,2026-09-27T08:29:08.840000+00:00,bedingtes Spotmodell; getrennte Frischstarts,2026-01-18T20:00:00+00:00,2026-09-27T08:29:08.840000+00:00
A7/A8,kausal S1,R0,V044,liq_exit=spike,24.99342155361559,,,docs/audit-nacharbeit-2026-10/A7-runs/R0-S1-V044.json,,,,,bedingtes Spotmodell; Hälften nur in S0 gerechnet,2026-01-18T20:00:00+00:00,2026-09-27T08:29:08.840000+00:00
A7/A8,kausal S2,R0,V044,liq_exit=spike,4.3958746037035645,,,docs/audit-nacharbeit-2026-10/A7-runs/R0-S2-V044.json,,,,,bedingtes Spotmodell; Hälften nur in S0 gerechnet,2026-01-18T20:00:00+00:00,2026-09-27T08:29:08.840000+00:00
A7/A8,kausal S3,R0,V044,liq_exit=spike,26.859813545350807,,,docs/audit-nacharbeit-2026-10/A7-runs/R0-S3-V044.json,,,,,bedingtes Spotmodell; Hälften nur in S0 gerechnet,2026-01-18T20:00:00+00:00,2026-09-27T08:29:08.840000+00:00
A7/A8,kausal S4,R0,V044,liq_exit=spike,8.005980365840415,,,docs/audit-nacharbeit-2026-10/A7-runs/R0-S4-V044.json,,,,,bedingtes Spotmodell; Hälften nur in S0 gerechnet,2026-01-18T20:00:00+00:00,2026-09-27T08:29:08.840000+00:00
A7/A8,Level-Diagnose korrigiert,R0,V044,liq_exit=spike,31.63067011505154,18.440632523003476,11.136412657612604,docs/audit-nacharbeit-2026-10/A7-legacy/R0-V044.json,2026-01-18T20:00:00+00:00,2026-05-24T14:14:34.420000+00:00,2026-05-24T14:14:34.420000+00:00,2026-09-27T08:29:08.840000+00:00,retrospektiv; keine historische Orderausführung bewiesen,,
A7/A8,kausal S0,R1,V044,liq_exit=spike,30.301146265223466,19.599228639448118,8.948149371462954,docs/audit-nacharbeit-2026-10/A7-runs/R1-S0-V044.json,2026-01-18T20:00:00+00:00,2026-05-25T16:00:00+00:00,2026-05-25T16:00:00+00:00,2026-09-29T12:00:00+00:00,bedingtes Spotmodell; getrennte Frischstarts,2026-01-18T20:00:00+00:00,2026-09-29T12:00:00+00:00
A7/A8,kausal S1,R1,V044,liq_exit=spike,24.53356288522299,,,docs/audit-nacharbeit-2026-10/A7-runs/R1-S1-V044.json,,,,,bedingtes Spotmodell; Hälften nur in S0 gerechnet,2026-01-18T20:00:00+00:00,2026-09-29T12:00:00+00:00
A7/A8,kausal S2,R1,V044,liq_exit=spike,3.909291625859157,,,docs/audit-nacharbeit-2026-10/A7-runs/R1-S2-V044.json,,,,,bedingtes Spotmodell; Hälften nur in S0 gerechnet,2026-01-18T20:00:00+00:00,2026-09-29T12:00:00+00:00
A7/A8,kausal S3,R1,V044,liq_exit=spike,26.090613204044267,,,docs/audit-nacharbeit-2026-10/A7-runs/R1-S3-V044.json,,,,,bedingtes Spotmodell; Hälften nur in S0 gerechnet,2026-01-18T20:00:00+00:00,2026-09-29T12:00:00+00:00
A7/A8,kausal S4,R1,V044,liq_exit=spike,7.195029431863298,,,docs/audit-nacharbeit-2026-10/A7-runs/R1-S4-V044.json,,,,,bedingtes Spotmodell; Hälften nur in S0 gerechnet,2026-01-18T20:00:00+00:00,2026-09-29T12:00:00+00:00
A7/A8,Level-Diagnose korrigiert,R1,V044,liq_exit=spike,31.17842839893983,18.440632523003476,10.754582785145583,docs/audit-nacharbeit-2026-10/A7-legacy/R1-V044.json,2026-01-18T20:00:00+00:00,2026-05-25T16:00:00+00:00,2026-05-25T16:00:00+00:00,2026-09-29T12:00:00+00:00,retrospektiv; keine historische Orderausführung bewiesen,,
Originalaudit,Level-Diagnose,R0,V045,liq_exit=zone,28.508641120376875,19.929467914423405,7.153515608086636,ccf2b01c0578346f325261e72445b7375a9ac706:docs/audit-2026-09-27/grid/V045.json,2026-01-18T20:00:00+00:00,2026-05-24T14:14:34.420000+00:00,2026-05-24T14:14:34.420000+00:00,2026-09-27T08:29:08.840000+00:00,retrospektiv; keine historische Orderausführung bewiesen,,
A7/A8,kausal S0,R0,V045,liq_exit=zone,33.52903518127124,26.604628280087006,5.469315770877903,docs/audit-nacharbeit-2026-10/A7-runs/R0-S0-V045.json,2026-01-18T20:00:00+00:00,2026-05-24T14:14:34.420000+00:00,2026-05-24T14:14:34.420000+00:00,2026-09-27T08:29:08.840000+00:00,bedingtes Spotmodell; getrennte Frischstarts,2026-01-18T20:00:00+00:00,2026-09-27T08:29:08.840000+00:00
A7/A8,kausal S1,R0,V045,liq_exit=zone,27.638627701969966,,,docs/audit-nacharbeit-2026-10/A7-runs/R0-S1-V045.json,,,,,bedingtes Spotmodell; Hälften nur in S0 gerechnet,2026-01-18T20:00:00+00:00,2026-09-27T08:29:08.840000+00:00
A7/A8,kausal S2,R0,V045,liq_exit=zone,6.567576417812604,,,docs/audit-nacharbeit-2026-10/A7-runs/R0-S2-V045.json,,,,,bedingtes Spotmodell; Hälften nur in S0 gerechnet,2026-01-18T20:00:00+00:00,2026-09-27T08:29:08.840000+00:00
A7/A8,kausal S3,R0,V045,liq_exit=zone,21.02125612920922,,,docs/audit-nacharbeit-2026-10/A7-runs/R0-S3-V045.json,,,,,bedingtes Spotmodell; Hälften nur in S0 gerechnet,2026-01-18T20:00:00+00:00,2026-09-27T08:29:08.840000+00:00
A7/A8,kausal S4,R0,V045,liq_exit=zone,3.566409257533598,,,docs/audit-nacharbeit-2026-10/A7-runs/R0-S4-V045.json,,,,,bedingtes Spotmodell; Hälften nur in S0 gerechnet,2026-01-18T20:00:00+00:00,2026-09-27T08:29:08.840000+00:00
A7/A8,Level-Diagnose korrigiert,R0,V045,liq_exit=zone,26.612713127094455,19.705133528681973,5.770495712915591,docs/audit-nacharbeit-2026-10/A7-legacy/R0-V045.json,2026-01-18T20:00:00+00:00,2026-05-24T14:14:34.420000+00:00,2026-05-24T14:14:34.420000+00:00,2026-09-27T08:29:08.840000+00:00,retrospektiv; keine historische Orderausführung bewiesen,,
A7/A8,kausal S0,R1,V045,liq_exit=zone,33.22176593177482,26.604628280087006,5.226615915690425,docs/audit-nacharbeit-2026-10/A7-runs/R1-S0-V045.json,2026-01-18T20:00:00+00:00,2026-05-25T16:00:00+00:00,2026-05-25T16:00:00+00:00,2026-09-29T12:00:00+00:00,bedingtes Spotmodell; getrennte Frischstarts,2026-01-18T20:00:00+00:00,2026-09-29T12:00:00+00:00
A7/A8,kausal S1,R1,V045,liq_exit=zone,27.32437278033828,,,docs/audit-nacharbeit-2026-10/A7-runs/R1-S1-V045.json,,,,,bedingtes Spotmodell; Hälften nur in S0 gerechnet,2026-01-18T20:00:00+00:00,2026-09-29T12:00:00+00:00
A7/A8,kausal S2,R1,V045,liq_exit=zone,6.236683222944528,,,docs/audit-nacharbeit-2026-10/A7-runs/R1-S2-V045.json,,,,,bedingtes Spotmodell; Hälften nur in S0 gerechnet,2026-01-18T20:00:00+00:00,2026-09-29T12:00:00+00:00
A7/A8,kausal S3,R1,V045,liq_exit=zone,20.8030948468966,,,docs/audit-nacharbeit-2026-10/A7-runs/R1-S3-V045.json,,,,,bedingtes Spotmodell; Hälften nur in S0 gerechnet,2026-01-18T20:00:00+00:00,2026-09-29T12:00:00+00:00
A7/A8,kausal S4,R1,V045,liq_exit=zone,3.3381707042495545,,,docs/audit-nacharbeit-2026-10/A7-runs/R1-S4-V045.json,,,,,bedingtes Spotmodell; Hälften nur in S0 gerechnet,2026-01-18T20:00:00+00:00,2026-09-29T12:00:00+00:00
A7/A8,Level-Diagnose korrigiert,R1,V045,liq_exit=zone,26.321343655808228,19.705133528681973,5.527089717953504,docs/audit-nacharbeit-2026-10/A7-legacy/R1-V045.json,2026-01-18T20:00:00+00:00,2026-05-25T16:00:00+00:00,2026-05-25T16:00:00+00:00,2026-09-29T12:00:00+00:00,retrospektiv; keine historische Orderausführung bewiesen,,
Originalaudit,Level-Diagnose,R0,V046,liq_exit=both,27.632514018131737,19.759717304097137,6.573827069117,ccf2b01c0578346f325261e72445b7375a9ac706:docs/audit-2026-09-27/grid/V046.json,2026-01-18T20:00:00+00:00,2026-05-24T14:14:34.420000+00:00,2026-05-24T14:14:34.420000+00:00,2026-09-27T08:29:08.840000+00:00,retrospektiv; keine historische Orderausführung bewiesen,,
A7/A8,kausal S0,R0,V046,liq_exit=both,33.25152400457141,26.583312047530683,5.267844433187818,docs/audit-nacharbeit-2026-10/A7-runs/R0-S0-V046.json,2026-01-18T20:00:00+00:00,2026-05-24T14:14:34.420000+00:00,2026-05-24T14:14:34.420000+00:00,2026-09-27T08:29:08.840000+00:00,bedingtes Spotmodell; getrennte Frischstarts,2026-01-18T20:00:00+00:00,2026-09-27T08:29:08.840000+00:00
A7/A8,kausal S1,R0,V046,liq_exit=both,27.37317450408674,,,docs/audit-nacharbeit-2026-10/A7-runs/R0-S1-V046.json,,,,,bedingtes Spotmodell; Hälften nur in S0 gerechnet,2026-01-18T20:00:00+00:00,2026-09-27T08:29:08.840000+00:00
A7/A8,kausal S2,R0,V046,liq_exit=both,6.345332959043626,,,docs/audit-nacharbeit-2026-10/A7-runs/R0-S2-V046.json,,,,,bedingtes Spotmodell; Hälften nur in S0 gerechnet,2026-01-18T20:00:00+00:00,2026-09-27T08:29:08.840000+00:00
A7/A8,kausal S3,R0,V046,liq_exit=both,20.88408698684281,,,docs/audit-nacharbeit-2026-10/A7-runs/R0-S3-V046.json,,,,,bedingtes Spotmodell; Hälften nur in S0 gerechnet,2026-01-18T20:00:00+00:00,2026-09-27T08:29:08.840000+00:00
A7/A8,kausal S4,R0,V046,liq_exit=both,3.448576257977698,,,docs/audit-nacharbeit-2026-10/A7-runs/R0-S4-V046.json,,,,,bedingtes Spotmodell; Hälften nur in S0 gerechnet,2026-01-18T20:00:00+00:00,2026-09-27T08:29:08.840000+00:00
A7/A8,Level-Diagnose korrigiert,R0,V046,liq_exit=both,26.191502627491058,19.535700445812164,5.56804549340153,docs/audit-nacharbeit-2026-10/A7-legacy/R0-V046.json,2026-01-18T20:00:00+00:00,2026-05-24T14:14:34.420000+00:00,2026-05-24T14:14:34.420000+00:00,2026-09-27T08:29:08.840000+00:00,retrospektiv; keine historische Orderausführung bewiesen,,
A7/A8,kausal S0,R1,V046,liq_exit=both,32.94489334765429,26.583312047530683,5.02560819212472,docs/audit-nacharbeit-2026-10/A7-runs/R1-S0-V046.json,2026-01-18T20:00:00+00:00,2026-05-25T16:00:00+00:00,2026-05-25T16:00:00+00:00,2026-09-29T12:00:00+00:00,bedingtes Spotmodell; getrennte Frischstarts,2026-01-18T20:00:00+00:00,2026-09-29T12:00:00+00:00
A7/A8,kausal S1,R1,V046,liq_exit=both,27.059573146155923,,,docs/audit-nacharbeit-2026-10/A7-runs/R1-S1-V046.json,,,,,bedingtes Spotmodell; Hälften nur in S0 gerechnet,2026-01-18T20:00:00+00:00,2026-09-29T12:00:00+00:00
A7/A8,kausal S2,R1,V046,liq_exit=both,6.015129831929578,,,docs/audit-nacharbeit-2026-10/A7-runs/R1-S2-V046.json,,,,,bedingtes Spotmodell; Hälften nur in S0 gerechnet,2026-01-18T20:00:00+00:00,2026-09-29T12:00:00+00:00
A7/A8,kausal S3,R1,V046,liq_exit=both,20.66617297510853,,,docs/audit-nacharbeit-2026-10/A7-runs/R1-S3-V046.json,,,,,bedingtes Spotmodell; Hälften nur in S0 gerechnet,2026-01-18T20:00:00+00:00,2026-09-29T12:00:00+00:00
A7/A8,kausal S4,R1,V046,liq_exit=both,3.2205973838071777,,,docs/audit-nacharbeit-2026-10/A7-runs/R1-S4-V046.json,,,,,bedingtes Spotmodell; Hälften nur in S0 gerechnet,2026-01-18T20:00:00+00:00,2026-09-29T12:00:00+00:00
A7/A8,Level-Diagnose korrigiert,R1,V046,liq_exit=both,25.901102473404826,19.535700445812164,5.325105390149365,docs/audit-nacharbeit-2026-10/A7-legacy/R1-V046.json,2026-01-18T20:00:00+00:00,2026-05-25T16:00:00+00:00,2026-05-25T16:00:00+00:00,2026-09-29T12:00:00+00:00,retrospektiv; keine historische Orderausführung bewiesen,,
Originalaudit,Level-Diagnose,R0,V047,high_exit=weak,33.05271595427386,20.975693246826886,9.983015912796667,ccf2b01c0578346f325261e72445b7375a9ac706:docs/audit-2026-09-27/grid/V047.json,2026-01-18T20:00:00+00:00,2026-05-24T14:14:34.420000+00:00,2026-05-24T14:14:34.420000+00:00,2026-09-27T08:29:08.840000+00:00,retrospektiv; keine historische Orderausführung bewiesen,,
A7/A8,kausal S0,R0,V047,high_exit=weak,33.45242763822422,22.026682169944255,9.363317321344212,docs/audit-nacharbeit-2026-10/A7-runs/R0-S0-V047.json,2026-01-18T20:00:00+00:00,2026-05-24T14:14:34.420000+00:00,2026-05-24T14:14:34.420000+00:00,2026-09-27T08:29:08.840000+00:00,bedingtes Spotmodell; getrennte Frischstarts,2026-01-18T20:00:00+00:00,2026-09-27T08:29:08.840000+00:00
A7/A8,kausal S1,R0,V047,high_exit=weak,27.55661212284357,,,docs/audit-nacharbeit-2026-10/A7-runs/R0-S1-V047.json,,,,,bedingtes Spotmodell; Hälften nur in S0 gerechnet,2026-01-18T20:00:00+00:00,2026-09-27T08:29:08.840000+00:00
A7/A8,kausal S2,R0,V047,high_exit=weak,6.477690483515408,,,docs/audit-nacharbeit-2026-10/A7-runs/R0-S2-V047.json,,,,,bedingtes Spotmodell; Hälften nur in S0 gerechnet,2026-01-18T20:00:00+00:00,2026-09-27T08:29:08.840000+00:00
A7/A8,kausal S3,R0,V047,high_exit=weak,28.69485879042175,,,docs/audit-nacharbeit-2026-10/A7-runs/R0-S3-V047.json,,,,,bedingtes Spotmodell; Hälften nur in S0 gerechnet,2026-01-18T20:00:00+00:00,2026-09-27T08:29:08.840000+00:00
A7/A8,kausal S4,R0,V047,high_exit=weak,8.590617593367522,,,docs/audit-nacharbeit-2026-10/A7-runs/R0-S4-V047.json,,,,,bedingtes Spotmodell; Hälften nur in S0 gerechnet,2026-01-18T20:00:00+00:00,2026-09-27T08:29:08.840000+00:00
A7/A8,Level-Diagnose korrigiert,R0,V047,high_exit=weak,31.96182951272073,20.549912474592304,9.466549418303071,docs/audit-nacharbeit-2026-10/A7-legacy/R0-V047.json,2026-01-18T20:00:00+00:00,2026-05-24T14:14:34.420000+00:00,2026-05-24T14:14:34.420000+00:00,2026-09-27T08:29:08.840000+00:00,retrospektiv; keine historische Orderausführung bewiesen,,
A7/A8,kausal S0,R1,V047,high_exit=weak,33.056765593645856,22.026682169944255,9.039075083874092,docs/audit-nacharbeit-2026-10/A7-runs/R1-S0-V047.json,2026-01-18T20:00:00+00:00,2026-05-25T16:00:00+00:00,2026-05-25T16:00:00+00:00,2026-09-29T12:00:00+00:00,bedingtes Spotmodell; getrennte Frischstarts,2026-01-18T20:00:00+00:00,2026-09-29T12:00:00+00:00
A7/A8,kausal S1,R1,V047,high_exit=weak,27.153720670858995,,,docs/audit-nacharbeit-2026-10/A7-runs/R1-S1-V047.json,,,,,bedingtes Spotmodell; Hälften nur in S0 gerechnet,2026-01-18T20:00:00+00:00,2026-09-29T12:00:00+00:00
A7/A8,kausal S2,R1,V047,high_exit=weak,6.059016350218016,,,docs/audit-nacharbeit-2026-10/A7-runs/R1-S2-V047.json,,,,,bedingtes Spotmodell; Hälften nur in S0 gerechnet,2026-01-18T20:00:00+00:00,2026-09-29T12:00:00+00:00
A7/A8,kausal S3,R1,V047,high_exit=weak,28.067284164109996,,,docs/audit-nacharbeit-2026-10/A7-runs/R1-S3-V047.json,,,,,bedingtes Spotmodell; Hälften nur in S0 gerechnet,2026-01-18T20:00:00+00:00,2026-09-29T12:00:00+00:00
A7/A8,kausal S4,R1,V047,high_exit=weak,7.978158818780767,,,docs/audit-nacharbeit-2026-10/A7-runs/R1-S4-V047.json,,,,,bedingtes Spotmodell; Hälften nur in S0 gerechnet,2026-01-18T20:00:00+00:00,2026-09-29T12:00:00+00:00
A7/A8,Level-Diagnose korrigiert,R1,V047,high_exit=weak,31.570112870788126,20.549912474592304,9.14160796136494,docs/audit-nacharbeit-2026-10/A7-legacy/R1-V047.json,2026-01-18T20:00:00+00:00,2026-05-25T16:00:00+00:00,2026-05-25T16:00:00+00:00,2026-09-29T12:00:00+00:00,retrospektiv; keine historische Orderausführung bewiesen,,
Originalaudit,Level-Diagnose,R0,V048,liq_entry=filter,31.832393921943634,20.695705155628175,9.227079581626828,ccf2b01c0578346f325261e72445b7375a9ac706:docs/audit-2026-09-27/grid/V048.json,2026-01-18T20:00:00+00:00,2026-05-24T14:14:34.420000+00:00,2026-05-24T14:14:34.420000+00:00,2026-09-27T08:29:08.840000+00:00,retrospektiv; keine historische Orderausführung bewiesen,,
A7/A8,kausal S0,R0,V048,liq_entry=filter,28.731247897556344,19.040062096280753,8.141112857818689,docs/audit-nacharbeit-2026-10/A7-runs/R0-S0-V048.json,2026-01-18T20:00:00+00:00,2026-05-24T14:14:34.420000+00:00,2026-05-24T14:14:34.420000+00:00,2026-09-27T08:29:08.840000+00:00,bedingtes Spotmodell; getrennte Frischstarts,2026-01-18T20:00:00+00:00,2026-09-27T08:29:08.840000+00:00
A7/A8,kausal S1,R0,V048,liq_entry=filter,24.531206964557395,,,docs/audit-nacharbeit-2026-10/A7-runs/R0-S1-V048.json,,,,,bedingtes Spotmodell; Hälften nur in S0 gerechnet,2026-01-18T20:00:00+00:00,2026-09-27T08:29:08.840000+00:00
A7/A8,kausal S2,R0,V048,liq_entry=filter,7.8542825408354,,,docs/audit-nacharbeit-2026-10/A7-runs/R0-S2-V048.json,,,,,bedingtes Spotmodell; Hälften nur in S0 gerechnet,2026-01-18T20:00:00+00:00,2026-09-27T08:29:08.840000+00:00
A7/A8,kausal S3,R0,V048,liq_entry=filter,17.38059559728353,,,docs/audit-nacharbeit-2026-10/A7-runs/R0-S3-V048.json,,,,,bedingtes Spotmodell; Hälften nur in S0 gerechnet,2026-01-18T20:00:00+00:00,2026-09-27T08:29:08.840000+00:00
A7/A8,kausal S4,R0,V048,liq_entry=filter,3.145550739399261,,,docs/audit-nacharbeit-2026-10/A7-runs/R0-S4-V048.json,,,,,bedingtes Spotmodell; Hälften nur in S0 gerechnet,2026-01-18T20:00:00+00:00,2026-09-27T08:29:08.840000+00:00
A7/A8,Level-Diagnose korrigiert,R0,V048,liq_entry=filter,30.883110705345196,20.695705155628175,8.440570057220476,docs/audit-nacharbeit-2026-10/A7-legacy/R0-V048.json,2026-01-18T20:00:00+00:00,2026-05-24T14:14:34.420000+00:00,2026-05-24T14:14:34.420000+00:00,2026-09-27T08:29:08.840000+00:00,retrospektiv; keine historische Orderausführung bewiesen,,
A7/A8,kausal S0,R1,V048,liq_entry=filter,28.59377559257097,19.040062096280753,8.025628790888195,docs/audit-nacharbeit-2026-10/A7-runs/R1-S0-V048.json,2026-01-18T20:00:00+00:00,2026-05-25T16:00:00+00:00,2026-05-25T16:00:00+00:00,2026-09-29T12:00:00+00:00,bedingtes Spotmodell; getrennte Frischstarts,2026-01-18T20:00:00+00:00,2026-09-29T12:00:00+00:00
A7/A8,kausal S1,R1,V048,liq_entry=filter,24.3889925750953,,,docs/audit-nacharbeit-2026-10/A7-runs/R1-S1-V048.json,,,,,bedingtes Spotmodell; Hälften nur in S0 gerechnet,2026-01-18T20:00:00+00:00,2026-09-29T12:00:00+00:00
A7/A8,kausal S2,R1,V048,liq_entry=filter,7.699266067010391,,,docs/audit-nacharbeit-2026-10/A7-runs/R1-S2-V048.json,,,,,bedingtes Spotmodell; Hälften nur in S0 gerechnet,2026-01-18T20:00:00+00:00,2026-09-29T12:00:00+00:00
A7/A8,kausal S3,R1,V048,liq_entry=filter,17.224289664444314,,,docs/audit-nacharbeit-2026-10/A7-runs/R1-S3-V048.json,,,,,bedingtes Spotmodell; Hälften nur in S0 gerechnet,2026-01-18T20:00:00+00:00,2026-09-29T12:00:00+00:00
A7/A8,kausal S4,R1,V048,liq_entry=filter,2.977846595188005,,,docs/audit-nacharbeit-2026-10/A7-runs/R1-S4-V048.json,,,,,bedingtes Spotmodell; Hälften nur in S0 gerechnet,2026-01-18T20:00:00+00:00,2026-09-29T12:00:00+00:00
A7/A8,Level-Diagnose korrigiert,R1,V048,liq_entry=filter,30.742394929603623,20.695705155628175,8.323982830226662,docs/audit-nacharbeit-2026-10/A7-legacy/R1-V048.json,2026-01-18T20:00:00+00:00,2026-05-25T16:00:00+00:00,2026-05-25T16:00:00+00:00,2026-09-29T12:00:00+00:00,retrospektiv; keine historische Orderausführung bewiesen,,
Originalaudit,Level-Diagnose,R0,V049,block_unhealthy=true,36.130924832553625,23.60972034971367,10.12962770841581,ccf2b01c0578346f325261e72445b7375a9ac706:docs/audit-2026-09-27/grid/V049.json,2026-01-18T20:00:00+00:00,2026-05-24T14:14:34.420000+00:00,2026-05-24T14:14:34.420000+00:00,2026-09-27T08:29:08.840000+00:00,retrospektiv; keine historische Orderausführung bewiesen,,
A7/A8,kausal S0,R0,V049,block_unhealthy=true,34.188799077945205,23.83526074095279,8.3607352825386,docs/audit-nacharbeit-2026-10/A7-runs/R0-S0-V049.json,2026-01-18T20:00:00+00:00,2026-05-24T14:14:34.420000+00:00,2026-05-24T14:14:34.420000+00:00,2026-09-27T08:29:08.840000+00:00,bedingtes Spotmodell; getrennte Frischstarts,2026-01-18T20:00:00+00:00,2026-09-27T08:29:08.840000+00:00
A7/A8,kausal S1,R0,V049,block_unhealthy=true,28.52006290812501,,,docs/audit-nacharbeit-2026-10/A7-runs/R0-S1-V049.json,,,,,bedingtes Spotmodell; Hälften nur in S0 gerechnet,2026-01-18T20:00:00+00:00,2026-09-27T08:29:08.840000+00:00
A7/A8,kausal S2,R0,V049,block_unhealthy=true,8.152962806734143,,,docs/audit-nacharbeit-2026-10/A7-runs/R0-S2-V049.json,,,,,bedingtes Spotmodell; Hälften nur in S0 gerechnet,2026-01-18T20:00:00+00:00,2026-09-27T08:29:08.840000+00:00
A7/A8,kausal S3,R0,V049,block_unhealthy=true,27.196895482167594,,,docs/audit-nacharbeit-2026-10/A7-runs/R0-S3-V049.json,,,,,bedingtes Spotmodell; Hälften nur in S0 gerechnet,2026-01-18T20:00:00+00:00,2026-09-27T08:29:08.840000+00:00
A7/A8,kausal S4,R0,V049,block_unhealthy=true,8.381438866379076,,,docs/audit-nacharbeit-2026-10/A7-runs/R0-S4-V049.json,,,,,bedingtes Spotmodell; Hälften nur in S0 gerechnet,2026-01-18T20:00:00+00:00,2026-09-27T08:29:08.840000+00:00
A7/A8,Level-Diagnose korrigiert,R0,V049,block_unhealthy=true,34.5762117969312,23.174101365331023,9.256905717364926,docs/audit-nacharbeit-2026-10/A7-legacy/R0-V049.json,2026-01-18T20:00:00+00:00,2026-05-24T14:14:34.420000+00:00,2026-05-24T14:14:34.420000+00:00,2026-09-27T08:29:08.840000+00:00,retrospektiv; keine historische Orderausführung bewiesen,,
A7/A8,kausal S0,R1,V049,block_unhealthy=true,33.81598027877413,23.83526074095279,8.059674989258347,docs/audit-nacharbeit-2026-10/A7-runs/R1-S0-V049.json,2026-01-18T20:00:00+00:00,2026-05-25T16:00:00+00:00,2026-05-25T16:00:00+00:00,2026-09-29T12:00:00+00:00,bedingtes Spotmodell; getrennte Frischstarts,2026-01-18T20:00:00+00:00,2026-09-29T12:00:00+00:00
A7/A8,kausal S1,R1,V049,block_unhealthy=true,28.138065278798674,,,docs/audit-nacharbeit-2026-10/A7-runs/R1-S1-V049.json,,,,,bedingtes Spotmodell; Hälften nur in S0 gerechnet,2026-01-18T20:00:00+00:00,2026-09-29T12:00:00+00:00
A7/A8,kausal S2,R1,V049,block_unhealthy=true,7.747736399368499,,,docs/audit-nacharbeit-2026-10/A7-runs/R1-S2-V049.json,,,,,bedingtes Spotmodell; Hälften nur in S0 gerechnet,2026-01-18T20:00:00+00:00,2026-09-29T12:00:00+00:00
A7/A8,kausal S3,R1,V049,block_unhealthy=true,26.75687170527672,,,docs/audit-nacharbeit-2026-10/A7-runs/R1-S3-V049.json,,,,,bedingtes Spotmodell; Hälften nur in S0 gerechnet,2026-01-18T20:00:00+00:00,2026-09-29T12:00:00+00:00
A7/A8,kausal S4,R1,V049,block_unhealthy=true,7.922915148156395,,,docs/audit-nacharbeit-2026-10/A7-runs/R1-S4-V049.json,,,,,bedingtes Spotmodell; Hälften nur in S0 gerechnet,2026-01-18T20:00:00+00:00,2026-09-29T12:00:00+00:00
A7/A8,Level-Diagnose korrigiert,R1,V049,block_unhealthy=true,34.20186506568821,23.174101365331023,8.952988962873931,docs/audit-nacharbeit-2026-10/A7-legacy/R1-V049.json,2026-01-18T20:00:00+00:00,2026-05-25T16:00:00+00:00,2026-05-25T16:00:00+00:00,2026-09-29T12:00:00+00:00,retrospektiv; keine historische Orderausführung bewiesen,,
Originalaudit,Level-Diagnose,R0,V050,muster5_entry=true,35.49401046711564,22.111973156092724,10.958824892557416,ccf2b01c0578346f325261e72445b7375a9ac706:docs/audit-2026-09-27/grid/V050.json,2026-01-18T20:00:00+00:00,2026-05-24T14:14:34.420000+00:00,2026-05-24T14:14:34.420000+00:00,2026-09-27T08:29:08.840000+00:00,retrospektiv; keine historische Orderausführung bewiesen,,
A7/A8,kausal S0,R0,V050,muster5_entry=true,35.872185481301486,23.791448053115396,9.758943463527991,docs/audit-nacharbeit-2026-10/A7-runs/R0-S0-V050.json,2026-01-18T20:00:00+00:00,2026-05-24T14:14:34.420000+00:00,2026-05-24T14:14:34.420000+00:00,2026-09-27T08:29:08.840000+00:00,bedingtes Spotmodell; getrennte Frischstarts,2026-01-18T20:00:00+00:00,2026-09-27T08:29:08.840000+00:00
A7/A8,kausal S1,R0,V050,muster5_entry=true,30.037260816037193,,,docs/audit-nacharbeit-2026-10/A7-runs/R0-S1-V050.json,,,,,bedingtes Spotmodell; Hälften nur in S0 gerechnet,2026-01-18T20:00:00+00:00,2026-09-27T08:29:08.840000+00:00
A7/A8,kausal S2,R0,V050,muster5_entry=true,9.109505142788855,,,docs/audit-nacharbeit-2026-10/A7-runs/R0-S2-V050.json,,,,,bedingtes Spotmodell; Hälften nur in S0 gerechnet,2026-01-18T20:00:00+00:00,2026-09-27T08:29:08.840000+00:00
A7/A8,kausal S3,R0,V050,muster5_entry=true,30.906874151560327,,,docs/audit-nacharbeit-2026-10/A7-runs/R0-S3-V050.json,,,,,bedingtes Spotmodell; Hälften nur in S0 gerechnet,2026-01-18T20:00:00+00:00,2026-09-27T08:29:08.840000+00:00
A7/A8,kausal S4,R0,V050,muster5_entry=true,11.082314451868402,,,docs/audit-nacharbeit-2026-10/A7-runs/R0-S4-V050.json,,,,,bedingtes Spotmodell; Hälften nur in S0 gerechnet,2026-01-18T20:00:00+00:00,2026-09-27T08:29:08.840000+00:00
A7/A8,Level-Diagnose korrigiert,R0,V050,muster5_entry=true,35.56392179068153,23.13048634864905,10.097771730411797,docs/audit-nacharbeit-2026-10/A7-legacy/R0-V050.json,2026-01-18T20:00:00+00:00,2026-05-24T14:14:34.420000+00:00,2026-05-24T14:14:34.420000+00:00,2026-09-27T08:29:08.840000+00:00,retrospektiv; keine historische Orderausführung bewiesen,,
A7/A8,kausal S0,R1,V050,muster5_entry=true,35.49468970385985,23.791448053115396,9.4539985070075,docs/audit-nacharbeit-2026-10/A7-runs/R1-S0-V050.json,2026-01-18T20:00:00+00:00,2026-05-25T16:00:00+00:00,2026-05-25T16:00:00+00:00,2026-09-29T12:00:00+00:00,bedingtes Spotmodell; getrennte Frischstarts,2026-01-18T20:00:00+00:00,2026-09-29T12:00:00+00:00
A7/A8,kausal S1,R1,V050,muster5_entry=true,29.650753649515458,,,docs/audit-nacharbeit-2026-10/A7-runs/R1-S1-V050.json,,,,,bedingtes Spotmodell; Hälften nur in S0 gerechnet,2026-01-18T20:00:00+00:00,2026-09-29T12:00:00+00:00
A7/A8,kausal S2,R1,V050,muster5_entry=true,8.700694772448237,,,docs/audit-nacharbeit-2026-10/A7-runs/R1-S2-V050.json,,,,,bedingtes Spotmodell; Hälften nur in S0 gerechnet,2026-01-18T20:00:00+00:00,2026-09-29T12:00:00+00:00
A7/A8,kausal S3,R1,V050,muster5_entry=true,30.454016108391933,,,docs/audit-nacharbeit-2026-10/A7-runs/R1-S3-V050.json,,,,,bedingtes Spotmodell; Hälften nur in S0 gerechnet,2026-01-18T20:00:00+00:00,2026-09-29T12:00:00+00:00
A7/A8,kausal S4,R1,V050,muster5_entry=true,10.612364279735619,,,docs/audit-nacharbeit-2026-10/A7-runs/R1-S4-V050.json,,,,,bedingtes Spotmodell; Hälften nur in S0 gerechnet,2026-01-18T20:00:00+00:00,2026-09-29T12:00:00+00:00
A7/A8,Level-Diagnose korrigiert,R1,V050,muster5_entry=true,35.18682757529818,23.13048634864905,9.79151596340737,docs/audit-nacharbeit-2026-10/A7-legacy/R1-V050.json,2026-01-18T20:00:00+00:00,2026-05-25T16:00:00+00:00,2026-05-25T16:00:00+00:00,2026-09-29T12:00:00+00:00,retrospektiv; keine historische Orderausführung bewiesen,,
Originalaudit,Level-Diagnose,R0,V051,muster5_halten=leiter,36.130924832553625,23.60972034971367,10.12962770841581,ccf2b01c0578346f325261e72445b7375a9ac706:docs/audit-2026-09-27/grid/V051.json,2026-01-18T20:00:00+00:00,2026-05-24T14:14:34.420000+00:00,2026-05-24T14:14:34.420000+00:00,2026-09-27T08:29:08.840000+00:00,retrospektiv; keine historische Orderausführung bewiesen,,
A7/A8,kausal S0,R0,V051,muster5_halten=leiter,34.188799077945205,23.83526074095279,8.3607352825386,docs/audit-nacharbeit-2026-10/A7-runs/R0-S0-V051.json,2026-01-18T20:00:00+00:00,2026-05-24T14:14:34.420000+00:00,2026-05-24T14:14:34.420000+00:00,2026-09-27T08:29:08.840000+00:00,bedingtes Spotmodell; getrennte Frischstarts,2026-01-18T20:00:00+00:00,2026-09-27T08:29:08.840000+00:00
A7/A8,kausal S1,R0,V051,muster5_halten=leiter,28.52006290812501,,,docs/audit-nacharbeit-2026-10/A7-runs/R0-S1-V051.json,,,,,bedingtes Spotmodell; Hälften nur in S0 gerechnet,2026-01-18T20:00:00+00:00,2026-09-27T08:29:08.840000+00:00
A7/A8,kausal S2,R0,V051,muster5_halten=leiter,8.152962806734143,,,docs/audit-nacharbeit-2026-10/A7-runs/R0-S2-V051.json,,,,,bedingtes Spotmodell; Hälften nur in S0 gerechnet,2026-01-18T20:00:00+00:00,2026-09-27T08:29:08.840000+00:00
A7/A8,kausal S3,R0,V051,muster5_halten=leiter,27.196895482167594,,,docs/audit-nacharbeit-2026-10/A7-runs/R0-S3-V051.json,,,,,bedingtes Spotmodell; Hälften nur in S0 gerechnet,2026-01-18T20:00:00+00:00,2026-09-27T08:29:08.840000+00:00
A7/A8,kausal S4,R0,V051,muster5_halten=leiter,8.381438866379076,,,docs/audit-nacharbeit-2026-10/A7-runs/R0-S4-V051.json,,,,,bedingtes Spotmodell; Hälften nur in S0 gerechnet,2026-01-18T20:00:00+00:00,2026-09-27T08:29:08.840000+00:00
A7/A8,Level-Diagnose korrigiert,R0,V051,muster5_halten=leiter,34.5762117969312,23.174101365331023,9.256905717364926,docs/audit-nacharbeit-2026-10/A7-legacy/R0-V051.json,2026-01-18T20:00:00+00:00,2026-05-24T14:14:34.420000+00:00,2026-05-24T14:14:34.420000+00:00,2026-09-27T08:29:08.840000+00:00,retrospektiv; keine historische Orderausführung bewiesen,,
A7/A8,kausal S0,R1,V051,muster5_halten=leiter,33.81598027877413,23.83526074095279,8.059674989258347,docs/audit-nacharbeit-2026-10/A7-runs/R1-S0-V051.json,2026-01-18T20:00:00+00:00,2026-05-25T16:00:00+00:00,2026-05-25T16:00:00+00:00,2026-09-29T12:00:00+00:00,bedingtes Spotmodell; getrennte Frischstarts,2026-01-18T20:00:00+00:00,2026-09-29T12:00:00+00:00
A7/A8,kausal S1,R1,V051,muster5_halten=leiter,28.138065278798674,,,docs/audit-nacharbeit-2026-10/A7-runs/R1-S1-V051.json,,,,,bedingtes Spotmodell; Hälften nur in S0 gerechnet,2026-01-18T20:00:00+00:00,2026-09-29T12:00:00+00:00
A7/A8,kausal S2,R1,V051,muster5_halten=leiter,7.747736399368499,,,docs/audit-nacharbeit-2026-10/A7-runs/R1-S2-V051.json,,,,,bedingtes Spotmodell; Hälften nur in S0 gerechnet,2026-01-18T20:00:00+00:00,2026-09-29T12:00:00+00:00
A7/A8,kausal S3,R1,V051,muster5_halten=leiter,26.75687170527672,,,docs/audit-nacharbeit-2026-10/A7-runs/R1-S3-V051.json,,,,,bedingtes Spotmodell; Hälften nur in S0 gerechnet,2026-01-18T20:00:00+00:00,2026-09-29T12:00:00+00:00
A7/A8,kausal S4,R1,V051,muster5_halten=leiter,7.922915148156395,,,docs/audit-nacharbeit-2026-10/A7-runs/R1-S4-V051.json,,,,,bedingtes Spotmodell; Hälften nur in S0 gerechnet,2026-01-18T20:00:00+00:00,2026-09-29T12:00:00+00:00
A7/A8,Level-Diagnose korrigiert,R1,V051,muster5_halten=leiter,34.20186506568821,23.174101365331023,8.952988962873931,docs/audit-nacharbeit-2026-10/A7-legacy/R1-V051.json,2026-01-18T20:00:00+00:00,2026-05-25T16:00:00+00:00,2026-05-25T16:00:00+00:00,2026-09-29T12:00:00+00:00,retrospektiv; keine historische Orderausführung bewiesen,,
Originalaudit,Level-Diagnose,R0,V052,muster5_halten=alle,36.130924832553625,23.60972034971367,10.12962770841581,ccf2b01c0578346f325261e72445b7375a9ac706:docs/audit-2026-09-27/grid/V052.json,2026-01-18T20:00:00+00:00,2026-05-24T14:14:34.420000+00:00,2026-05-24T14:14:34.420000+00:00,2026-09-27T08:29:08.840000+00:00,retrospektiv; keine historische Orderausführung bewiesen,,
A7/A8,kausal S0,R0,V052,muster5_halten=alle,34.188799077945205,23.83526074095279,8.3607352825386,docs/audit-nacharbeit-2026-10/A7-runs/R0-S0-V052.json,2026-01-18T20:00:00+00:00,2026-05-24T14:14:34.420000+00:00,2026-05-24T14:14:34.420000+00:00,2026-09-27T08:29:08.840000+00:00,bedingtes Spotmodell; getrennte Frischstarts,2026-01-18T20:00:00+00:00,2026-09-27T08:29:08.840000+00:00
A7/A8,kausal S1,R0,V052,muster5_halten=alle,28.52006290812501,,,docs/audit-nacharbeit-2026-10/A7-runs/R0-S1-V052.json,,,,,bedingtes Spotmodell; Hälften nur in S0 gerechnet,2026-01-18T20:00:00+00:00,2026-09-27T08:29:08.840000+00:00
A7/A8,kausal S2,R0,V052,muster5_halten=alle,8.152962806734143,,,docs/audit-nacharbeit-2026-10/A7-runs/R0-S2-V052.json,,,,,bedingtes Spotmodell; Hälften nur in S0 gerechnet,2026-01-18T20:00:00+00:00,2026-09-27T08:29:08.840000+00:00
A7/A8,kausal S3,R0,V052,muster5_halten=alle,27.196895482167594,,,docs/audit-nacharbeit-2026-10/A7-runs/R0-S3-V052.json,,,,,bedingtes Spotmodell; Hälften nur in S0 gerechnet,2026-01-18T20:00:00+00:00,2026-09-27T08:29:08.840000+00:00
A7/A8,kausal S4,R0,V052,muster5_halten=alle,8.381438866379076,,,docs/audit-nacharbeit-2026-10/A7-runs/R0-S4-V052.json,,,,,bedingtes Spotmodell; Hälften nur in S0 gerechnet,2026-01-18T20:00:00+00:00,2026-09-27T08:29:08.840000+00:00
A7/A8,Level-Diagnose korrigiert,R0,V052,muster5_halten=alle,34.5762117969312,23.174101365331023,9.256905717364926,docs/audit-nacharbeit-2026-10/A7-legacy/R0-V052.json,2026-01-18T20:00:00+00:00,2026-05-24T14:14:34.420000+00:00,2026-05-24T14:14:34.420000+00:00,2026-09-27T08:29:08.840000+00:00,retrospektiv; keine historische Orderausführung bewiesen,,
A7/A8,kausal S0,R1,V052,muster5_halten=alle,33.81598027877413,23.83526074095279,8.059674989258347,docs/audit-nacharbeit-2026-10/A7-runs/R1-S0-V052.json,2026-01-18T20:00:00+00:00,2026-05-25T16:00:00+00:00,2026-05-25T16:00:00+00:00,2026-09-29T12:00:00+00:00,bedingtes Spotmodell; getrennte Frischstarts,2026-01-18T20:00:00+00:00,2026-09-29T12:00:00+00:00
A7/A8,kausal S1,R1,V052,muster5_halten=alle,28.138065278798674,,,docs/audit-nacharbeit-2026-10/A7-runs/R1-S1-V052.json,,,,,bedingtes Spotmodell; Hälften nur in S0 gerechnet,2026-01-18T20:00:00+00:00,2026-09-29T12:00:00+00:00
A7/A8,kausal S2,R1,V052,muster5_halten=alle,7.747736399368499,,,docs/audit-nacharbeit-2026-10/A7-runs/R1-S2-V052.json,,,,,bedingtes Spotmodell; Hälften nur in S0 gerechnet,2026-01-18T20:00:00+00:00,2026-09-29T12:00:00+00:00
A7/A8,kausal S3,R1,V052,muster5_halten=alle,26.75687170527672,,,docs/audit-nacharbeit-2026-10/A7-runs/R1-S3-V052.json,,,,,bedingtes Spotmodell; Hälften nur in S0 gerechnet,2026-01-18T20:00:00+00:00,2026-09-29T12:00:00+00:00
A7/A8,kausal S4,R1,V052,muster5_halten=alle,7.922915148156395,,,docs/audit-nacharbeit-2026-10/A7-runs/R1-S4-V052.json,,,,,bedingtes Spotmodell; Hälften nur in S0 gerechnet,2026-01-18T20:00:00+00:00,2026-09-29T12:00:00+00:00
A7/A8,Level-Diagnose korrigiert,R1,V052,muster5_halten=alle,34.20186506568821,23.174101365331023,8.952988962873931,docs/audit-nacharbeit-2026-10/A7-legacy/R1-V052.json,2026-01-18T20:00:00+00:00,2026-05-25T16:00:00+00:00,2026-05-25T16:00:00+00:00,2026-09-29T12:00:00+00:00,retrospektiv; keine historische Orderausführung bewiesen,,
Originalaudit,Level-Diagnose,R0,V053,stop_puffer_pct=0.005,37.00934659103512,22.253233774768265,12.07012065092088,ccf2b01c0578346f325261e72445b7375a9ac706:docs/audit-2026-09-27/grid/V053.json,2026-01-18T20:00:00+00:00,2026-05-24T14:14:34.420000+00:00,2026-05-24T14:14:34.420000+00:00,2026-09-27T08:29:08.840000+00:00,retrospektiv; keine historische Orderausführung bewiesen,,
A7/A8,kausal S0,R0,V053,stop_puffer_pct=0.005,36.67259805207597,22.60921275547636,11.470088568831072,docs/audit-nacharbeit-2026-10/A7-runs/R0-S0-V053.json,2026-01-18T20:00:00+00:00,2026-05-24T14:14:34.420000+00:00,2026-05-24T14:14:34.420000+00:00,2026-09-27T08:29:08.840000+00:00,bedingtes Spotmodell; getrennte Frischstarts,2026-01-18T20:00:00+00:00,2026-09-27T08:29:08.840000+00:00
A7/A8,kausal S1,R0,V053,stop_puffer_pct=0.005,31.21961278638723,,,docs/audit-nacharbeit-2026-10/A7-runs/R0-S1-V053.json,,,,,bedingtes Spotmodell; Hälften nur in S0 gerechnet,2026-01-18T20:00:00+00:00,2026-09-27T08:29:08.840000+00:00
A7/A8,kausal S2,R0,V053,stop_puffer_pct=0.005,11.510001747866916,,,docs/audit-nacharbeit-2026-10/A7-runs/R0-S2-V053.json,,,,,bedingtes Spotmodell; Hälften nur in S0 gerechnet,2026-01-18T20:00:00+00:00,2026-09-27T08:29:08.840000+00:00
A7/A8,kausal S3,R0,V053,stop_puffer_pct=0.005,30.146323169463773,,,docs/audit-nacharbeit-2026-10/A7-runs/R0-S3-V053.json,,,,,bedingtes Spotmodell; Hälften nur in S0 gerechnet,2026-01-18T20:00:00+00:00,2026-09-27T08:29:08.840000+00:00
A7/A8,kausal S4,R0,V053,stop_puffer_pct=0.005,11.742851704732281,,,docs/audit-nacharbeit-2026-10/A7-runs/R0-S4-V053.json,,,,,bedingtes Spotmodell; Hälften nur in S0 gerechnet,2026-01-18T20:00:00+00:00,2026-09-27T08:29:08.840000+00:00
A7/A8,Level-Diagnose korrigiert,R0,V053,stop_puffer_pct=0.005,35.444601347372064,21.822395250226645,11.18202122784151,docs/audit-nacharbeit-2026-10/A7-legacy/R0-V053.json,2026-01-18T20:00:00+00:00,2026-05-24T14:14:34.420000+00:00,2026-05-24T14:14:34.420000+00:00,2026-09-27T08:29:08.840000+00:00,retrospektiv; keine historische Orderausführung bewiesen,,
A7/A8,kausal S0,R1,V053,stop_puffer_pct=0.005,36.2928784761092,22.60921275547636,11.160389511612534,docs/audit-nacharbeit-2026-10/A7-runs/R1-S0-V053.json,2026-01-18T20:00:00+00:00,2026-05-25T16:00:00+00:00,2026-05-25T16:00:00+00:00,2026-09-29T12:00:00+00:00,bedingtes Spotmodell; getrennte Frischstarts,2026-01-18T20:00:00+00:00,2026-09-29T12:00:00+00:00
A7/A8,kausal S1,R1,V053,stop_puffer_pct=0.005,30.82959133859702,,,docs/audit-nacharbeit-2026-10/A7-runs/R1-S1-V053.json,,,,,bedingtes Spotmodell; Hälften nur in S0 gerechnet,2026-01-18T20:00:00+00:00,2026-09-29T12:00:00+00:00
A7/A8,kausal S2,R1,V053,stop_puffer_pct=0.005,11.092197221564938,,,docs/audit-nacharbeit-2026-10/A7-runs/R1-S2-V053.json,,,,,bedingtes Spotmodell; Hälften nur in S0 gerechnet,2026-01-18T20:00:00+00:00,2026-09-29T12:00:00+00:00
A7/A8,kausal S3,R1,V053,stop_puffer_pct=0.005,29.69609616940687,,,docs/audit-nacharbeit-2026-10/A7-runs/R1-S3-V053.json,,,,,bedingtes Spotmodell; Hälften nur in S0 gerechnet,2026-01-18T20:00:00+00:00,2026-09-29T12:00:00+00:00
A7/A8,kausal S4,R1,V053,stop_puffer_pct=0.005,11.270107031987786,,,docs/audit-nacharbeit-2026-10/A7-runs/R1-S4-V053.json,,,,,bedingtes Spotmodell; Hälften nur in S0 gerechnet,2026-01-18T20:00:00+00:00,2026-09-29T12:00:00+00:00
A7/A8,Level-Diagnose korrigiert,R1,V053,stop_puffer_pct=0.005,35.06783904219286,21.822395250226645,10.872749435569396,docs/audit-nacharbeit-2026-10/A7-legacy/R1-V053.json,2026-01-18T20:00:00+00:00,2026-05-25T16:00:00+00:00,2026-05-25T16:00:00+00:00,2026-09-29T12:00:00+00:00,retrospektiv; keine historische Orderausführung bewiesen,,
Originalaudit,Level-Diagnose,R0,V054,stop_rueckeroberung=3,34.48277757913534,21.911285730522103,10.312000052564185,ccf2b01c0578346f325261e72445b7375a9ac706:docs/audit-2026-09-27/grid/V054.json,2026-01-18T20:00:00+00:00,2026-05-24T14:14:34.420000+00:00,2026-05-24T14:14:34.420000+00:00,2026-09-27T08:29:08.840000+00:00,retrospektiv; keine historische Orderausführung bewiesen,,
A7/A8,kausal S0,R0,V054,stop_rueckeroberung=3,34.49359154949347,23.91135072842112,8.540170661415459,docs/audit-nacharbeit-2026-10/A7-runs/R0-S0-V054.json,2026-01-18T20:00:00+00:00,2026-05-24T14:14:34.420000+00:00,2026-05-24T14:14:34.420000+00:00,2026-09-27T08:29:08.840000+00:00,bedingtes Spotmodell; getrennte Frischstarts,2026-01-18T20:00:00+00:00,2026-09-27T08:29:08.840000+00:00
A7/A8,kausal S1,R0,V054,stop_rueckeroberung=3,28.81088770775664,,,docs/audit-nacharbeit-2026-10/A7-runs/R0-S1-V054.json,,,,,bedingtes Spotmodell; Hälften nur in S0 gerechnet,2026-01-18T20:00:00+00:00,2026-09-27T08:29:08.840000+00:00
A7/A8,kausal S2,R0,V054,stop_rueckeroberung=3,8.394012355024593,,,docs/audit-nacharbeit-2026-10/A7-runs/R0-S2-V054.json,,,,,bedingtes Spotmodell; Hälften nur in S0 gerechnet,2026-01-18T20:00:00+00:00,2026-09-27T08:29:08.840000+00:00
A7/A8,kausal S3,R0,V054,stop_rueckeroberung=3,26.932902842344152,,,docs/audit-nacharbeit-2026-10/A7-runs/R0-S3-V054.json,,,,,bedingtes Spotmodell; Hälften nur in S0 gerechnet,2026-01-18T20:00:00+00:00,2026-09-27T08:29:08.840000+00:00
A7/A8,kausal S4,R0,V054,stop_rueckeroberung=3,8.09382345522871,,,docs/audit-nacharbeit-2026-10/A7-runs/R0-S4-V054.json,,,,,bedingtes Spotmodell; Hälften nur in S0 gerechnet,2026-01-18T20:00:00+00:00,2026-09-27T08:29:08.840000+00:00
A7/A8,Level-Diagnose korrigiert,R0,V054,stop_rueckeroberung=3,36.139023834159325,24.39850121842784,9.437832852275708,docs/audit-nacharbeit-2026-10/A7-legacy/R0-V054.json,2026-01-18T20:00:00+00:00,2026-05-24T14:14:34.420000+00:00,2026-05-24T14:14:34.420000+00:00,2026-09-27T08:29:08.840000+00:00,retrospektiv; keine historische Orderausführung bewiesen,,
A7/A8,kausal S0,R1,V054,stop_rueckeroberung=3,34.11992594072264,23.91135072842112,8.238611840069199,docs/audit-nacharbeit-2026-10/A7-runs/R1-S0-V054.json,2026-01-18T20:00:00+00:00,2026-05-25T16:00:00+00:00,2026-05-25T16:00:00+00:00,2026-09-29T12:00:00+00:00,bedingtes Spotmodell; getrennte Frischstarts,2026-01-18T20:00:00+00:00,2026-09-29T12:00:00+00:00
A7/A8,kausal S1,R1,V054,stop_rueckeroberung=3,28.428025665656964,,,docs/audit-nacharbeit-2026-10/A7-runs/R1-S1-V054.json,,,,,bedingtes Spotmodell; Hälften nur in S0 gerechnet,2026-01-18T20:00:00+00:00,2026-09-29T12:00:00+00:00
A7/A8,kausal S2,R1,V054,stop_rueckeroberung=3,7.987882785693556,,,docs/audit-nacharbeit-2026-10/A7-runs/R1-S2-V054.json,,,,,bedingtes Spotmodell; Hälften nur in S0 gerechnet,2026-01-18T20:00:00+00:00,2026-09-29T12:00:00+00:00
A7/A8,kausal S3,R1,V054,stop_rueckeroberung=3,26.49379231917701,,,docs/audit-nacharbeit-2026-10/A7-runs/R1-S3-V054.json,,,,,bedingtes Spotmodell; Hälften nur in S0 gerechnet,2026-01-18T20:00:00+00:00,2026-09-29T12:00:00+00:00
A7/A8,kausal S4,R1,V054,stop_rueckeroberung=3,7.636516536571691,,,docs/audit-nacharbeit-2026-10/A7-runs/R1-S4-V054.json,,,,,bedingtes Spotmodell; Hälften nur in S0 gerechnet,2026-01-18T20:00:00+00:00,2026-09-29T12:00:00+00:00
A7/A8,Level-Diagnose korrigiert,R1,V054,stop_rueckeroberung=3,35.76032987416118,24.39850121842784,9.133412818039766,docs/audit-nacharbeit-2026-10/A7-legacy/R1-V054.json,2026-01-18T20:00:00+00:00,2026-05-25T16:00:00+00:00,2026-05-25T16:00:00+00:00,2026-09-29T12:00:00+00:00,retrospektiv; keine historische Orderausführung bewiesen,,
Originalaudit,Level-Diagnose,R0,V055,stop_auf_docht=true,33.24148936132505,22.838564934892958,8.468777237788316,ccf2b01c0578346f325261e72445b7375a9ac706:docs/audit-2026-09-27/grid/V055.json,2026-01-18T20:00:00+00:00,2026-05-24T14:14:34.420000+00:00,2026-05-24T14:14:34.420000+00:00,2026-09-27T08:29:08.840000+00:00,retrospektiv; keine historische Orderausführung bewiesen,,
A7/A8,kausal S0,R0,V055,stop_auf_docht=true,31.91938000774939,23.367413615311715,6.932111277865216,docs/audit-nacharbeit-2026-10/A7-runs/R0-S0-V055.json,2026-01-18T20:00:00+00:00,2026-05-24T14:14:34.420000+00:00,2026-05-24T14:14:34.420000+00:00,2026-09-27T08:29:08.840000+00:00,bedingtes Spotmodell; getrennte Frischstarts,2026-01-18T20:00:00+00:00,2026-09-27T08:29:08.840000+00:00
A7/A8,kausal S1,R0,V055,stop_auf_docht=true,25.64768332355529,,,docs/audit-nacharbeit-2026-10/A7-runs/R0-S1-V055.json,,,,,bedingtes Spotmodell; Hälften nur in S0 gerechnet,2026-01-18T20:00:00+00:00,2026-09-27T08:29:08.840000+00:00
A7/A8,kausal S2,R0,V055,stop_auf_docht=true,3.4178641091250572,,,docs/audit-nacharbeit-2026-10/A7-runs/R0-S2-V055.json,,,,,bedingtes Spotmodell; Hälften nur in S0 gerechnet,2026-01-18T20:00:00+00:00,2026-09-27T08:29:08.840000+00:00
A7/A8,kausal S3,R0,V055,stop_auf_docht=true,22.922334902682053,,,docs/audit-nacharbeit-2026-10/A7-runs/R0-S3-V055.json,,,,,bedingtes Spotmodell; Hälften nur in S0 gerechnet,2026-01-18T20:00:00+00:00,2026-09-27T08:29:08.840000+00:00
A7/A8,kausal S4,R0,V055,stop_auf_docht=true,2.8358015100998113,,,docs/audit-nacharbeit-2026-10/A7-runs/R0-S4-V055.json,,,,,bedingtes Spotmodell; Hälften nur in S0 gerechnet,2026-01-18T20:00:00+00:00,2026-09-27T08:29:08.840000+00:00
A7/A8,Level-Diagnose korrigiert,R0,V055,stop_auf_docht=true,32.18561747375384,22.838564934892958,7.609216652616313,docs/audit-nacharbeit-2026-10/A7-legacy/R0-V055.json,2026-01-18T20:00:00+00:00,2026-05-24T14:14:34.420000+00:00,2026-05-24T14:14:34.420000+00:00,2026-09-27T08:29:08.840000+00:00,retrospektiv; keine historische Orderausführung bewiesen,,
A7/A8,kausal S0,R1,V055,stop_auf_docht=true,31.552866370397936,23.367413615311715,6.635020152574733,docs/audit-nacharbeit-2026-10/A7-runs/R1-S0-V055.json,2026-01-18T20:00:00+00:00,2026-05-25T16:00:00+00:00,2026-05-25T16:00:00+00:00,2026-09-29T12:00:00+00:00,bedingtes Spotmodell; getrennte Frischstarts,2026-01-18T20:00:00+00:00,2026-09-29T12:00:00+00:00
A7/A8,kausal S1,R1,V055,stop_auf_docht=true,25.27422321099486,,,docs/audit-nacharbeit-2026-10/A7-runs/R1-S1-V055.json,,,,,bedingtes Spotmodell; Hälften nur in S0 gerechnet,2026-01-18T20:00:00+00:00,2026-09-29T12:00:00+00:00
A7/A8,kausal S2,R1,V055,stop_auf_docht=true,3.0303791208011077,,,docs/audit-nacharbeit-2026-10/A7-runs/R1-S2-V055.json,,,,,bedingtes Spotmodell; Hälften nur in S0 gerechnet,2026-01-18T20:00:00+00:00,2026-09-29T12:00:00+00:00
A7/A8,kausal S3,R1,V055,stop_auf_docht=true,22.497098501564807,,,docs/audit-nacharbeit-2026-10/A7-runs/R1-S3-V055.json,,,,,bedingtes Spotmodell; Hälften nur in S0 gerechnet,2026-01-18T20:00:00+00:00,2026-09-29T12:00:00+00:00
A7/A8,kausal S4,R1,V055,stop_auf_docht=true,2.4007394315002095,,,docs/audit-nacharbeit-2026-10/A7-runs/R1-S4-V055.json,,,,,bedingtes Spotmodell; Hälften nur in S0 gerechnet,2026-01-18T20:00:00+00:00,2026-09-29T12:00:00+00:00
A7/A8,Level-Diagnose korrigiert,R1,V055,stop_auf_docht=true,31.817920589156557,22.838564934892958,7.309883226837366,docs/audit-nacharbeit-2026-10/A7-legacy/R1-V055.json,2026-01-18T20:00:00+00:00,2026-05-25T16:00:00+00:00,2026-05-25T16:00:00+00:00,2026-09-29T12:00:00+00:00,retrospektiv; keine historische Orderausführung bewiesen,,
Originalaudit,Level-Diagnose,R0,V056,confirm_t1=true,35.90881571778095,22.812265011642864,10.663878485505073,ccf2b01c0578346f325261e72445b7375a9ac706:docs/audit-2026-09-27/grid/V056.json,2026-01-18T20:00:00+00:00,2026-05-24T14:14:34.420000+00:00,2026-05-24T14:14:34.420000+00:00,2026-09-27T08:29:08.840000+00:00,retrospektiv; keine historische Orderausführung bewiesen,,
A7/A8,kausal S0,R0,V056,confirm_t1=true,38.26597277851078,23.574069485425397,11.889147419247358,docs/audit-nacharbeit-2026-10/A7-runs/R0-S0-V056.json,2026-01-18T20:00:00+00:00,2026-05-24T14:14:34.420000+00:00,2026-05-24T14:14:34.420000+00:00,2026-09-27T08:29:08.840000+00:00,bedingtes Spotmodell; getrennte Frischstarts,2026-01-18T20:00:00+00:00,2026-09-27T08:29:08.840000+00:00
A7/A8,kausal S1,R0,V056,confirm_t1=true,32.11105230927986,,,docs/audit-nacharbeit-2026-10/A7-runs/R0-S1-V056.json,,,,,bedingtes Spotmodell; Hälften nur in S0 gerechnet,2026-01-18T20:00:00+00:00,2026-09-27T08:29:08.840000+00:00
A7/A8,kausal S2,R0,V056,confirm_t1=true,10.123813019215987,,,docs/audit-nacharbeit-2026-10/A7-runs/R0-S2-V056.json,,,,,bedingtes Spotmodell; Hälften nur in S0 gerechnet,2026-01-18T20:00:00+00:00,2026-09-27T08:29:08.840000+00:00
A7/A8,kausal S3,R0,V056,confirm_t1=true,26.615632956071455,,,docs/audit-nacharbeit-2026-10/A7-runs/R0-S3-V056.json,,,,,bedingtes Spotmodell; Hälften nur in S0 gerechnet,2026-01-18T20:00:00+00:00,2026-09-27T08:29:08.840000+00:00
A7/A8,kausal S4,R0,V056,confirm_t1=true,6.719110539726225,,,docs/audit-nacharbeit-2026-10/A7-runs/R0-S4-V056.json,,,,,bedingtes Spotmodell; Hälften nur in S0 gerechnet,2026-01-18T20:00:00+00:00,2026-09-27T08:29:08.840000+00:00
A7/A8,Level-Diagnose korrigiert,R0,V056,confirm_t1=true,34.880639050955,22.37945637812475,10.215099039339105,docs/audit-nacharbeit-2026-10/A7-legacy/R0-V056.json,2026-01-18T20:00:00+00:00,2026-05-24T14:14:34.420000+00:00,2026-05-24T14:14:34.420000+00:00,2026-09-27T08:29:08.840000+00:00,retrospektiv; keine historische Orderausführung bewiesen,,
A7/A8,kausal S0,R1,V056,confirm_t1=true,37.79342135607769,23.574069485425397,11.506744036077388,docs/audit-nacharbeit-2026-10/A7-runs/R1-S0-V056.json,2026-01-18T20:00:00+00:00,2026-05-25T16:00:00+00:00,2026-05-25T16:00:00+00:00,2026-09-29T12:00:00+00:00,bedingtes Spotmodell; getrennte Frischstarts,2026-01-18T20:00:00+00:00,2026-09-29T12:00:00+00:00
A7/A8,kausal S1,R1,V056,confirm_t1=true,31.627942104586037,,,docs/audit-nacharbeit-2026-10/A7-runs/R1-S1-V056.json,,,,,bedingtes Spotmodell; Hälften nur in S0 gerechnet,2026-01-18T20:00:00+00:00,2026-09-29T12:00:00+00:00
A7/A8,kausal S2,R1,V056,confirm_t1=true,9.615866590621192,,,docs/audit-nacharbeit-2026-10/A7-runs/R1-S2-V056.json,,,,,bedingtes Spotmodell; Hälften nur in S0 gerechnet,2026-01-18T20:00:00+00:00,2026-09-29T12:00:00+00:00
A7/A8,kausal S3,R1,V056,confirm_t1=true,26.07660360481747,,,docs/audit-nacharbeit-2026-10/A7-runs/R1-S3-V056.json,,,,,bedingtes Spotmodell; Hälften nur in S0 gerechnet,2026-01-18T20:00:00+00:00,2026-09-29T12:00:00+00:00
A7/A8,kausal S4,R1,V056,confirm_t1=true,6.1631618457981485,,,docs/audit-nacharbeit-2026-10/A7-runs/R1-S4-V056.json,,,,,bedingtes Spotmodell; Hälften nur in S0 gerechnet,2026-01-18T20:00:00+00:00,2026-09-29T12:00:00+00:00
A7/A8,Level-Diagnose korrigiert,R1,V056,confirm_t1=true,34.41955927328366,22.37945637812475,9.838336638755528,docs/audit-nacharbeit-2026-10/A7-legacy/R1-V056.json,2026-01-18T20:00:00+00:00,2026-05-25T16:00:00+00:00,2026-05-25T16:00:00+00:00,2026-09-29T12:00:00+00:00,retrospektiv; keine historische Orderausführung bewiesen,,
Originalaudit,Level-Diagnose,R0,V057,cooldown_h=48,34.163780590353475,21.823512330007546,10.12962770841581,ccf2b01c0578346f325261e72445b7375a9ac706:docs/audit-2026-09-27/grid/V057.json,2026-01-18T20:00:00+00:00,2026-05-24T14:14:34.420000+00:00,2026-05-24T14:14:34.420000+00:00,2026-09-27T08:29:08.840000+00:00,retrospektiv; keine historische Orderausführung bewiesen,,
A7/A8,kausal S0,R0,V057,cooldown_h=48,30.655538352185417,20.574614053250563,8.3607352825386,docs/audit-nacharbeit-2026-10/A7-runs/R0-S0-V057.json,2026-01-18T20:00:00+00:00,2026-05-24T14:14:34.420000+00:00,2026-05-24T14:14:34.420000+00:00,2026-09-27T08:29:08.840000+00:00,bedingtes Spotmodell; getrennte Frischstarts,2026-01-18T20:00:00+00:00,2026-09-27T08:29:08.840000+00:00
A7/A8,kausal S1,R0,V057,cooldown_h=48,25.467049088519154,,,docs/audit-nacharbeit-2026-10/A7-runs/R0-S1-V057.json,,,,,bedingtes Spotmodell; Hälften nur in S0 gerechnet,2026-01-18T20:00:00+00:00,2026-09-27T08:29:08.840000+00:00
A7/A8,kausal S2,R0,V057,cooldown_h=48,6.704461445799481,,,docs/audit-nacharbeit-2026-10/A7-runs/R0-S2-V057.json,,,,,bedingtes Spotmodell; Hälften nur in S0 gerechnet,2026-01-18T20:00:00+00:00,2026-09-27T08:29:08.840000+00:00
A7/A8,kausal S3,R0,V057,cooldown_h=48,24.350321442591195,,,docs/audit-nacharbeit-2026-10/A7-runs/R0-S3-V057.json,,,,,bedingtes Spotmodell; Hälften nur in S0 gerechnet,2026-01-18T20:00:00+00:00,2026-09-27T08:29:08.840000+00:00
A7/A8,kausal S4,R0,V057,cooldown_h=48,6.912898004404577,,,docs/audit-nacharbeit-2026-10/A7-runs/R0-S4-V057.json,,,,,bedingtes Spotmodell; Hälften nur in S0 gerechnet,2026-01-18T20:00:00+00:00,2026-09-27T08:29:08.840000+00:00
A7/A8,Level-Diagnose korrigiert,R0,V057,cooldown_h=48,32.4550261283489,21.232635373177054,9.256905717364926,docs/audit-nacharbeit-2026-10/A7-legacy/R0-V057.json,2026-01-18T20:00:00+00:00,2026-05-24T14:14:34.420000+00:00,2026-05-24T14:14:34.420000+00:00,2026-09-27T08:29:08.840000+00:00,retrospektiv; keine historische Orderausführung bewiesen,,
A7/A8,kausal S0,R1,V057,cooldown_h=48,30.292536065495156,20.574614053250563,8.059674989258347,docs/audit-nacharbeit-2026-10/A7-runs/R1-S0-V057.json,2026-01-18T20:00:00+00:00,2026-05-25T16:00:00+00:00,2026-05-25T16:00:00+00:00,2026-09-29T12:00:00+00:00,bedingtes Spotmodell; getrennte Frischstarts,2026-01-18T20:00:00+00:00,2026-09-29T12:00:00+00:00
A7/A8,kausal S1,R1,V057,cooldown_h=48,25.094125871506414,,,docs/audit-nacharbeit-2026-10/A7-runs/R1-S1-V057.json,,,,,bedingtes Spotmodell; Hälften nur in S0 gerechnet,2026-01-18T20:00:00+00:00,2026-09-29T12:00:00+00:00
A7/A8,kausal S2,R1,V057,cooldown_h=48,6.304662268417416,,,docs/audit-nacharbeit-2026-10/A7-runs/R1-S2-V057.json,,,,,bedingtes Spotmodell; Hälften nur in S0 gerechnet,2026-01-18T20:00:00+00:00,2026-09-29T12:00:00+00:00
A7/A8,kausal S3,R1,V057,cooldown_h=48,23.920145077898127,,,docs/audit-nacharbeit-2026-10/A7-runs/R1-S3-V057.json,,,,,bedingtes Spotmodell; Hälften nur in S0 gerechnet,2026-01-18T20:00:00+00:00,2026-09-29T12:00:00+00:00
A7/A8,kausal S4,R1,V057,cooldown_h=48,6.460587165651277,,,docs/audit-nacharbeit-2026-10/A7-runs/R1-S4-V057.json,,,,,bedingtes Spotmodell; Hälften nur in S0 gerechnet,2026-01-18T20:00:00+00:00,2026-09-29T12:00:00+00:00
A7/A8,Level-Diagnose korrigiert,R1,V057,cooldown_h=48,32.08657983753882,21.232635373177054,8.952988962873931,docs/audit-nacharbeit-2026-10/A7-legacy/R1-V057.json,2026-01-18T20:00:00+00:00,2026-05-25T16:00:00+00:00,2026-05-25T16:00:00+00:00,2026-09-29T12:00:00+00:00,retrospektiv; keine historische Orderausführung bewiesen,,
Originalaudit,Level-Diagnose,R0,V058,cooldown_h=48.0,34.163780590353475,21.823512330007546,10.12962770841581,ccf2b01c0578346f325261e72445b7375a9ac706:docs/audit-2026-09-27/grid/V058.json,2026-01-18T20:00:00+00:00,2026-05-24T14:14:34.420000+00:00,2026-05-24T14:14:34.420000+00:00,2026-09-27T08:29:08.840000+00:00,retrospektiv; keine historische Orderausführung bewiesen,,
A7/A8,kausal S0,R0,V058,cooldown_h=48.0,30.655538352185417,20.574614053250563,8.3607352825386,docs/audit-nacharbeit-2026-10/A7-runs/R0-S0-V058.json,2026-01-18T20:00:00+00:00,2026-05-24T14:14:34.420000+00:00,2026-05-24T14:14:34.420000+00:00,2026-09-27T08:29:08.840000+00:00,bedingtes Spotmodell; getrennte Frischstarts,2026-01-18T20:00:00+00:00,2026-09-27T08:29:08.840000+00:00
A7/A8,kausal S1,R0,V058,cooldown_h=48.0,25.467049088519154,,,docs/audit-nacharbeit-2026-10/A7-runs/R0-S1-V058.json,,,,,bedingtes Spotmodell; Hälften nur in S0 gerechnet,2026-01-18T20:00:00+00:00,2026-09-27T08:29:08.840000+00:00
A7/A8,kausal S2,R0,V058,cooldown_h=48.0,6.704461445799481,,,docs/audit-nacharbeit-2026-10/A7-runs/R0-S2-V058.json,,,,,bedingtes Spotmodell; Hälften nur in S0 gerechnet,2026-01-18T20:00:00+00:00,2026-09-27T08:29:08.840000+00:00
A7/A8,kausal S3,R0,V058,cooldown_h=48.0,24.350321442591195,,,docs/audit-nacharbeit-2026-10/A7-runs/R0-S3-V058.json,,,,,bedingtes Spotmodell; Hälften nur in S0 gerechnet,2026-01-18T20:00:00+00:00,2026-09-27T08:29:08.840000+00:00
A7/A8,kausal S4,R0,V058,cooldown_h=48.0,6.912898004404577,,,docs/audit-nacharbeit-2026-10/A7-runs/R0-S4-V058.json,,,,,bedingtes Spotmodell; Hälften nur in S0 gerechnet,2026-01-18T20:00:00+00:00,2026-09-27T08:29:08.840000+00:00
A7/A8,Level-Diagnose korrigiert,R0,V058,cooldown_h=48.0,32.4550261283489,21.232635373177054,9.256905717364926,docs/audit-nacharbeit-2026-10/A7-legacy/R0-V058.json,2026-01-18T20:00:00+00:00,2026-05-24T14:14:34.420000+00:00,2026-05-24T14:14:34.420000+00:00,2026-09-27T08:29:08.840000+00:00,retrospektiv; keine historische Orderausführung bewiesen,,
A7/A8,kausal S0,R1,V058,cooldown_h=48.0,30.292536065495156,20.574614053250563,8.059674989258347,docs/audit-nacharbeit-2026-10/A7-runs/R1-S0-V058.json,2026-01-18T20:00:00+00:00,2026-05-25T16:00:00+00:00,2026-05-25T16:00:00+00:00,2026-09-29T12:00:00+00:00,bedingtes Spotmodell; getrennte Frischstarts,2026-01-18T20:00:00+00:00,2026-09-29T12:00:00+00:00
A7/A8,kausal S1,R1,V058,cooldown_h=48.0,25.094125871506414,,,docs/audit-nacharbeit-2026-10/A7-runs/R1-S1-V058.json,,,,,bedingtes Spotmodell; Hälften nur in S0 gerechnet,2026-01-18T20:00:00+00:00,2026-09-29T12:00:00+00:00
A7/A8,kausal S2,R1,V058,cooldown_h=48.0,6.304662268417416,,,docs/audit-nacharbeit-2026-10/A7-runs/R1-S2-V058.json,,,,,bedingtes Spotmodell; Hälften nur in S0 gerechnet,2026-01-18T20:00:00+00:00,2026-09-29T12:00:00+00:00
A7/A8,kausal S3,R1,V058,cooldown_h=48.0,23.920145077898127,,,docs/audit-nacharbeit-2026-10/A7-runs/R1-S3-V058.json,,,,,bedingtes Spotmodell; Hälften nur in S0 gerechnet,2026-01-18T20:00:00+00:00,2026-09-29T12:00:00+00:00
A7/A8,kausal S4,R1,V058,cooldown_h=48.0,6.460587165651277,,,docs/audit-nacharbeit-2026-10/A7-runs/R1-S4-V058.json,,,,,bedingtes Spotmodell; Hälften nur in S0 gerechnet,2026-01-18T20:00:00+00:00,2026-09-29T12:00:00+00:00
A7/A8,Level-Diagnose korrigiert,R1,V058,cooldown_h=48.0,32.08657983753882,21.232635373177054,8.952988962873931,docs/audit-nacharbeit-2026-10/A7-legacy/R1-V058.json,2026-01-18T20:00:00+00:00,2026-05-25T16:00:00+00:00,2026-05-25T16:00:00+00:00,2026-09-29T12:00:00+00:00,retrospektiv; keine historische Orderausführung bewiesen,,
Originalaudit,Level-Diagnose,R0,V059,min_stop_pct=0.0,20.48863105678873,18.284498660895988,1.8634161034166041,ccf2b01c0578346f325261e72445b7375a9ac706:docs/audit-2026-09-27/grid/V059.json,2026-01-18T20:00:00+00:00,2026-05-24T14:14:34.420000+00:00,2026-05-24T14:14:34.420000+00:00,2026-09-27T08:29:08.840000+00:00,retrospektiv; keine historische Orderausführung bewiesen,,
A7/A8,kausal S0,R0,V059,min_stop_pct=0.0,18.26395336200777,17.5946419001934,0.5691683319911656,docs/audit-nacharbeit-2026-10/A7-runs/R0-S0-V059.json,2026-01-18T20:00:00+00:00,2026-05-24T14:14:34.420000+00:00,2026-05-24T14:14:34.420000+00:00,2026-09-27T08:29:08.840000+00:00,bedingtes Spotmodell; getrennte Frischstarts,2026-01-18T20:00:00+00:00,2026-09-27T08:29:08.840000+00:00
A7/A8,kausal S1,R0,V059,min_stop_pct=0.0,10.844564827730263,,,docs/audit-nacharbeit-2026-10/A7-runs/R0-S1-V059.json,,,,,bedingtes Spotmodell; Hälften nur in S0 gerechnet,2026-01-18T20:00:00+00:00,2026-09-27T08:29:08.840000+00:00
A7/A8,kausal S2,R0,V059,min_stop_pct=0.0,-14.449625538955335,,,docs/audit-nacharbeit-2026-10/A7-runs/R0-S2-V059.json,,,,,bedingtes Spotmodell; Hälften nur in S0 gerechnet,2026-01-18T20:00:00+00:00,2026-09-27T08:29:08.840000+00:00
A7/A8,kausal S3,R0,V059,min_stop_pct=0.0,10.624706789008798,,,docs/audit-nacharbeit-2026-10/A7-runs/R0-S3-V059.json,,,,,bedingtes Spotmodell; Hälften nur in S0 gerechnet,2026-01-18T20:00:00+00:00,2026-09-27T08:29:08.840000+00:00
A7/A8,kausal S4,R0,V059,min_stop_pct=0.0,-12.627149969420026,,,docs/audit-nacharbeit-2026-10/A7-runs/R0-S4-V059.json,,,,,bedingtes Spotmodell; Hälften nur in S0 gerechnet,2026-01-18T20:00:00+00:00,2026-09-27T08:29:08.840000+00:00
A7/A8,Level-Diagnose korrigiert,R0,V059,min_stop_pct=0.0,18.195771538810956,17.867646547412598,0.27838427338628957,docs/audit-nacharbeit-2026-10/A7-legacy/R0-V059.json,2026-01-18T20:00:00+00:00,2026-05-24T14:14:34.420000+00:00,2026-05-24T14:14:34.420000+00:00,2026-09-27T08:29:08.840000+00:00,retrospektiv; keine historische Orderausführung bewiesen,,
A7/A8,kausal S0,R1,V059,min_stop_pct=0.0,17.935378806004508,17.5946419001934,0.2897554687059989,docs/audit-nacharbeit-2026-10/A7-runs/R1-S0-V059.json,2026-01-18T20:00:00+00:00,2026-05-25T16:00:00+00:00,2026-05-25T16:00:00+00:00,2026-09-29T12:00:00+00:00,bedingtes Spotmodell; getrennte Frischstarts,2026-01-18T20:00:00+00:00,2026-09-29T12:00:00+00:00
A7/A8,kausal S1,R1,V059,min_stop_pct=0.0,10.515103730141394,,,docs/audit-nacharbeit-2026-10/A7-runs/R1-S1-V059.json,,,,,bedingtes Spotmodell; Hälften nur in S0 gerechnet,2026-01-18T20:00:00+00:00,2026-09-29T12:00:00+00:00
A7/A8,kausal S2,R1,V059,min_stop_pct=0.0,-14.770164801051955,,,docs/audit-nacharbeit-2026-10/A7-runs/R1-S2-V059.json,,,,,bedingtes Spotmodell; Hälften nur in S0 gerechnet,2026-01-18T20:00:00+00:00,2026-09-29T12:00:00+00:00
A7/A8,kausal S3,R1,V059,min_stop_pct=0.0,10.242012690114134,,,docs/audit-nacharbeit-2026-10/A7-runs/R1-S3-V059.json,,,,,bedingtes Spotmodell; Hälften nur in S0 gerechnet,2026-01-18T20:00:00+00:00,2026-09-29T12:00:00+00:00
A7/A8,kausal S4,R1,V059,min_stop_pct=0.0,-12.996793743176605,,,docs/audit-nacharbeit-2026-10/A7-runs/R1-S4-V059.json,,,,,bedingtes Spotmodell; Hälften nur in S0 gerechnet,2026-01-18T20:00:00+00:00,2026-09-29T12:00:00+00:00
A7/A8,Level-Diagnose korrigiert,R1,V059,min_stop_pct=0.0,17.866989801448142,17.867646547412598,-0.0005571893420208696,docs/audit-nacharbeit-2026-10/A7-legacy/R1-V059.json,2026-01-18T20:00:00+00:00,2026-05-25T16:00:00+00:00,2026-05-25T16:00:00+00:00,2026-09-29T12:00:00+00:00,retrospektiv; keine historische Orderausführung bewiesen,,
Originalaudit,Level-Diagnose,R0,V060,no_flip=false,36.623118785312705,23.611159617691246,10.52652463407453,ccf2b01c0578346f325261e72445b7375a9ac706:docs/audit-2026-09-27/grid/V060.json,2026-01-18T20:00:00+00:00,2026-05-24T14:14:34.420000+00:00,2026-05-24T14:14:34.420000+00:00,2026-09-27T08:29:08.840000+00:00,retrospektiv; keine historische Orderausführung bewiesen,,
A7/A8,kausal S0,R0,V060,no_flip=false,34.188799077945205,23.83526074095279,8.3607352825386,docs/audit-nacharbeit-2026-10/A7-runs/R0-S0-V060.json,2026-01-18T20:00:00+00:00,2026-05-24T14:14:34.420000+00:00,2026-05-24T14:14:34.420000+00:00,2026-09-27T08:29:08.840000+00:00,bedingtes Spotmodell; getrennte Frischstarts,2026-01-18T20:00:00+00:00,2026-09-27T08:29:08.840000+00:00
A7/A8,kausal S1,R0,V060,no_flip=false,28.52006290812501,,,docs/audit-nacharbeit-2026-10/A7-runs/R0-S1-V060.json,,,,,bedingtes Spotmodell; Hälften nur in S0 gerechnet,2026-01-18T20:00:00+00:00,2026-09-27T08:29:08.840000+00:00
A7/A8,kausal S2,R0,V060,no_flip=false,8.152962806734143,,,docs/audit-nacharbeit-2026-10/A7-runs/R0-S2-V060.json,,,,,bedingtes Spotmodell; Hälften nur in S0 gerechnet,2026-01-18T20:00:00+00:00,2026-09-27T08:29:08.840000+00:00
A7/A8,kausal S3,R0,V060,no_flip=false,27.196895482167594,,,docs/audit-nacharbeit-2026-10/A7-runs/R0-S3-V060.json,,,,,bedingtes Spotmodell; Hälften nur in S0 gerechnet,2026-01-18T20:00:00+00:00,2026-09-27T08:29:08.840000+00:00
A7/A8,kausal S4,R0,V060,no_flip=false,8.381438866379076,,,docs/audit-nacharbeit-2026-10/A7-runs/R0-S4-V060.json,,,,,bedingtes Spotmodell; Hälften nur in S0 gerechnet,2026-01-18T20:00:00+00:00,2026-09-27T08:29:08.840000+00:00
A7/A8,Level-Diagnose korrigiert,R0,V060,no_flip=false,35.32005025366405,23.175535561114625,9.859518480862505,docs/audit-nacharbeit-2026-10/A7-legacy/R0-V060.json,2026-01-18T20:00:00+00:00,2026-05-24T14:14:34.420000+00:00,2026-05-24T14:14:34.420000+00:00,2026-09-27T08:29:08.840000+00:00,retrospektiv; keine historische Orderausführung bewiesen,,
A7/A8,kausal S0,R1,V060,no_flip=false,33.81598027877413,23.83526074095279,8.059674989258347,docs/audit-nacharbeit-2026-10/A7-runs/R1-S0-V060.json,2026-01-18T20:00:00+00:00,2026-05-25T16:00:00+00:00,2026-05-25T16:00:00+00:00,2026-09-29T12:00:00+00:00,bedingtes Spotmodell; getrennte Frischstarts,2026-01-18T20:00:00+00:00,2026-09-29T12:00:00+00:00
A7/A8,kausal S1,R1,V060,no_flip=false,28.138065278798674,,,docs/audit-nacharbeit-2026-10/A7-runs/R1-S1-V060.json,,,,,bedingtes Spotmodell; Hälften nur in S0 gerechnet,2026-01-18T20:00:00+00:00,2026-09-29T12:00:00+00:00
A7/A8,kausal S2,R1,V060,no_flip=false,7.747736399368499,,,docs/audit-nacharbeit-2026-10/A7-runs/R1-S2-V060.json,,,,,bedingtes Spotmodell; Hälften nur in S0 gerechnet,2026-01-18T20:00:00+00:00,2026-09-29T12:00:00+00:00
A7/A8,kausal S3,R1,V060,no_flip=false,26.75687170527672,,,docs/audit-nacharbeit-2026-10/A7-runs/R1-S3-V060.json,,,,,bedingtes Spotmodell; Hälften nur in S0 gerechnet,2026-01-18T20:00:00+00:00,2026-09-29T12:00:00+00:00
A7/A8,kausal S4,R1,V060,no_flip=false,7.922915148156395,,,docs/audit-nacharbeit-2026-10/A7-runs/R1-S4-V060.json,,,,,bedingtes Spotmodell; Hälften nur in S0 gerechnet,2026-01-18T20:00:00+00:00,2026-09-29T12:00:00+00:00
A7/A8,Level-Diagnose korrigiert,R1,V060,no_flip=false,34.9436344086369,23.175535561114625,9.553925455987567,docs/audit-nacharbeit-2026-10/A7-legacy/R1-V060.json,2026-01-18T20:00:00+00:00,2026-05-25T16:00:00+00:00,2026-05-25T16:00:00+00:00,2026-09-29T12:00:00+00:00,retrospektiv; keine historische Orderausführung bewiesen,,
Originalaudit,Level-Diagnose,R0,V061,freeze_targets=true,30.316848795086628,20.02559115853584,8.574219495372116,ccf2b01c0578346f325261e72445b7375a9ac706:docs/audit-2026-09-27/grid/V061.json,2026-01-18T20:00:00+00:00,2026-05-24T14:14:34.420000+00:00,2026-05-24T14:14:34.420000+00:00,2026-09-27T08:29:08.840000+00:00,retrospektiv; keine historische Orderausführung bewiesen,,
A7/A8,kausal S0,R0,V061,freeze_targets=true,29.607595347607173,20.707629700166997,7.373159152861497,docs/audit-nacharbeit-2026-10/A7-runs/R0-S0-V061.json,2026-01-18T20:00:00+00:00,2026-05-24T14:14:34.420000+00:00,2026-05-24T14:14:34.420000+00:00,2026-09-27T08:29:08.840000+00:00,bedingtes Spotmodell; getrennte Frischstarts,2026-01-18T20:00:00+00:00,2026-09-27T08:29:08.840000+00:00
A7/A8,kausal S1,R0,V061,freeze_targets=true,24.368802565190386,,,docs/audit-nacharbeit-2026-10/A7-runs/R0-S1-V061.json,,,,,bedingtes Spotmodell; Hälften nur in S0 gerechnet,2026-01-18T20:00:00+00:00,2026-09-27T08:29:08.840000+00:00
A7/A8,kausal S2,R0,V061,freeze_targets=true,5.458968197015146,,,docs/audit-nacharbeit-2026-10/A7-runs/R0-S2-V061.json,,,,,bedingtes Spotmodell; Hälften nur in S0 gerechnet,2026-01-18T20:00:00+00:00,2026-09-27T08:29:08.840000+00:00
A7/A8,kausal S3,R0,V061,freeze_targets=true,24.95501595657741,,,docs/audit-nacharbeit-2026-10/A7-runs/R0-S3-V061.json,,,,,bedingtes Spotmodell; Hälften nur in S0 gerechnet,2026-01-18T20:00:00+00:00,2026-09-27T08:29:08.840000+00:00
A7/A8,kausal S4,R0,V061,freeze_targets=true,7.322005588753355,,,docs/audit-nacharbeit-2026-10/A7-runs/R0-S4-V061.json,,,,,bedingtes Spotmodell; Hälften nur in S0 gerechnet,2026-01-18T20:00:00+00:00,2026-09-27T08:29:08.840000+00:00
A7/A8,Level-Diagnose korrigiert,R0,V061,freeze_targets=true,30.60622263925015,21.05856502271699,7.8868088472232145,docs/audit-nacharbeit-2026-10/A7-legacy/R0-V061.json,2026-01-18T20:00:00+00:00,2026-05-24T14:14:34.420000+00:00,2026-05-24T14:14:34.420000+00:00,2026-09-27T08:29:08.840000+00:00,retrospektiv; keine historische Orderausführung bewiesen,,
A7/A8,kausal S0,R1,V061,freeze_targets=true,29.247504577043813,20.707629700166997,7.074842657493496,docs/audit-nacharbeit-2026-10/A7-runs/R1-S0-V061.json,2026-01-18T20:00:00+00:00,2026-05-25T16:00:00+00:00,2026-05-25T16:00:00+00:00,2026-09-29T12:00:00+00:00,bedingtes Spotmodell; getrennte Frischstarts,2026-01-18T20:00:00+00:00,2026-09-29T12:00:00+00:00
A7/A8,kausal S1,R1,V061,freeze_targets=true,23.99914364449709,,,docs/audit-nacharbeit-2026-10/A7-runs/R1-S1-V061.json,,,,,bedingtes Spotmodell; Hälften nur in S0 gerechnet,2026-01-18T20:00:00+00:00,2026-09-29T12:00:00+00:00
A7/A8,kausal S2,R1,V061,freeze_targets=true,5.063835620912438,,,docs/audit-nacharbeit-2026-10/A7-runs/R1-S2-V061.json,,,,,bedingtes Spotmodell; Hälften nur in S0 gerechnet,2026-01-18T20:00:00+00:00,2026-09-29T12:00:00+00:00
A7/A8,kausal S3,R1,V061,freeze_targets=true,24.522747717213168,,,docs/audit-nacharbeit-2026-10/A7-runs/R1-S3-V061.json,,,,,bedingtes Spotmodell; Hälften nur in S0 gerechnet,2026-01-18T20:00:00+00:00,2026-09-29T12:00:00+00:00
A7/A8,kausal S4,R1,V061,freeze_targets=true,6.867963959814061,,,docs/audit-nacharbeit-2026-10/A7-runs/R1-S4-V061.json,,,,,bedingtes Spotmodell; Hälften nur in S0 gerechnet,2026-01-18T20:00:00+00:00,2026-09-29T12:00:00+00:00
A7/A8,Level-Diagnose korrigiert,R1,V061,freeze_targets=true,30.242919111292533,21.05856502271699,7.586703251316429,docs/audit-nacharbeit-2026-10/A7-legacy/R1-V061.json,2026-01-18T20:00:00+00:00,2026-05-25T16:00:00+00:00,2026-05-25T16:00:00+00:00,2026-09-29T12:00:00+00:00,retrospektiv; keine historische Orderausführung bewiesen,,
Originalaudit,Level-Diagnose,R0,V062,min_bein_pct=0.0,27.939240300587652,20.53958734534207,6.138774089250809,ccf2b01c0578346f325261e72445b7375a9ac706:docs/audit-2026-09-27/grid/V062.json,2026-01-18T20:00:00+00:00,2026-05-24T14:14:34.420000+00:00,2026-05-24T14:14:34.420000+00:00,2026-09-27T08:29:08.840000+00:00,retrospektiv; keine historische Orderausführung bewiesen,,
A7/A8,kausal S0,R0,V062,min_bein_pct=0.0,27.81002431295494,20.313578644737753,6.230756123008074,docs/audit-nacharbeit-2026-10/A7-runs/R0-S0-V062.json,2026-01-18T20:00:00+00:00,2026-05-24T14:14:34.420000+00:00,2026-05-24T14:14:34.420000+00:00,2026-09-27T08:29:08.840000+00:00,bedingtes Spotmodell; getrennte Frischstarts,2026-01-18T20:00:00+00:00,2026-09-27T08:29:08.840000+00:00
A7/A8,kausal S1,R0,V062,min_bein_pct=0.0,22.785844504996145,,,docs/audit-nacharbeit-2026-10/A7-runs/R0-S1-V062.json,,,,,bedingtes Spotmodell; Hälften nur in S0 gerechnet,2026-01-18T20:00:00+00:00,2026-09-27T08:29:08.840000+00:00
A7/A8,kausal S2,R0,V062,min_bein_pct=0.0,4.60468717244098,,,docs/audit-nacharbeit-2026-10/A7-runs/R0-S2-V062.json,,,,,bedingtes Spotmodell; Hälften nur in S0 gerechnet,2026-01-18T20:00:00+00:00,2026-09-27T08:29:08.840000+00:00
A7/A8,kausal S3,R0,V062,min_bein_pct=0.0,29.33833658280436,,,docs/audit-nacharbeit-2026-10/A7-runs/R0-S3-V062.json,,,,,bedingtes Spotmodell; Hälften nur in S0 gerechnet,2026-01-18T20:00:00+00:00,2026-09-27T08:29:08.840000+00:00
A7/A8,kausal S4,R0,V062,min_bein_pct=0.0,11.22219663162587,,,docs/audit-nacharbeit-2026-10/A7-runs/R0-S4-V062.json,,,,,bedingtes Spotmodell; Hälften nur in S0 gerechnet,2026-01-18T20:00:00+00:00,2026-09-27T08:29:08.840000+00:00
A7/A8,Level-Diagnose korrigiert,R0,V062,min_bein_pct=0.0,26.15559051352694,20.114787964931423,5.029191368475949,docs/audit-nacharbeit-2026-10/A7-legacy/R0-V062.json,2026-01-18T20:00:00+00:00,2026-05-24T14:14:34.420000+00:00,2026-05-24T14:14:34.420000+00:00,2026-09-27T08:29:08.840000+00:00,retrospektiv; keine historische Orderausführung bewiesen,,
A7/A8,kausal S0,R1,V062,min_bein_pct=0.0,27.4549277615751,20.313578644737753,5.93561358350434,docs/audit-nacharbeit-2026-10/A7-runs/R1-S0-V062.json,2026-01-18T20:00:00+00:00,2026-05-25T16:00:00+00:00,2026-05-25T16:00:00+00:00,2026-09-29T12:00:00+00:00,bedingtes Spotmodell; getrennte Frischstarts,2026-01-18T20:00:00+00:00,2026-09-29T12:00:00+00:00
A7/A8,kausal S1,R1,V062,min_bein_pct=0.0,22.420890579092244,,,docs/audit-nacharbeit-2026-10/A7-runs/R1-S1-V062.json,,,,,bedingtes Spotmodell; Hälften nur in S0 gerechnet,2026-01-18T20:00:00+00:00,2026-09-29T12:00:00+00:00
A7/A8,kausal S2,R1,V062,min_bein_pct=0.0,4.212755407684421,,,docs/audit-nacharbeit-2026-10/A7-runs/R1-S2-V062.json,,,,,bedingtes Spotmodell; Hälften nur in S0 gerechnet,2026-01-18T20:00:00+00:00,2026-09-29T12:00:00+00:00
A7/A8,kausal S3,R1,V062,min_bein_pct=0.0,28.89090472415552,,,docs/audit-nacharbeit-2026-10/A7-runs/R1-S3-V062.json,,,,,bedingtes Spotmodell; Hälften nur in S0 gerechnet,2026-01-18T20:00:00+00:00,2026-09-29T12:00:00+00:00
A7/A8,kausal S4,R1,V062,min_bein_pct=0.0,10.751654667228205,,,docs/audit-nacharbeit-2026-10/A7-runs/R1-S4-V062.json,,,,,bedingtes Spotmodell; Hälften nur in S0 gerechnet,2026-01-18T20:00:00+00:00,2026-09-29T12:00:00+00:00
A7/A8,Level-Diagnose korrigiert,R1,V062,min_bein_pct=0.0,25.804667179408835,20.114787964931423,4.737034723933076,docs/audit-nacharbeit-2026-10/A7-legacy/R1-V062.json,2026-01-18T20:00:00+00:00,2026-05-25T16:00:00+00:00,2026-05-25T16:00:00+00:00,2026-09-29T12:00:00+00:00,retrospektiv; keine historische Orderausführung bewiesen,,
Originalaudit,Level-Diagnose,R0,V063,bein_wahl=groesstes,15.430844366086971,17.23980706480315,-1.5429594640293698,ccf2b01c0578346f325261e72445b7375a9ac706:docs/audit-2026-09-27/grid/V063.json,2026-01-18T20:00:00+00:00,2026-05-24T14:14:34.420000+00:00,2026-05-24T14:14:34.420000+00:00,2026-09-27T08:29:08.840000+00:00,retrospektiv; keine historische Orderausführung bewiesen,,
A7/A8,kausal S0,R0,V063,bein_wahl=groesstes,13.611341368907603,14.92943986813906,-1.1468762927442366,docs/audit-nacharbeit-2026-10/A7-runs/R0-S0-V063.json,2026-01-18T20:00:00+00:00,2026-05-24T14:14:34.420000+00:00,2026-05-24T14:14:34.420000+00:00,2026-09-27T08:29:08.840000+00:00,bedingtes Spotmodell; getrennte Frischstarts,2026-01-18T20:00:00+00:00,2026-09-27T08:29:08.840000+00:00
A7/A8,kausal S1,R0,V063,bein_wahl=groesstes,10.254268531308153,,,docs/audit-nacharbeit-2026-10/A7-runs/R0-S1-V063.json,,,,,bedingtes Spotmodell; Hälften nur in S0 gerechnet,2026-01-18T20:00:00+00:00,2026-09-27T08:29:08.840000+00:00
A7/A8,kausal S2,R0,V063,bein_wahl=groesstes,-2.2031494076007574,,,docs/audit-nacharbeit-2026-10/A7-runs/R0-S2-V063.json,,,,,bedingtes Spotmodell; Hälften nur in S0 gerechnet,2026-01-18T20:00:00+00:00,2026-09-27T08:29:08.840000+00:00
A7/A8,kausal S3,R0,V063,bein_wahl=groesstes,11.564820561740351,,,docs/audit-nacharbeit-2026-10/A7-runs/R0-S3-V063.json,,,,,bedingtes Spotmodell; Hälften nur in S0 gerechnet,2026-01-18T20:00:00+00:00,2026-09-27T08:29:08.840000+00:00
A7/A8,kausal S4,R0,V063,bein_wahl=groesstes,-0.3226138749883867,,,docs/audit-nacharbeit-2026-10/A7-runs/R0-S4-V063.json,,,,,bedingtes Spotmodell; Hälften nur in S0 gerechnet,2026-01-18T20:00:00+00:00,2026-09-27T08:29:08.840000+00:00
A7/A8,Level-Diagnose korrigiert,R0,V063,bein_wahl=groesstes,15.430844366086971,17.23980706480315,-1.5429594640293698,docs/audit-nacharbeit-2026-10/A7-legacy/R0-V063.json,2026-01-18T20:00:00+00:00,2026-05-24T14:14:34.420000+00:00,2026-05-24T14:14:34.420000+00:00,2026-09-27T08:29:08.840000+00:00,retrospektiv; keine historische Orderausführung bewiesen,,
A7/A8,kausal S0,R1,V063,bein_wahl=groesstes,13.295693236184047,14.92943986813906,-1.4215214429213696,docs/audit-nacharbeit-2026-10/A7-runs/R1-S0-V063.json,2026-01-18T20:00:00+00:00,2026-05-25T16:00:00+00:00,2026-05-25T16:00:00+00:00,2026-09-29T12:00:00+00:00,bedingtes Spotmodell; getrennte Frischstarts,2026-01-18T20:00:00+00:00,2026-09-29T12:00:00+00:00
A7/A8,kausal S1,R1,V063,bein_wahl=groesstes,9.926561959672163,,,docs/audit-nacharbeit-2026-10/A7-runs/R1-S1-V063.json,,,,,bedingtes Spotmodell; Hälften nur in S0 gerechnet,2026-01-18T20:00:00+00:00,2026-09-29T12:00:00+00:00
A7/A8,kausal S2,R1,V063,bein_wahl=groesstes,-2.5695736403612446,,,docs/audit-nacharbeit-2026-10/A7-runs/R1-S2-V063.json,,,,,bedingtes Spotmodell; Hälften nur in S0 gerechnet,2026-01-18T20:00:00+00:00,2026-09-29T12:00:00+00:00
A7/A8,kausal S3,R1,V063,bein_wahl=groesstes,11.178874241858573,,,docs/audit-nacharbeit-2026-10/A7-runs/R1-S3-V063.json,,,,,bedingtes Spotmodell; Hälften nur in S0 gerechnet,2026-01-18T20:00:00+00:00,2026-09-29T12:00:00+00:00
A7/A8,kausal S4,R1,V063,bein_wahl=groesstes,-0.7443138098370938,,,docs/audit-nacharbeit-2026-10/A7-runs/R1-S4-V063.json,,,,,bedingtes Spotmodell; Hälften nur in S0 gerechnet,2026-01-18T20:00:00+00:00,2026-09-29T12:00:00+00:00
A7/A8,Level-Diagnose korrigiert,R1,V063,bein_wahl=groesstes,15.109753746161768,17.23980706480315,-1.8168345478971948,docs/audit-nacharbeit-2026-10/A7-legacy/R1-V063.json,2026-01-18T20:00:00+00:00,2026-05-25T16:00:00+00:00,2026-05-25T16:00:00+00:00,2026-09-29T12:00:00+00:00,retrospektiv; keine historische Orderausführung bewiesen,,
Originalaudit,Level-Diagnose,R0,V064,be_im_plus=true,18.524161336685108,8.079217437130893,9.664155743568315,ccf2b01c0578346f325261e72445b7375a9ac706:docs/audit-2026-09-27/grid/V064.json,2026-01-18T20:00:00+00:00,2026-05-24T14:14:34.420000+00:00,2026-05-24T14:14:34.420000+00:00,2026-09-27T08:29:08.840000+00:00,retrospektiv; keine historische Orderausführung bewiesen,,
A7/A8,kausal S0,R0,V064,be_im_plus=true,4.840810568073928,1.9415009493708002,2.8440915541776857,docs/audit-nacharbeit-2026-10/A7-runs/R0-S0-V064.json,2026-01-18T20:00:00+00:00,2026-05-24T14:14:34.420000+00:00,2026-05-24T14:14:34.420000+00:00,2026-09-27T08:29:08.840000+00:00,bedingtes Spotmodell; getrennte Frischstarts,2026-01-18T20:00:00+00:00,2026-09-27T08:29:08.840000+00:00
A7/A8,kausal S1,R0,V064,be_im_plus=true,-3.5000042113110585,,,docs/audit-nacharbeit-2026-10/A7-runs/R0-S1-V064.json,,,,,bedingtes Spotmodell; Hälften nur in S0 gerechnet,2026-01-18T20:00:00+00:00,2026-09-27T08:29:08.840000+00:00
A7/A8,kausal S2,R0,V064,be_im_plus=true,-34.080406598269434,,,docs/audit-nacharbeit-2026-10/A7-runs/R0-S2-V064.json,,,,,bedingtes Spotmodell; Hälften nur in S0 gerechnet,2026-01-18T20:00:00+00:00,2026-09-27T08:29:08.840000+00:00
A7/A8,kausal S3,R0,V064,be_im_plus=true,-0.39973283646987934,,,docs/audit-nacharbeit-2026-10/A7-runs/R0-S3-V064.json,,,,,bedingtes Spotmodell; Hälften nur in S0 gerechnet,2026-01-18T20:00:00+00:00,2026-09-27T08:29:08.840000+00:00
A7/A8,kausal S4,R0,V064,be_im_plus=true,-25.407034677677785,,,docs/audit-nacharbeit-2026-10/A7-runs/R0-S4-V064.json,,,,,bedingtes Spotmodell; Hälften nur in S0 gerechnet,2026-01-18T20:00:00+00:00,2026-09-27T08:29:08.840000+00:00
A7/A8,Level-Diagnose korrigiert,R0,V064,be_im_plus=true,14.38908476570926,8.27164243018277,5.650087315772501,docs/audit-nacharbeit-2026-10/A7-legacy/R0-V064.json,2026-01-18T20:00:00+00:00,2026-05-24T14:14:34.420000+00:00,2026-05-24T14:14:34.420000+00:00,2026-09-27T08:29:08.840000+00:00,retrospektiv; keine historische Orderausführung bewiesen,,
A7/A8,kausal S0,R1,V064,be_im_plus=true,4.795335898691366,1.9415009493708002,2.7994829610541228,docs/audit-nacharbeit-2026-10/A7-runs/R1-S0-V064.json,2026-01-18T20:00:00+00:00,2026-05-25T16:00:00+00:00,2026-05-25T16:00:00+00:00,2026-09-29T12:00:00+00:00,bedingtes Spotmodell; getrennte Frischstarts,2026-01-18T20:00:00+00:00,2026-09-29T12:00:00+00:00
A7/A8,kausal S1,R1,V064,be_im_plus=true,-3.8957463826129746,,,docs/audit-nacharbeit-2026-10/A7-runs/R1-S1-V064.json,,,,,bedingtes Spotmodell; Hälften nur in S0 gerechnet,2026-01-18T20:00:00+00:00,2026-09-29T12:00:00+00:00
A7/A8,kausal S2,R1,V064,be_im_plus=true,-34.36792455902642,,,docs/audit-nacharbeit-2026-10/A7-runs/R1-S2-V064.json,,,,,bedingtes Spotmodell; Hälften nur in S0 gerechnet,2026-01-18T20:00:00+00:00,2026-09-29T12:00:00+00:00
A7/A8,kausal S3,R1,V064,be_im_plus=true,-1.3747286006698278,,,docs/audit-nacharbeit-2026-10/A7-runs/R1-S3-V064.json,,,,,bedingtes Spotmodell; Hälften nur in S0 gerechnet,2026-01-18T20:00:00+00:00,2026-09-29T12:00:00+00:00
A7/A8,kausal S4,R1,V064,be_im_plus=true,-25.876716155496503,,,docs/audit-nacharbeit-2026-10/A7-runs/R1-S4-V064.json,,,,,bedingtes Spotmodell; Hälften nur in S0 gerechnet,2026-01-18T20:00:00+00:00,2026-09-29T12:00:00+00:00
A7/A8,Level-Diagnose korrigiert,R1,V064,be_im_plus=true,13.848656168413154,8.27164243018277,5.150945910723115,docs/audit-nacharbeit-2026-10/A7-legacy/R1-V064.json,2026-01-18T20:00:00+00:00,2026-05-25T16:00:00+00:00,2026-05-25T16:00:00+00:00,2026-09-29T12:00:00+00:00,retrospektiv; keine historische Orderausführung bewiesen,,
Originalaudit,Level-Diagnose,R0,V065,widerstand_exit=on,29.124222241282837,18.077211701200113,9.355751529802191,ccf2b01c0578346f325261e72445b7375a9ac706:docs/audit-2026-09-27/grid/V065.json,2026-01-18T20:00:00+00:00,2026-05-24T14:14:34.420000+00:00,2026-05-24T14:14:34.420000+00:00,2026-09-27T08:29:08.840000+00:00,retrospektiv; keine historische Orderausführung bewiesen,,
A7/A8,kausal S0,R0,V065,widerstand_exit=on,30.91588385288231,21.28218416038854,7.943210916909105,docs/audit-nacharbeit-2026-10/A7-runs/R0-S0-V065.json,2026-01-18T20:00:00+00:00,2026-05-24T14:14:34.420000+00:00,2026-05-24T14:14:34.420000+00:00,2026-09-27T08:29:08.840000+00:00,bedingtes Spotmodell; getrennte Frischstarts,2026-01-18T20:00:00+00:00,2026-09-27T08:29:08.840000+00:00
A7/A8,kausal S1,R0,V065,widerstand_exit=on,25.09539625966419,,,docs/audit-nacharbeit-2026-10/A7-runs/R0-S1-V065.json,,,,,bedingtes Spotmodell; Hälften nur in S0 gerechnet,2026-01-18T20:00:00+00:00,2026-09-27T08:29:08.840000+00:00
A7/A8,kausal S2,R0,V065,widerstand_exit=on,4.299478797663081,,,docs/audit-nacharbeit-2026-10/A7-runs/R0-S2-V065.json,,,,,bedingtes Spotmodell; Hälften nur in S0 gerechnet,2026-01-18T20:00:00+00:00,2026-09-27T08:29:08.840000+00:00
A7/A8,kausal S3,R0,V065,widerstand_exit=on,26.65845276290748,,,docs/audit-nacharbeit-2026-10/A7-runs/R0-S3-V065.json,,,,,bedingtes Spotmodell; Hälften nur in S0 gerechnet,2026-01-18T20:00:00+00:00,2026-09-27T08:29:08.840000+00:00
A7/A8,kausal S4,R0,V065,widerstand_exit=on,7.356169128025569,,,docs/audit-nacharbeit-2026-10/A7-runs/R0-S4-V065.json,,,,,bedingtes Spotmodell; Hälften nur in S0 gerechnet,2026-01-18T20:00:00+00:00,2026-09-27T08:29:08.840000+00:00
A7/A8,Level-Diagnose korrigiert,R0,V065,widerstand_exit=on,27.917990258257298,17.69913356052615,8.682185151750609,docs/audit-nacharbeit-2026-10/A7-legacy/R0-V065.json,2026-01-18T20:00:00+00:00,2026-05-24T14:14:34.420000+00:00,2026-05-24T14:14:34.420000+00:00,2026-09-27T08:29:08.840000+00:00,retrospektiv; keine historische Orderausführung bewiesen,,
A7/A8,kausal S0,R1,V065,widerstand_exit=on,30.682576167025722,21.28218416038854,7.750843268295493,docs/audit-nacharbeit-2026-10/A7-runs/R1-S0-V065.json,2026-01-18T20:00:00+00:00,2026-05-25T16:00:00+00:00,2026-05-25T16:00:00+00:00,2026-09-29T12:00:00+00:00,bedingtes Spotmodell; getrennte Frischstarts,2026-01-18T20:00:00+00:00,2026-09-29T12:00:00+00:00
A7/A8,kausal S1,R1,V065,widerstand_exit=on,24.848080079246948,,,docs/audit-nacharbeit-2026-10/A7-runs/R1-S1-V065.json,,,,,bedingtes Spotmodell; Hälften nur in S0 gerechnet,2026-01-18T20:00:00+00:00,2026-09-29T12:00:00+00:00
A7/A8,kausal S2,R1,V065,widerstand_exit=on,4.012026694274096,,,docs/audit-nacharbeit-2026-10/A7-runs/R1-S2-V065.json,,,,,bedingtes Spotmodell; Hälften nur in S0 gerechnet,2026-01-18T20:00:00+00:00,2026-09-29T12:00:00+00:00
A7/A8,kausal S3,R1,V065,widerstand_exit=on,26.15761493312492,,,docs/audit-nacharbeit-2026-10/A7-runs/R1-S3-V065.json,,,,,bedingtes Spotmodell; Hälften nur in S0 gerechnet,2026-01-18T20:00:00+00:00,2026-09-29T12:00:00+00:00
A7/A8,kausal S4,R1,V065,widerstand_exit=on,6.807377189125541,,,docs/audit-nacharbeit-2026-10/A7-runs/R1-S4-V065.json,,,,,bedingtes Spotmodell; Hälften nur in S0 gerechnet,2026-01-18T20:00:00+00:00,2026-09-29T12:00:00+00:00
A7/A8,Level-Diagnose korrigiert,R1,V065,widerstand_exit=on,27.689773185526057,17.69913356052615,8.488286466324979,docs/audit-nacharbeit-2026-10/A7-legacy/R1-V065.json,2026-01-18T20:00:00+00:00,2026-05-25T16:00:00+00:00,2026-05-25T16:00:00+00:00,2026-09-29T12:00:00+00:00,retrospektiv; keine historische Orderausführung bewiesen,,
Originalaudit,Level-Diagnose,R0,V066,neustart_mit_rest=false,36.825898169778924,23.60972034971367,10.691859655271685,ccf2b01c0578346f325261e72445b7375a9ac706:docs/audit-2026-09-27/grid/V066.json,2026-01-18T20:00:00+00:00,2026-05-24T14:14:34.420000+00:00,2026-05-24T14:14:34.420000+00:00,2026-09-27T08:29:08.840000+00:00,retrospektiv; keine historische Orderausführung bewiesen,,
A7/A8,kausal S0,R0,V066,neustart_mit_rest=false,34.188799077945205,23.83526074095279,8.3607352825386,docs/audit-nacharbeit-2026-10/A7-runs/R0-S0-V066.json,2026-01-18T20:00:00+00:00,2026-05-24T14:14:34.420000+00:00,2026-05-24T14:14:34.420000+00:00,2026-09-27T08:29:08.840000+00:00,bedingtes Spotmodell; getrennte Frischstarts,2026-01-18T20:00:00+00:00,2026-09-27T08:29:08.840000+00:00
A7/A8,kausal S1,R0,V066,neustart_mit_rest=false,28.52006290812501,,,docs/audit-nacharbeit-2026-10/A7-runs/R0-S1-V066.json,,,,,bedingtes Spotmodell; Hälften nur in S0 gerechnet,2026-01-18T20:00:00+00:00,2026-09-27T08:29:08.840000+00:00
A7/A8,kausal S2,R0,V066,neustart_mit_rest=false,8.152962806734143,,,docs/audit-nacharbeit-2026-10/A7-runs/R0-S2-V066.json,,,,,bedingtes Spotmodell; Hälften nur in S0 gerechnet,2026-01-18T20:00:00+00:00,2026-09-27T08:29:08.840000+00:00
A7/A8,kausal S3,R0,V066,neustart_mit_rest=false,27.196895482167594,,,docs/audit-nacharbeit-2026-10/A7-runs/R0-S3-V066.json,,,,,bedingtes Spotmodell; Hälften nur in S0 gerechnet,2026-01-18T20:00:00+00:00,2026-09-27T08:29:08.840000+00:00
A7/A8,kausal S4,R0,V066,neustart_mit_rest=false,8.381438866379076,,,docs/audit-nacharbeit-2026-10/A7-runs/R0-S4-V066.json,,,,,bedingtes Spotmodell; Hälften nur in S0 gerechnet,2026-01-18T20:00:00+00:00,2026-09-27T08:29:08.840000+00:00
A7/A8,Level-Diagnose korrigiert,R0,V066,neustart_mit_rest=false,34.5762117969312,23.174101365331023,9.256905717364926,docs/audit-nacharbeit-2026-10/A7-legacy/R0-V066.json,2026-01-18T20:00:00+00:00,2026-05-24T14:14:34.420000+00:00,2026-05-24T14:14:34.420000+00:00,2026-09-27T08:29:08.840000+00:00,retrospektiv; keine historische Orderausführung bewiesen,,
A7/A8,kausal S0,R1,V066,neustart_mit_rest=false,33.81598027877413,23.83526074095279,8.059674989258347,docs/audit-nacharbeit-2026-10/A7-runs/R1-S0-V066.json,2026-01-18T20:00:00+00:00,2026-05-25T16:00:00+00:00,2026-05-25T16:00:00+00:00,2026-09-29T12:00:00+00:00,bedingtes Spotmodell; getrennte Frischstarts,2026-01-18T20:00:00+00:00,2026-09-29T12:00:00+00:00
A7/A8,kausal S1,R1,V066,neustart_mit_rest=false,28.138065278798674,,,docs/audit-nacharbeit-2026-10/A7-runs/R1-S1-V066.json,,,,,bedingtes Spotmodell; Hälften nur in S0 gerechnet,2026-01-18T20:00:00+00:00,2026-09-29T12:00:00+00:00
A7/A8,kausal S2,R1,V066,neustart_mit_rest=false,7.747736399368499,,,docs/audit-nacharbeit-2026-10/A7-runs/R1-S2-V066.json,,,,,bedingtes Spotmodell; Hälften nur in S0 gerechnet,2026-01-18T20:00:00+00:00,2026-09-29T12:00:00+00:00
A7/A8,kausal S3,R1,V066,neustart_mit_rest=false,26.75687170527672,,,docs/audit-nacharbeit-2026-10/A7-runs/R1-S3-V066.json,,,,,bedingtes Spotmodell; Hälften nur in S0 gerechnet,2026-01-18T20:00:00+00:00,2026-09-29T12:00:00+00:00
A7/A8,kausal S4,R1,V066,neustart_mit_rest=false,7.922915148156395,,,docs/audit-nacharbeit-2026-10/A7-runs/R1-S4-V066.json,,,,,bedingtes Spotmodell; Hälften nur in S0 gerechnet,2026-01-18T20:00:00+00:00,2026-09-29T12:00:00+00:00
A7/A8,Level-Diagnose korrigiert,R1,V066,neustart_mit_rest=false,34.20186506568821,23.174101365331023,8.952988962873931,docs/audit-nacharbeit-2026-10/A7-legacy/R1-V066.json,2026-01-18T20:00:00+00:00,2026-05-25T16:00:00+00:00,2026-05-25T16:00:00+00:00,2026-09-29T12:00:00+00:00,retrospektiv; keine historische Orderausführung bewiesen,,
Originalaudit,Level-Diagnose,R0,V067,zonen_1d=true,31.51245043275106,28.307663406995797,1.943440314899747,ccf2b01c0578346f325261e72445b7375a9ac706:docs/audit-2026-09-27/grid/V067.json,2026-01-18T20:00:00+00:00,2026-05-24T14:14:34.420000+00:00,2026-05-24T14:14:34.420000+00:00,2026-09-27T08:29:08.840000+00:00,retrospektiv; keine historische Orderausführung bewiesen,,
A7/A8,kausal S0,R0,V067,zonen_1d=true,28.34721500631492,28.12816641037781,0.2393147281976704,docs/audit-nacharbeit-2026-10/A7-runs/R0-S0-V067.json,2026-01-18T20:00:00+00:00,2026-05-24T14:14:34.420000+00:00,2026-05-24T14:14:34.420000+00:00,2026-09-27T08:29:08.840000+00:00,bedingtes Spotmodell; getrennte Frischstarts,2026-01-18T20:00:00+00:00,2026-09-27T08:29:08.840000+00:00
A7/A8,kausal S1,R0,V067,zonen_1d=true,23.18221650894614,,,docs/audit-nacharbeit-2026-10/A7-runs/R0-S1-V067.json,,,,,bedingtes Spotmodell; Hälften nur in S0 gerechnet,2026-01-18T20:00:00+00:00,2026-09-27T08:29:08.840000+00:00
A7/A8,kausal S2,R0,V067,zonen_1d=true,4.531951774506715,,,docs/audit-nacharbeit-2026-10/A7-runs/R0-S2-V067.json,,,,,bedingtes Spotmodell; Hälften nur in S0 gerechnet,2026-01-18T20:00:00+00:00,2026-09-27T08:29:08.840000+00:00
A7/A8,kausal S3,R0,V067,zonen_1d=true,26.370369737944664,,,docs/audit-nacharbeit-2026-10/A7-runs/R0-S3-V067.json,,,,,bedingtes Spotmodell; Hälften nur in S0 gerechnet,2026-01-18T20:00:00+00:00,2026-09-27T08:29:08.840000+00:00
A7/A8,kausal S4,R0,V067,zonen_1d=true,8.22254729240932,,,docs/audit-nacharbeit-2026-10/A7-runs/R0-S4-V067.json,,,,,bedingtes Spotmodell; Hälften nur in S0 gerechnet,2026-01-18T20:00:00+00:00,2026-09-27T08:29:08.840000+00:00
A7/A8,Level-Diagnose korrigiert,R0,V067,zonen_1d=true,35.02352879722017,33.07744613544272,1.9771246008710275,docs/audit-nacharbeit-2026-10/A7-legacy/R0-V067.json,2026-01-18T20:00:00+00:00,2026-05-24T14:14:34.420000+00:00,2026-05-24T14:14:34.420000+00:00,2026-09-27T08:29:08.840000+00:00,retrospektiv; keine historische Orderausführung bewiesen,,
A7/A8,kausal S0,R1,V067,zonen_1d=true,27.99062596979025,28.764445959993743,-0.174855956425235,docs/audit-nacharbeit-2026-10/A7-runs/R1-S0-V067.json,2026-01-18T20:00:00+00:00,2026-05-25T16:00:00+00:00,2026-05-25T16:00:00+00:00,2026-09-29T12:00:00+00:00,bedingtes Spotmodell; getrennte Frischstarts,2026-01-18T20:00:00+00:00,2026-09-29T12:00:00+00:00
A7/A8,kausal S1,R1,V067,zonen_1d=true,22.8160844544107,,,docs/audit-nacharbeit-2026-10/A7-runs/R1-S1-V067.json,,,,,bedingtes Spotmodell; Hälften nur in S0 gerechnet,2026-01-18T20:00:00+00:00,2026-09-29T12:00:00+00:00
A7/A8,kausal S2,R1,V067,zonen_1d=true,4.140292533990175,,,docs/audit-nacharbeit-2026-10/A7-runs/R1-S2-V067.json,,,,,bedingtes Spotmodell; Hälften nur in S0 gerechnet,2026-01-18T20:00:00+00:00,2026-09-29T12:00:00+00:00
A7/A8,kausal S3,R1,V067,zonen_1d=true,25.933205236653944,,,docs/audit-nacharbeit-2026-10/A7-runs/R1-S3-V067.json,,,,,bedingtes Spotmodell; Hälften nur in S0 gerechnet,2026-01-18T20:00:00+00:00,2026-09-29T12:00:00+00:00
A7/A8,kausal S4,R1,V067,zonen_1d=true,7.764695788507203,,,docs/audit-nacharbeit-2026-10/A7-runs/R1-S4-V067.json,,,,,bedingtes Spotmodell; Hälften nur in S0 gerechnet,2026-01-18T20:00:00+00:00,2026-09-29T12:00:00+00:00
A7/A8,Level-Diagnose korrigiert,R1,V067,zonen_1d=true,34.64793777729756,33.45043676294248,1.56062574144058,docs/audit-nacharbeit-2026-10/A7-legacy/R1-V067.json,2026-01-18T20:00:00+00:00,2026-05-25T16:00:00+00:00,2026-05-25T16:00:00+00:00,2026-09-29T12:00:00+00:00,retrospektiv; keine historische Orderausführung bewiesen,,
Originalaudit,Level-Diagnose,R0,V068,pivot_n_1d=8,36.130924832553625,23.60972034971367,10.12962770841581,ccf2b01c0578346f325261e72445b7375a9ac706:docs/audit-2026-09-27/grid/V068.json,2026-01-18T20:00:00+00:00,2026-05-24T14:14:34.420000+00:00,2026-05-24T14:14:34.420000+00:00,2026-09-27T08:29:08.840000+00:00,retrospektiv; keine historische Orderausführung bewiesen,,
A7/A8,kausal S0,R0,V068,pivot_n_1d=8,34.188799077945205,23.83526074095279,8.3607352825386,docs/audit-nacharbeit-2026-10/A7-runs/R0-S0-V068.json,2026-01-18T20:00:00+00:00,2026-05-24T14:14:34.420000+00:00,2026-05-24T14:14:34.420000+00:00,2026-09-27T08:29:08.840000+00:00,bedingtes Spotmodell; getrennte Frischstarts,2026-01-18T20:00:00+00:00,2026-09-27T08:29:08.840000+00:00
A7/A8,kausal S1,R0,V068,pivot_n_1d=8,28.52006290812501,,,docs/audit-nacharbeit-2026-10/A7-runs/R0-S1-V068.json,,,,,bedingtes Spotmodell; Hälften nur in S0 gerechnet,2026-01-18T20:00:00+00:00,2026-09-27T08:29:08.840000+00:00
A7/A8,kausal S2,R0,V068,pivot_n_1d=8,8.152962806734143,,,docs/audit-nacharbeit-2026-10/A7-runs/R0-S2-V068.json,,,,,bedingtes Spotmodell; Hälften nur in S0 gerechnet,2026-01-18T20:00:00+00:00,2026-09-27T08:29:08.840000+00:00
A7/A8,kausal S3,R0,V068,pivot_n_1d=8,27.196895482167594,,,docs/audit-nacharbeit-2026-10/A7-runs/R0-S3-V068.json,,,,,bedingtes Spotmodell; Hälften nur in S0 gerechnet,2026-01-18T20:00:00+00:00,2026-09-27T08:29:08.840000+00:00
A7/A8,kausal S4,R0,V068,pivot_n_1d=8,8.381438866379076,,,docs/audit-nacharbeit-2026-10/A7-runs/R0-S4-V068.json,,,,,bedingtes Spotmodell; Hälften nur in S0 gerechnet,2026-01-18T20:00:00+00:00,2026-09-27T08:29:08.840000+00:00
A7/A8,Level-Diagnose korrigiert,R0,V068,pivot_n_1d=8,34.5762117969312,23.174101365331023,9.256905717364926,docs/audit-nacharbeit-2026-10/A7-legacy/R0-V068.json,2026-01-18T20:00:00+00:00,2026-05-24T14:14:34.420000+00:00,2026-05-24T14:14:34.420000+00:00,2026-09-27T08:29:08.840000+00:00,retrospektiv; keine historische Orderausführung bewiesen,,
A7/A8,kausal S0,R1,V068,pivot_n_1d=8,33.81598027877413,23.83526074095279,8.059674989258347,docs/audit-nacharbeit-2026-10/A7-runs/R1-S0-V068.json,2026-01-18T20:00:00+00:00,2026-05-25T16:00:00+00:00,2026-05-25T16:00:00+00:00,2026-09-29T12:00:00+00:00,bedingtes Spotmodell; getrennte Frischstarts,2026-01-18T20:00:00+00:00,2026-09-29T12:00:00+00:00
A7/A8,kausal S1,R1,V068,pivot_n_1d=8,28.138065278798674,,,docs/audit-nacharbeit-2026-10/A7-runs/R1-S1-V068.json,,,,,bedingtes Spotmodell; Hälften nur in S0 gerechnet,2026-01-18T20:00:00+00:00,2026-09-29T12:00:00+00:00
A7/A8,kausal S2,R1,V068,pivot_n_1d=8,7.747736399368499,,,docs/audit-nacharbeit-2026-10/A7-runs/R1-S2-V068.json,,,,,bedingtes Spotmodell; Hälften nur in S0 gerechnet,2026-01-18T20:00:00+00:00,2026-09-29T12:00:00+00:00
A7/A8,kausal S3,R1,V068,pivot_n_1d=8,26.75687170527672,,,docs/audit-nacharbeit-2026-10/A7-runs/R1-S3-V068.json,,,,,bedingtes Spotmodell; Hälften nur in S0 gerechnet,2026-01-18T20:00:00+00:00,2026-09-29T12:00:00+00:00
A7/A8,kausal S4,R1,V068,pivot_n_1d=8,7.922915148156395,,,docs/audit-nacharbeit-2026-10/A7-runs/R1-S4-V068.json,,,,,bedingtes Spotmodell; Hälften nur in S0 gerechnet,2026-01-18T20:00:00+00:00,2026-09-29T12:00:00+00:00
A7/A8,Level-Diagnose korrigiert,R1,V068,pivot_n_1d=8,34.20186506568821,23.174101365331023,8.952988962873931,docs/audit-nacharbeit-2026-10/A7-legacy/R1-V068.json,2026-01-18T20:00:00+00:00,2026-05-25T16:00:00+00:00,2026-05-25T16:00:00+00:00,2026-09-29T12:00:00+00:00,retrospektiv; keine historische Orderausführung bewiesen,,
Originalaudit,Level-Diagnose,R0,V069,pivot_n_1d=12,36.130924832553625,23.60972034971367,10.12962770841581,ccf2b01c0578346f325261e72445b7375a9ac706:docs/audit-2026-09-27/grid/V069.json,2026-01-18T20:00:00+00:00,2026-05-24T14:14:34.420000+00:00,2026-05-24T14:14:34.420000+00:00,2026-09-27T08:29:08.840000+00:00,retrospektiv; keine historische Orderausführung bewiesen,,
A7/A8,kausal S0,R0,V069,pivot_n_1d=12,34.188799077945205,23.83526074095279,8.3607352825386,docs/audit-nacharbeit-2026-10/A7-runs/R0-S0-V069.json,2026-01-18T20:00:00+00:00,2026-05-24T14:14:34.420000+00:00,2026-05-24T14:14:34.420000+00:00,2026-09-27T08:29:08.840000+00:00,bedingtes Spotmodell; getrennte Frischstarts,2026-01-18T20:00:00+00:00,2026-09-27T08:29:08.840000+00:00
A7/A8,kausal S1,R0,V069,pivot_n_1d=12,28.52006290812501,,,docs/audit-nacharbeit-2026-10/A7-runs/R0-S1-V069.json,,,,,bedingtes Spotmodell; Hälften nur in S0 gerechnet,2026-01-18T20:00:00+00:00,2026-09-27T08:29:08.840000+00:00
A7/A8,kausal S2,R0,V069,pivot_n_1d=12,8.152962806734143,,,docs/audit-nacharbeit-2026-10/A7-runs/R0-S2-V069.json,,,,,bedingtes Spotmodell; Hälften nur in S0 gerechnet,2026-01-18T20:00:00+00:00,2026-09-27T08:29:08.840000+00:00
A7/A8,kausal S3,R0,V069,pivot_n_1d=12,27.196895482167594,,,docs/audit-nacharbeit-2026-10/A7-runs/R0-S3-V069.json,,,,,bedingtes Spotmodell; Hälften nur in S0 gerechnet,2026-01-18T20:00:00+00:00,2026-09-27T08:29:08.840000+00:00
A7/A8,kausal S4,R0,V069,pivot_n_1d=12,8.381438866379076,,,docs/audit-nacharbeit-2026-10/A7-runs/R0-S4-V069.json,,,,,bedingtes Spotmodell; Hälften nur in S0 gerechnet,2026-01-18T20:00:00+00:00,2026-09-27T08:29:08.840000+00:00
A7/A8,Level-Diagnose korrigiert,R0,V069,pivot_n_1d=12,34.5762117969312,23.174101365331023,9.256905717364926,docs/audit-nacharbeit-2026-10/A7-legacy/R0-V069.json,2026-01-18T20:00:00+00:00,2026-05-24T14:14:34.420000+00:00,2026-05-24T14:14:34.420000+00:00,2026-09-27T08:29:08.840000+00:00,retrospektiv; keine historische Orderausführung bewiesen,,
A7/A8,kausal S0,R1,V069,pivot_n_1d=12,33.81598027877413,23.83526074095279,8.059674989258347,docs/audit-nacharbeit-2026-10/A7-runs/R1-S0-V069.json,2026-01-18T20:00:00+00:00,2026-05-25T16:00:00+00:00,2026-05-25T16:00:00+00:00,2026-09-29T12:00:00+00:00,bedingtes Spotmodell; getrennte Frischstarts,2026-01-18T20:00:00+00:00,2026-09-29T12:00:00+00:00
A7/A8,kausal S1,R1,V069,pivot_n_1d=12,28.138065278798674,,,docs/audit-nacharbeit-2026-10/A7-runs/R1-S1-V069.json,,,,,bedingtes Spotmodell; Hälften nur in S0 gerechnet,2026-01-18T20:00:00+00:00,2026-09-29T12:00:00+00:00
A7/A8,kausal S2,R1,V069,pivot_n_1d=12,7.747736399368499,,,docs/audit-nacharbeit-2026-10/A7-runs/R1-S2-V069.json,,,,,bedingtes Spotmodell; Hälften nur in S0 gerechnet,2026-01-18T20:00:00+00:00,2026-09-29T12:00:00+00:00
A7/A8,kausal S3,R1,V069,pivot_n_1d=12,26.75687170527672,,,docs/audit-nacharbeit-2026-10/A7-runs/R1-S3-V069.json,,,,,bedingtes Spotmodell; Hälften nur in S0 gerechnet,2026-01-18T20:00:00+00:00,2026-09-29T12:00:00+00:00
A7/A8,kausal S4,R1,V069,pivot_n_1d=12,7.922915148156395,,,docs/audit-nacharbeit-2026-10/A7-runs/R1-S4-V069.json,,,,,bedingtes Spotmodell; Hälften nur in S0 gerechnet,2026-01-18T20:00:00+00:00,2026-09-29T12:00:00+00:00
A7/A8,Level-Diagnose korrigiert,R1,V069,pivot_n_1d=12,34.20186506568821,23.174101365331023,8.952988962873931,docs/audit-nacharbeit-2026-10/A7-legacy/R1-V069.json,2026-01-18T20:00:00+00:00,2026-05-25T16:00:00+00:00,2026-05-25T16:00:00+00:00,2026-09-29T12:00:00+00:00,retrospektiv; keine historische Orderausführung bewiesen,,
Originalaudit,Level-Diagnose,R0,V070,ampel_filter=klein,31.539073313833434,21.945066963559555,7.867482128769376,ccf2b01c0578346f325261e72445b7375a9ac706:docs/audit-2026-09-27/grid/V070.json,2026-01-18T20:00:00+00:00,2026-05-24T14:14:34.420000+00:00,2026-05-24T14:14:34.420000+00:00,2026-09-27T08:29:08.840000+00:00,retrospektiv; keine historische Orderausführung bewiesen,,
A7/A8,kausal S0,R0,V070,ampel_filter=klein,29.903283115499214,22.844004401209972,5.746539075064239,docs/audit-nacharbeit-2026-10/A7-runs/R0-S0-V070.json,2026-01-18T20:00:00+00:00,2026-05-24T14:14:34.420000+00:00,2026-05-24T14:14:34.420000+00:00,2026-09-27T08:29:08.840000+00:00,bedingtes Spotmodell; getrennte Frischstarts,2026-01-18T20:00:00+00:00,2026-09-27T08:29:08.840000+00:00
A7/A8,kausal S1,R0,V070,ampel_filter=klein,25.360677415074086,,,docs/audit-nacharbeit-2026-10/A7-runs/R0-S1-V070.json,,,,,bedingtes Spotmodell; Hälften nur in S0 gerechnet,2026-01-18T20:00:00+00:00,2026-09-27T08:29:08.840000+00:00
A7/A8,kausal S2,R0,V070,ampel_filter=klein,8.736898639429924,,,docs/audit-nacharbeit-2026-10/A7-runs/R0-S2-V070.json,,,,,bedingtes Spotmodell; Hälften nur in S0 gerechnet,2026-01-18T20:00:00+00:00,2026-09-27T08:29:08.840000+00:00
A7/A8,kausal S3,R0,V070,ampel_filter=klein,17.62203077531119,,,docs/audit-nacharbeit-2026-10/A7-runs/R0-S3-V070.json,,,,,bedingtes Spotmodell; Hälften nur in S0 gerechnet,2026-01-18T20:00:00+00:00,2026-09-27T08:29:08.840000+00:00
A7/A8,kausal S4,R0,V070,ampel_filter=klein,3.6240768519493427,,,docs/audit-nacharbeit-2026-10/A7-runs/R0-S4-V070.json,,,,,bedingtes Spotmodell; Hälften nur in S0 gerechnet,2026-01-18T20:00:00+00:00,2026-09-27T08:29:08.840000+00:00
A7/A8,Level-Diagnose korrigiert,R0,V070,ampel_filter=klein,30.517941887020328,21.68158968755547,7.261864528688511,docs/audit-nacharbeit-2026-10/A7-legacy/R0-V070.json,2026-01-18T20:00:00+00:00,2026-05-24T14:14:34.420000+00:00,2026-05-24T14:14:34.420000+00:00,2026-09-27T08:29:08.840000+00:00,retrospektiv; keine historische Orderausführung bewiesen,,
A7/A8,kausal S0,R1,V070,ampel_filter=klein,29.54237083107396,22.844004401209972,5.452741843213582,docs/audit-nacharbeit-2026-10/A7-runs/R1-S0-V070.json,2026-01-18T20:00:00+00:00,2026-05-25T16:00:00+00:00,2026-05-25T16:00:00+00:00,2026-09-29T12:00:00+00:00,bedingtes Spotmodell; getrennte Frischstarts,2026-01-18T20:00:00+00:00,2026-09-29T12:00:00+00:00
A7/A8,kausal S1,R1,V070,ampel_filter=klein,24.988070364472705,,,docs/audit-nacharbeit-2026-10/A7-runs/R1-S1-V070.json,,,,,bedingtes Spotmodell; Hälften nur in S0 gerechnet,2026-01-18T20:00:00+00:00,2026-09-29T12:00:00+00:00
A7/A8,kausal S2,R1,V070,ampel_filter=klein,8.3294843472993,,,docs/audit-nacharbeit-2026-10/A7-runs/R1-S2-V070.json,,,,,bedingtes Spotmodell; Hälften nur in S0 gerechnet,2026-01-18T20:00:00+00:00,2026-09-29T12:00:00+00:00
A7/A8,kausal S3,R1,V070,ampel_filter=klein,17.215130197815732,,,docs/audit-nacharbeit-2026-10/A7-runs/R1-S3-V070.json,,,,,bedingtes Spotmodell; Hälften nur in S0 gerechnet,2026-01-18T20:00:00+00:00,2026-09-29T12:00:00+00:00
A7/A8,kausal S4,R1,V070,ampel_filter=klein,3.1856798578465906,,,docs/audit-nacharbeit-2026-10/A7-runs/R1-S4-V070.json,,,,,bedingtes Spotmodell; Hälften nur in S0 gerechnet,2026-01-18T20:00:00+00:00,2026-09-29T12:00:00+00:00
A7/A8,Level-Diagnose korrigiert,R1,V070,ampel_filter=klein,30.154883927061604,21.68158968755547,6.963497322202339,docs/audit-nacharbeit-2026-10/A7-legacy/R1-V070.json,2026-01-18T20:00:00+00:00,2026-05-25T16:00:00+00:00,2026-05-25T16:00:00+00:00,2026-09-29T12:00:00+00:00,retrospektiv; keine historische Orderausführung bewiesen,,
Originalaudit,Level-Diagnose,R0,V071,ampel_filter=gross,36.191330933058865,24.168698698376833,9.68249837576749,ccf2b01c0578346f325261e72445b7375a9ac706:docs/audit-2026-09-27/grid/V071.json,2026-01-18T20:00:00+00:00,2026-05-24T14:14:34.420000+00:00,2026-05-24T14:14:34.420000+00:00,2026-09-27T08:29:08.840000+00:00,retrospektiv; keine historische Orderausführung bewiesen,,
A7/A8,kausal S0,R0,V071,ampel_filter=gross,34.24501648632734,24.949218865328216,7.439660451993957,docs/audit-nacharbeit-2026-10/A7-runs/R0-S0-V071.json,2026-01-18T20:00:00+00:00,2026-05-24T14:14:34.420000+00:00,2026-05-24T14:14:34.420000+00:00,2026-09-27T08:29:08.840000+00:00,bedingtes Spotmodell; getrennte Frischstarts,2026-01-18T20:00:00+00:00,2026-09-27T08:29:08.840000+00:00
A7/A8,kausal S1,R0,V071,ampel_filter=gross,29.255060635535557,,,docs/audit-nacharbeit-2026-10/A7-runs/R0-S1-V071.json,,,,,bedingtes Spotmodell; Hälften nur in S0 gerechnet,2026-01-18T20:00:00+00:00,2026-09-27T08:29:08.840000+00:00
A7/A8,kausal S2,R0,V071,ampel_filter=gross,11.092472291692502,,,docs/audit-nacharbeit-2026-10/A7-runs/R0-S2-V071.json,,,,,bedingtes Spotmodell; Hälften nur in S0 gerechnet,2026-01-18T20:00:00+00:00,2026-09-27T08:29:08.840000+00:00
A7/A8,kausal S3,R0,V071,ampel_filter=gross,26.115604818101843,,,docs/audit-nacharbeit-2026-10/A7-runs/R0-S3-V071.json,,,,,bedingtes Spotmodell; Hälften nur in S0 gerechnet,2026-01-18T20:00:00+00:00,2026-09-27T08:29:08.840000+00:00
A7/A8,kausal S4,R0,V071,ampel_filter=gross,10.018136844973169,,,docs/audit-nacharbeit-2026-10/A7-runs/R0-S4-V071.json,,,,,bedingtes Spotmodell; Hälften nur in S0 gerechnet,2026-01-18T20:00:00+00:00,2026-09-27T08:29:08.840000+00:00
A7/A8,Level-Diagnose korrigiert,R0,V071,ampel_filter=gross,34.159030199367415,23.731109791403515,8.427888851513732,docs/audit-nacharbeit-2026-10/A7-legacy/R0-V071.json,2026-01-18T20:00:00+00:00,2026-05-24T14:14:34.420000+00:00,2026-05-24T14:14:34.420000+00:00,2026-09-27T08:29:08.840000+00:00,retrospektiv; keine historische Orderausführung bewiesen,,
A7/A8,kausal S0,R1,V071,ampel_filter=gross,33.986634109744344,24.949218865328216,7.232870542517622,docs/audit-nacharbeit-2026-10/A7-runs/R1-S0-V071.json,2026-01-18T20:00:00+00:00,2026-05-25T16:00:00+00:00,2026-05-25T16:00:00+00:00,2026-09-29T12:00:00+00:00,bedingtes Spotmodell; getrennte Frischstarts,2026-01-18T20:00:00+00:00,2026-09-29T12:00:00+00:00
A7/A8,kausal S1,R1,V071,ampel_filter=gross,28.988967555459833,,,docs/audit-nacharbeit-2026-10/A7-runs/R1-S1-V071.json,,,,,bedingtes Spotmodell; Hälften nur in S0 gerechnet,2026-01-18T20:00:00+00:00,2026-09-29T12:00:00+00:00
A7/A8,kausal S2,R1,V071,ampel_filter=gross,10.804405334545852,,,docs/audit-nacharbeit-2026-10/A7-runs/R1-S2-V071.json,,,,,bedingtes Spotmodell; Hälften nur in S0 gerechnet,2026-01-18T20:00:00+00:00,2026-09-29T12:00:00+00:00
A7/A8,kausal S3,R1,V071,ampel_filter=gross,25.81339232631319,,,docs/audit-nacharbeit-2026-10/A7-runs/R1-S3-V071.json,,,,,bedingtes Spotmodell; Hälften nur in S0 gerechnet,2026-01-18T20:00:00+00:00,2026-09-29T12:00:00+00:00
A7/A8,kausal S4,R1,V071,ampel_filter=gross,9.695979010662814,,,docs/audit-nacharbeit-2026-10/A7-runs/R1-S4-V071.json,,,,,bedingtes Spotmodell; Hälften nur in S0 gerechnet,2026-01-18T20:00:00+00:00,2026-09-29T12:00:00+00:00
A7/A8,Level-Diagnose korrigiert,R1,V071,ampel_filter=gross,33.90010462105415,23.731109791403515,8.218624117082939,docs/audit-nacharbeit-2026-10/A7-legacy/R1-V071.json,2026-01-18T20:00:00+00:00,2026-05-25T16:00:00+00:00,2026-05-25T16:00:00+00:00,2026-09-29T12:00:00+00:00,retrospektiv; keine historische Orderausführung bewiesen,,
Originalaudit,Level-Diagnose,R0,V072,ampel_filter=immer,25.53521550448321,18.60932295182525,5.839248028985833,ccf2b01c0578346f325261e72445b7375a9ac706:docs/audit-2026-09-27/grid/V072.json,2026-01-18T20:00:00+00:00,2026-05-24T14:14:34.420000+00:00,2026-05-24T14:14:34.420000+00:00,2026-09-27T08:29:08.840000+00:00,retrospektiv; keine historische Orderausführung bewiesen,,
A7/A8,kausal S0,R0,V072,ampel_filter=immer,24.208230133147033,18.85806285089595,4.501307823738188,docs/audit-nacharbeit-2026-10/A7-runs/R0-S0-V072.json,2026-01-18T20:00:00+00:00,2026-05-24T14:14:34.420000+00:00,2026-05-24T14:14:34.420000+00:00,2026-09-27T08:29:08.840000+00:00,bedingtes Spotmodell; getrennte Frischstarts,2026-01-18T20:00:00+00:00,2026-09-27T08:29:08.840000+00:00
A7/A8,kausal S1,R0,V072,ampel_filter=immer,21.15666070903941,,,docs/audit-nacharbeit-2026-10/A7-runs/R0-S1-V072.json,,,,,bedingtes Spotmodell; Hälften nur in S0 gerechnet,2026-01-18T20:00:00+00:00,2026-09-27T08:29:08.840000+00:00
A7/A8,kausal S2,R0,V072,ampel_filter=immer,9.701975640871495,,,docs/audit-nacharbeit-2026-10/A7-runs/R0-S2-V072.json,,,,,bedingtes Spotmodell; Hälften nur in S0 gerechnet,2026-01-18T20:00:00+00:00,2026-09-27T08:29:08.840000+00:00
A7/A8,kausal S3,R0,V072,ampel_filter=immer,15.632398463704567,,,docs/audit-nacharbeit-2026-10/A7-runs/R0-S3-V072.json,,,,,bedingtes Spotmodell; Hälften nur in S0 gerechnet,2026-01-18T20:00:00+00:00,2026-09-27T08:29:08.840000+00:00
A7/A8,kausal S4,R0,V072,ampel_filter=immer,5.792239188413317,,,docs/audit-nacharbeit-2026-10/A7-runs/R0-S4-V072.json,,,,,bedingtes Spotmodell; Hälften nur in S0 gerechnet,2026-01-18T20:00:00+00:00,2026-09-27T08:29:08.840000+00:00
A7/A8,Level-Diagnose korrigiert,R0,V072,ampel_filter=immer,24.780974886129602,18.399644708225104,5.389653147718576,docs/audit-nacharbeit-2026-10/A7-legacy/R0-V072.json,2026-01-18T20:00:00+00:00,2026-05-24T14:14:34.420000+00:00,2026-05-24T14:14:34.420000+00:00,2026-09-27T08:29:08.840000+00:00,retrospektiv; keine historische Orderausführung bewiesen,,
A7/A8,kausal S0,R1,V072,ampel_filter=immer,24.037961432173827,18.85806285089595,4.358054015886048,docs/audit-nacharbeit-2026-10/A7-runs/R1-S0-V072.json,2026-01-18T20:00:00+00:00,2026-05-25T16:00:00+00:00,2026-05-25T16:00:00+00:00,2026-09-29T12:00:00+00:00,bedingtes Spotmodell; getrennte Frischstarts,2026-01-18T20:00:00+00:00,2026-09-29T12:00:00+00:00
A7/A8,kausal S1,R1,V072,ampel_filter=immer,20.97903873960414,,,docs/audit-nacharbeit-2026-10/A7-runs/R1-S1-V072.json,,,,,bedingtes Spotmodell; Hälften nur in S0 gerechnet,2026-01-18T20:00:00+00:00,2026-09-29T12:00:00+00:00
A7/A8,kausal S2,R1,V072,ampel_filter=immer,9.49950510802906,,,docs/audit-nacharbeit-2026-10/A7-runs/R1-S2-V072.json,,,,,bedingtes Spotmodell; Hälften nur in S0 gerechnet,2026-01-18T20:00:00+00:00,2026-09-29T12:00:00+00:00
A7/A8,kausal S3,R1,V072,ampel_filter=immer,15.435246728562536,,,docs/audit-nacharbeit-2026-10/A7-runs/R1-S3-V072.json,,,,,bedingtes Spotmodell; Hälften nur in S0 gerechnet,2026-01-18T20:00:00+00:00,2026-09-29T12:00:00+00:00
A7/A8,kausal S4,R1,V072,ampel_filter=immer,5.571941182631646,,,docs/audit-nacharbeit-2026-10/A7-runs/R1-S4-V072.json,,,,,bedingtes Spotmodell; Hälften nur in S0 gerechnet,2026-01-18T20:00:00+00:00,2026-09-29T12:00:00+00:00
A7/A8,Level-Diagnose korrigiert,R1,V072,ampel_filter=immer,24.60952906383893,18.399644708225104,5.244850498425868,docs/audit-nacharbeit-2026-10/A7-legacy/R1-V072.json,2026-01-18T20:00:00+00:00,2026-05-25T16:00:00+00:00,2026-05-25T16:00:00+00:00,2026-09-29T12:00:00+00:00,retrospektiv; keine historische Orderausführung bewiesen,,
Originalaudit,Level-Diagnose,R0,V073,high_exit_hist=live,36.130924832553625,23.60972034971367,10.12962770841581,ccf2b01c0578346f325261e72445b7375a9ac706:docs/audit-2026-09-27/grid/V073.json,2026-01-18T20:00:00+00:00,2026-05-24T14:14:34.420000+00:00,2026-05-24T14:14:34.420000+00:00,2026-09-27T08:29:08.840000+00:00,retrospektiv; keine historische Orderausführung bewiesen,,
A7/A8,kausal S0,R0,V073,high_exit_hist=live,34.188799077945205,23.83526074095279,8.3607352825386,docs/audit-nacharbeit-2026-10/A7-runs/R0-S0-V073.json,2026-01-18T20:00:00+00:00,2026-05-24T14:14:34.420000+00:00,2026-05-24T14:14:34.420000+00:00,2026-09-27T08:29:08.840000+00:00,bedingtes Spotmodell; getrennte Frischstarts,2026-01-18T20:00:00+00:00,2026-09-27T08:29:08.840000+00:00
A7/A8,kausal S1,R0,V073,high_exit_hist=live,28.52006290812501,,,docs/audit-nacharbeit-2026-10/A7-runs/R0-S1-V073.json,,,,,bedingtes Spotmodell; Hälften nur in S0 gerechnet,2026-01-18T20:00:00+00:00,2026-09-27T08:29:08.840000+00:00
A7/A8,kausal S2,R0,V073,high_exit_hist=live,8.152962806734143,,,docs/audit-nacharbeit-2026-10/A7-runs/R0-S2-V073.json,,,,,bedingtes Spotmodell; Hälften nur in S0 gerechnet,2026-01-18T20:00:00+00:00,2026-09-27T08:29:08.840000+00:00
A7/A8,kausal S3,R0,V073,high_exit_hist=live,27.196895482167594,,,docs/audit-nacharbeit-2026-10/A7-runs/R0-S3-V073.json,,,,,bedingtes Spotmodell; Hälften nur in S0 gerechnet,2026-01-18T20:00:00+00:00,2026-09-27T08:29:08.840000+00:00
A7/A8,kausal S4,R0,V073,high_exit_hist=live,8.381438866379076,,,docs/audit-nacharbeit-2026-10/A7-runs/R0-S4-V073.json,,,,,bedingtes Spotmodell; Hälften nur in S0 gerechnet,2026-01-18T20:00:00+00:00,2026-09-27T08:29:08.840000+00:00
A7/A8,Level-Diagnose korrigiert,R0,V073,high_exit_hist=live,34.5762117969312,23.174101365331023,9.256905717364926,docs/audit-nacharbeit-2026-10/A7-legacy/R0-V073.json,2026-01-18T20:00:00+00:00,2026-05-24T14:14:34.420000+00:00,2026-05-24T14:14:34.420000+00:00,2026-09-27T08:29:08.840000+00:00,retrospektiv; keine historische Orderausführung bewiesen,,
A7/A8,kausal S0,R1,V073,high_exit_hist=live,33.81598027877413,23.83526074095279,8.059674989258347,docs/audit-nacharbeit-2026-10/A7-runs/R1-S0-V073.json,2026-01-18T20:00:00+00:00,2026-05-25T16:00:00+00:00,2026-05-25T16:00:00+00:00,2026-09-29T12:00:00+00:00,bedingtes Spotmodell; getrennte Frischstarts,2026-01-18T20:00:00+00:00,2026-09-29T12:00:00+00:00
A7/A8,kausal S1,R1,V073,high_exit_hist=live,28.138065278798674,,,docs/audit-nacharbeit-2026-10/A7-runs/R1-S1-V073.json,,,,,bedingtes Spotmodell; Hälften nur in S0 gerechnet,2026-01-18T20:00:00+00:00,2026-09-29T12:00:00+00:00
A7/A8,kausal S2,R1,V073,high_exit_hist=live,7.747736399368499,,,docs/audit-nacharbeit-2026-10/A7-runs/R1-S2-V073.json,,,,,bedingtes Spotmodell; Hälften nur in S0 gerechnet,2026-01-18T20:00:00+00:00,2026-09-29T12:00:00+00:00
A7/A8,kausal S3,R1,V073,high_exit_hist=live,26.75687170527672,,,docs/audit-nacharbeit-2026-10/A7-runs/R1-S3-V073.json,,,,,bedingtes Spotmodell; Hälften nur in S0 gerechnet,2026-01-18T20:00:00+00:00,2026-09-29T12:00:00+00:00
A7/A8,kausal S4,R1,V073,high_exit_hist=live,7.922915148156395,,,docs/audit-nacharbeit-2026-10/A7-runs/R1-S4-V073.json,,,,,bedingtes Spotmodell; Hälften nur in S0 gerechnet,2026-01-18T20:00:00+00:00,2026-09-29T12:00:00+00:00
A7/A8,Level-Diagnose korrigiert,R1,V073,high_exit_hist=live,34.20186506568821,23.174101365331023,8.952988962873931,docs/audit-nacharbeit-2026-10/A7-legacy/R1-V073.json,2026-01-18T20:00:00+00:00,2026-05-25T16:00:00+00:00,2026-05-25T16:00:00+00:00,2026-09-29T12:00:00+00:00,retrospektiv; keine historische Orderausführung bewiesen,,
Originalaudit,Level-Diagnose,R0,V074,ruecktest_fenster=6,36.130924832553625,23.60972034971367,10.12962770841581,ccf2b01c0578346f325261e72445b7375a9ac706:docs/audit-2026-09-27/grid/V074.json,2026-01-18T20:00:00+00:00,2026-05-24T14:14:34.420000+00:00,2026-05-24T14:14:34.420000+00:00,2026-09-27T08:29:08.840000+00:00,retrospektiv; keine historische Orderausführung bewiesen,,
A7/A8,kausal S0,R0,V074,ruecktest_fenster=6,34.188799077945205,23.83526074095279,8.3607352825386,docs/audit-nacharbeit-2026-10/A7-runs/R0-S0-V074.json,2026-01-18T20:00:00+00:00,2026-05-24T14:14:34.420000+00:00,2026-05-24T14:14:34.420000+00:00,2026-09-27T08:29:08.840000+00:00,bedingtes Spotmodell; getrennte Frischstarts,2026-01-18T20:00:00+00:00,2026-09-27T08:29:08.840000+00:00
A7/A8,kausal S1,R0,V074,ruecktest_fenster=6,28.52006290812501,,,docs/audit-nacharbeit-2026-10/A7-runs/R0-S1-V074.json,,,,,bedingtes Spotmodell; Hälften nur in S0 gerechnet,2026-01-18T20:00:00+00:00,2026-09-27T08:29:08.840000+00:00
A7/A8,kausal S2,R0,V074,ruecktest_fenster=6,8.152962806734143,,,docs/audit-nacharbeit-2026-10/A7-runs/R0-S2-V074.json,,,,,bedingtes Spotmodell; Hälften nur in S0 gerechnet,2026-01-18T20:00:00+00:00,2026-09-27T08:29:08.840000+00:00
A7/A8,kausal S3,R0,V074,ruecktest_fenster=6,27.196895482167594,,,docs/audit-nacharbeit-2026-10/A7-runs/R0-S3-V074.json,,,,,bedingtes Spotmodell; Hälften nur in S0 gerechnet,2026-01-18T20:00:00+00:00,2026-09-27T08:29:08.840000+00:00
A7/A8,kausal S4,R0,V074,ruecktest_fenster=6,8.381438866379076,,,docs/audit-nacharbeit-2026-10/A7-runs/R0-S4-V074.json,,,,,bedingtes Spotmodell; Hälften nur in S0 gerechnet,2026-01-18T20:00:00+00:00,2026-09-27T08:29:08.840000+00:00
A7/A8,Level-Diagnose korrigiert,R0,V074,ruecktest_fenster=6,34.5762117969312,23.174101365331023,9.256905717364926,docs/audit-nacharbeit-2026-10/A7-legacy/R0-V074.json,2026-01-18T20:00:00+00:00,2026-05-24T14:14:34.420000+00:00,2026-05-24T14:14:34.420000+00:00,2026-09-27T08:29:08.840000+00:00,retrospektiv; keine historische Orderausführung bewiesen,,
A7/A8,kausal S0,R1,V074,ruecktest_fenster=6,33.81598027877413,23.83526074095279,8.059674989258347,docs/audit-nacharbeit-2026-10/A7-runs/R1-S0-V074.json,2026-01-18T20:00:00+00:00,2026-05-25T16:00:00+00:00,2026-05-25T16:00:00+00:00,2026-09-29T12:00:00+00:00,bedingtes Spotmodell; getrennte Frischstarts,2026-01-18T20:00:00+00:00,2026-09-29T12:00:00+00:00
A7/A8,kausal S1,R1,V074,ruecktest_fenster=6,28.138065278798674,,,docs/audit-nacharbeit-2026-10/A7-runs/R1-S1-V074.json,,,,,bedingtes Spotmodell; Hälften nur in S0 gerechnet,2026-01-18T20:00:00+00:00,2026-09-29T12:00:00+00:00
A7/A8,kausal S2,R1,V074,ruecktest_fenster=6,7.747736399368499,,,docs/audit-nacharbeit-2026-10/A7-runs/R1-S2-V074.json,,,,,bedingtes Spotmodell; Hälften nur in S0 gerechnet,2026-01-18T20:00:00+00:00,2026-09-29T12:00:00+00:00
A7/A8,kausal S3,R1,V074,ruecktest_fenster=6,26.75687170527672,,,docs/audit-nacharbeit-2026-10/A7-runs/R1-S3-V074.json,,,,,bedingtes Spotmodell; Hälften nur in S0 gerechnet,2026-01-18T20:00:00+00:00,2026-09-29T12:00:00+00:00
A7/A8,kausal S4,R1,V074,ruecktest_fenster=6,7.922915148156395,,,docs/audit-nacharbeit-2026-10/A7-runs/R1-S4-V074.json,,,,,bedingtes Spotmodell; Hälften nur in S0 gerechnet,2026-01-18T20:00:00+00:00,2026-09-29T12:00:00+00:00
A7/A8,Level-Diagnose korrigiert,R1,V074,ruecktest_fenster=6,34.20186506568821,23.174101365331023,8.952988962873931,docs/audit-nacharbeit-2026-10/A7-legacy/R1-V074.json,2026-01-18T20:00:00+00:00,2026-05-25T16:00:00+00:00,2026-05-25T16:00:00+00:00,2026-09-29T12:00:00+00:00,retrospektiv; keine historische Orderausführung bewiesen,,
Originalaudit,Level-Diagnose,R0,V075,"zonen_1d=true, pivot_n_1d=8",11.62136198881456,18.69768686269413,-5.961636709959917,ccf2b01c0578346f325261e72445b7375a9ac706:docs/audit-2026-09-27/grid/V075.json,2026-01-18T20:00:00+00:00,2026-05-24T14:14:34.420000+00:00,2026-05-24T14:14:34.420000+00:00,2026-09-27T08:29:08.840000+00:00,retrospektiv; keine historische Orderausführung bewiesen,,
A7/A8,kausal S0,R0,V075,"zonen_1d=true, pivot_n_1d=8",16.98401892786139,20.854966820235642,-3.202969637261266,docs/audit-nacharbeit-2026-10/A7-runs/R0-S0-V075.json,2026-01-18T20:00:00+00:00,2026-05-24T14:14:34.420000+00:00,2026-05-24T14:14:34.420000+00:00,2026-09-27T08:29:08.840000+00:00,bedingtes Spotmodell; getrennte Frischstarts,2026-01-18T20:00:00+00:00,2026-09-27T08:29:08.840000+00:00
A7/A8,kausal S1,R0,V075,"zonen_1d=true, pivot_n_1d=8",12.084054680146794,,,docs/audit-nacharbeit-2026-10/A7-runs/R0-S1-V075.json,,,,,bedingtes Spotmodell; Hälften nur in S0 gerechnet,2026-01-18T20:00:00+00:00,2026-09-27T08:29:08.840000+00:00
A7/A8,kausal S2,R0,V075,"zonen_1d=true, pivot_n_1d=8",-5.538856381304691,,,docs/audit-nacharbeit-2026-10/A7-runs/R0-S2-V075.json,,,,,bedingtes Spotmodell; Hälften nur in S0 gerechnet,2026-01-18T20:00:00+00:00,2026-09-27T08:29:08.840000+00:00
A7/A8,kausal S3,R0,V075,"zonen_1d=true, pivot_n_1d=8",14.960122761794814,,,docs/audit-nacharbeit-2026-10/A7-runs/R0-S3-V075.json,,,,,bedingtes Spotmodell; Hälften nur in S0 gerechnet,2026-01-18T20:00:00+00:00,2026-09-27T08:29:08.840000+00:00
A7/A8,kausal S4,R0,V075,"zonen_1d=true, pivot_n_1d=8",-2.3657408033682104,,,docs/audit-nacharbeit-2026-10/A7-runs/R0-S4-V075.json,,,,,bedingtes Spotmodell; Hälften nur in S0 gerechnet,2026-01-18T20:00:00+00:00,2026-09-27T08:29:08.840000+00:00
A7/A8,Level-Diagnose korrigiert,R0,V075,"zonen_1d=true, pivot_n_1d=8",14.500675738955483,19.009938736130238,-3.7889801852370897,docs/audit-nacharbeit-2026-10/A7-legacy/R0-V075.json,2026-01-18T20:00:00+00:00,2026-05-24T14:14:34.420000+00:00,2026-05-24T14:14:34.420000+00:00,2026-09-27T08:29:08.840000+00:00,retrospektiv; keine historische Orderausführung bewiesen,,
A7/A8,kausal S0,R1,V075,"zonen_1d=true, pivot_n_1d=8",16.65900043333297,20.854966820235642,-3.471902311755226,docs/audit-nacharbeit-2026-10/A7-runs/R1-S0-V075.json,2026-01-18T20:00:00+00:00,2026-05-25T16:00:00+00:00,2026-05-25T16:00:00+00:00,2026-09-29T12:00:00+00:00,bedingtes Spotmodell; getrennte Frischstarts,2026-01-18T20:00:00+00:00,2026-09-29T12:00:00+00:00
A7/A8,kausal S1,R1,V075,"zonen_1d=true, pivot_n_1d=8",11.750909471497906,,,docs/audit-nacharbeit-2026-10/A7-runs/R1-S1-V075.json,,,,,bedingtes Spotmodell; Hälften nur in S0 gerechnet,2026-01-18T20:00:00+00:00,2026-09-29T12:00:00+00:00
A7/A8,kausal S2,R1,V075,"zonen_1d=true, pivot_n_1d=8",-5.892782421524734,,,docs/audit-nacharbeit-2026-10/A7-runs/R1-S2-V075.json,,,,,bedingtes Spotmodell; Hälften nur in S0 gerechnet,2026-01-18T20:00:00+00:00,2026-09-29T12:00:00+00:00
A7/A8,kausal S3,R1,V075,"zonen_1d=true, pivot_n_1d=8",14.562430764535538,,,docs/audit-nacharbeit-2026-10/A7-runs/R1-S3-V075.json,,,,,bedingtes Spotmodell; Hälften nur in S0 gerechnet,2026-01-18T20:00:00+00:00,2026-09-29T12:00:00+00:00
A7/A8,kausal S4,R1,V075,"zonen_1d=true, pivot_n_1d=8",-2.7787969873514284,,,docs/audit-nacharbeit-2026-10/A7-runs/R1-S4-V075.json,,,,,bedingtes Spotmodell; Hälften nur in S0 gerechnet,2026-01-18T20:00:00+00:00,2026-09-29T12:00:00+00:00
A7/A8,Level-Diagnose korrigiert,R1,V075,"zonen_1d=true, pivot_n_1d=8",14.182172542025917,19.009938736130238,-4.056607578639682,docs/audit-nacharbeit-2026-10/A7-legacy/R1-V075.json,2026-01-18T20:00:00+00:00,2026-05-25T16:00:00+00:00,2026-05-25T16:00:00+00:00,2026-09-29T12:00:00+00:00,retrospektiv; keine historische Orderausführung bewiesen,,
Originalaudit,Level-Diagnose,R0,V076,"zonen_1d=true, pivot_n_1d=12",16.576178485512404,22.48204682340109,-4.821823680334059,ccf2b01c0578346f325261e72445b7375a9ac706:docs/audit-2026-09-27/grid/V076.json,2026-01-18T20:00:00+00:00,2026-05-24T14:14:34.420000+00:00,2026-05-24T14:14:34.420000+00:00,2026-09-27T08:29:08.840000+00:00,retrospektiv; keine historische Orderausführung bewiesen,,
A7/A8,kausal S0,R0,V076,"zonen_1d=true, pivot_n_1d=12",14.917248455649013,22.578041899380796,-6.249727377779601,docs/audit-nacharbeit-2026-10/A7-runs/R0-S0-V076.json,2026-01-18T20:00:00+00:00,2026-05-24T14:14:34.420000+00:00,2026-05-24T14:14:34.420000+00:00,2026-09-27T08:29:08.840000+00:00,bedingtes Spotmodell; getrennte Frischstarts,2026-01-18T20:00:00+00:00,2026-09-27T08:29:08.840000+00:00
A7/A8,kausal S1,R0,V076,"zonen_1d=true, pivot_n_1d=12",10.379966062128654,,,docs/audit-nacharbeit-2026-10/A7-runs/R0-S1-V076.json,,,,,bedingtes Spotmodell; Hälften nur in S0 gerechnet,2026-01-18T20:00:00+00:00,2026-09-27T08:29:08.840000+00:00
A7/A8,kausal S2,R0,V076,"zonen_1d=true, pivot_n_1d=12",-6.037726246905173,,,docs/audit-nacharbeit-2026-10/A7-runs/R0-S2-V076.json,,,,,bedingtes Spotmodell; Hälften nur in S0 gerechnet,2026-01-18T20:00:00+00:00,2026-09-27T08:29:08.840000+00:00
A7/A8,kausal S3,R0,V076,"zonen_1d=true, pivot_n_1d=12",11.648863126937625,,,docs/audit-nacharbeit-2026-10/A7-runs/R0-S3-V076.json,,,,,bedingtes Spotmodell; Hälften nur in S0 gerechnet,2026-01-18T20:00:00+00:00,2026-09-27T08:29:08.840000+00:00
A7/A8,kausal S4,R0,V076,"zonen_1d=true, pivot_n_1d=12",-4.192425086501094,,,docs/audit-nacharbeit-2026-10/A7-runs/R0-S4-V076.json,,,,,bedingtes Spotmodell; Hälften nur in S0 gerechnet,2026-01-18T20:00:00+00:00,2026-09-27T08:29:08.840000+00:00
A7/A8,Level-Diagnose korrigiert,R0,V076,"zonen_1d=true, pivot_n_1d=12",13.770469525894779,20.489012695027185,-5.576062927943459,docs/audit-nacharbeit-2026-10/A7-legacy/R0-V076.json,2026-01-18T20:00:00+00:00,2026-05-24T14:14:34.420000+00:00,2026-05-24T14:14:34.420000+00:00,2026-09-27T08:29:08.840000+00:00,retrospektiv; keine historische Orderausführung bewiesen,,
A7/A8,kausal S0,R1,V076,"zonen_1d=true, pivot_n_1d=12",14.597972101231438,22.578041899380796,-6.510195198500446,docs/audit-nacharbeit-2026-10/A7-runs/R1-S0-V076.json,2026-01-18T20:00:00+00:00,2026-05-25T16:00:00+00:00,2026-05-25T16:00:00+00:00,2026-09-29T12:00:00+00:00,bedingtes Spotmodell; getrennte Frischstarts,2026-01-18T20:00:00+00:00,2026-09-29T12:00:00+00:00
A7/A8,kausal S1,R1,V076,"zonen_1d=true, pivot_n_1d=12",10.051885882219347,,,docs/audit-nacharbeit-2026-10/A7-runs/R1-S1-V076.json,,,,,bedingtes Spotmodell; Hälften nur in S0 gerechnet,2026-01-18T20:00:00+00:00,2026-09-29T12:00:00+00:00
A7/A8,kausal S2,R1,V076,"zonen_1d=true, pivot_n_1d=12",-6.3897831266497835,,,docs/audit-nacharbeit-2026-10/A7-runs/R1-S2-V076.json,,,,,bedingtes Spotmodell; Hälften nur in S0 gerechnet,2026-01-18T20:00:00+00:00,2026-09-29T12:00:00+00:00
A7/A8,kausal S3,R1,V076,"zonen_1d=true, pivot_n_1d=12",11.262626070974434,,,docs/audit-nacharbeit-2026-10/A7-runs/R1-S3-V076.json,,,,,bedingtes Spotmodell; Hälften nur in S0 gerechnet,2026-01-18T20:00:00+00:00,2026-09-29T12:00:00+00:00
A7/A8,kausal S4,R1,V076,"zonen_1d=true, pivot_n_1d=12",-4.597753212264378,,,docs/audit-nacharbeit-2026-10/A7-runs/R1-S4-V076.json,,,,,bedingtes Spotmodell; Hälften nur in S0 gerechnet,2026-01-18T20:00:00+00:00,2026-09-29T12:00:00+00:00
A7/A8,Level-Diagnose korrigiert,R1,V076,"zonen_1d=true, pivot_n_1d=12",13.453997522333939,20.489012695027185,-5.83871924529733,docs/audit-nacharbeit-2026-10/A7-legacy/R1-V076.json,2026-01-18T20:00:00+00:00,2026-05-25T16:00:00+00:00,2026-05-25T16:00:00+00:00,2026-09-29T12:00:00+00:00,retrospektiv; keine historische Orderausführung bewiesen,,
Originalaudit,Level-Diagnose,R0,V077,"trend_filter=true, trend_ema=50",8.781253750152217,4.486426182645231,4.110416754037982,ccf2b01c0578346f325261e72445b7375a9ac706:docs/audit-2026-09-27/grid/V077.json,2026-01-18T20:00:00+00:00,2026-05-24T14:14:34.420000+00:00,2026-05-24T14:14:34.420000+00:00,2026-09-27T08:29:08.840000+00:00,retrospektiv; keine historische Orderausführung bewiesen,,
A7/A8,kausal S0,R0,V077,"trend_filter=true, trend_ema=50",9.272583821503822,4.612205866371322,4.454908408188563,docs/audit-nacharbeit-2026-10/A7-runs/R0-S0-V077.json,2026-01-18T20:00:00+00:00,2026-05-24T14:14:34.420000+00:00,2026-05-24T14:14:34.420000+00:00,2026-09-27T08:29:08.840000+00:00,bedingtes Spotmodell; getrennte Frischstarts,2026-01-18T20:00:00+00:00,2026-09-27T08:29:08.840000+00:00
A7/A8,kausal S1,R0,V077,"trend_filter=true, trend_ema=50",7.157602499001436,,,docs/audit-nacharbeit-2026-10/A7-runs/R0-S1-V077.json,,,,,bedingtes Spotmodell; Hälften nur in S0 gerechnet,2026-01-18T20:00:00+00:00,2026-09-27T08:29:08.840000+00:00
A7/A8,kausal S2,R0,V077,"trend_filter=true, trend_ema=50",-1.9969155815375061,,,docs/audit-nacharbeit-2026-10/A7-runs/R0-S2-V077.json,,,,,bedingtes Spotmodell; Hälften nur in S0 gerechnet,2026-01-18T20:00:00+00:00,2026-09-27T08:29:08.840000+00:00
A7/A8,kausal S3,R0,V077,"trend_filter=true, trend_ema=50",6.030230477812326,,,docs/audit-nacharbeit-2026-10/A7-runs/R0-S3-V077.json,,,,,bedingtes Spotmodell; Hälften nur in S0 gerechnet,2026-01-18T20:00:00+00:00,2026-09-27T08:29:08.840000+00:00
A7/A8,kausal S4,R0,V077,"trend_filter=true, trend_ema=50",-2.6343451932825723,,,docs/audit-nacharbeit-2026-10/A7-runs/R0-S4-V077.json,,,,,bedingtes Spotmodell; Hälften nur in S0 gerechnet,2026-01-18T20:00:00+00:00,2026-09-27T08:29:08.840000+00:00
A7/A8,Level-Diagnose korrigiert,R0,V077,"trend_filter=true, trend_ema=50",8.849405797821452,4.486426182645231,4.175642496901566,docs/audit-nacharbeit-2026-10/A7-legacy/R0-V077.json,2026-01-18T20:00:00+00:00,2026-05-24T14:14:34.420000+00:00,2026-05-24T14:14:34.420000+00:00,2026-09-27T08:29:08.840000+00:00,retrospektiv; keine historische Orderausführung bewiesen,,
A7/A8,kausal S0,R1,V077,"trend_filter=true, trend_ema=50",8.968990125438392,4.612205866371322,4.1646997336355795,docs/audit-nacharbeit-2026-10/A7-runs/R1-S0-V077.json,2026-01-18T20:00:00+00:00,2026-05-25T16:00:00+00:00,2026-05-25T16:00:00+00:00,2026-09-29T12:00:00+00:00,bedingtes Spotmodell; getrennte Frischstarts,2026-01-18T20:00:00+00:00,2026-09-29T12:00:00+00:00
A7/A8,kausal S1,R1,V077,"trend_filter=true, trend_ema=50",6.839100086283412,,,docs/audit-nacharbeit-2026-10/A7-runs/R1-S1-V077.json,,,,,bedingtes Spotmodell; Hälften nur in S0 gerechnet,2026-01-18T20:00:00+00:00,2026-09-29T12:00:00+00:00
A7/A8,kausal S2,R1,V077,"trend_filter=true, trend_ema=50",-2.3641125290738585,,,docs/audit-nacharbeit-2026-10/A7-runs/R1-S2-V077.json,,,,,bedingtes Spotmodell; Hälften nur in S0 gerechnet,2026-01-18T20:00:00+00:00,2026-09-29T12:00:00+00:00
A7/A8,kausal S3,R1,V077,"trend_filter=true, trend_ema=50",5.663430468247643,,,docs/audit-nacharbeit-2026-10/A7-runs/R1-S3-V077.json,,,,,bedingtes Spotmodell; Hälften nur in S0 gerechnet,2026-01-18T20:00:00+00:00,2026-09-29T12:00:00+00:00
A7/A8,kausal S4,R1,V077,"trend_filter=true, trend_ema=50",-3.046265006639237,,,docs/audit-nacharbeit-2026-10/A7-runs/R1-S4-V077.json,,,,,bedingtes Spotmodell; Hälften nur in S0 gerechnet,2026-01-18T20:00:00+00:00,2026-09-29T12:00:00+00:00
A7/A8,Level-Diagnose korrigiert,R1,V077,"trend_filter=true, trend_ema=50",8.546622573995544,4.486426182645231,3.88586014441048,docs/audit-nacharbeit-2026-10/A7-legacy/R1-V077.json,2026-01-18T20:00:00+00:00,2026-05-25T16:00:00+00:00,2026-05-25T16:00:00+00:00,2026-09-29T12:00:00+00:00,retrospektiv; keine historische Orderausführung bewiesen,,
Originalaudit,Level-Diagnose,R0,V078,"ausbruch_ruecktest=true, ruecktest_fenster=6",35.98890805942388,25.904879018218963,8.009244057766551,ccf2b01c0578346f325261e72445b7375a9ac706:docs/audit-2026-09-27/grid/V078.json,2026-01-18T20:00:00+00:00,2026-05-24T14:14:34.420000+00:00,2026-05-24T14:14:34.420000+00:00,2026-09-27T08:29:08.840000+00:00,retrospektiv; keine historische Orderausführung bewiesen,,
A7/A8,kausal S0,R0,V078,"ausbruch_ruecktest=true, ruecktest_fenster=6",33.563001610675094,24.483080990787663,7.294100168166184,docs/audit-nacharbeit-2026-10/A7-runs/R0-S0-V078.json,2026-01-18T20:00:00+00:00,2026-05-24T14:14:34.420000+00:00,2026-05-24T14:14:34.420000+00:00,2026-09-27T08:29:08.840000+00:00,bedingtes Spotmodell; getrennte Frischstarts,2026-01-18T20:00:00+00:00,2026-09-27T08:29:08.840000+00:00
A7/A8,kausal S1,R0,V078,"ausbruch_ruecktest=true, ruecktest_fenster=6",27.379111800725696,,,docs/audit-nacharbeit-2026-10/A7-runs/R0-S1-V078.json,,,,,bedingtes Spotmodell; Hälften nur in S0 gerechnet,2026-01-18T20:00:00+00:00,2026-09-27T08:29:08.840000+00:00
A7/A8,kausal S2,R0,V078,"ausbruch_ruecktest=true, ruecktest_fenster=6",5.391300146144418,,,docs/audit-nacharbeit-2026-10/A7-runs/R0-S2-V078.json,,,,,bedingtes Spotmodell; Hälften nur in S0 gerechnet,2026-01-18T20:00:00+00:00,2026-09-27T08:29:08.840000+00:00
A7/A8,kausal S3,R0,V078,"ausbruch_ruecktest=true, ruecktest_fenster=6",28.373626137186214,,,docs/audit-nacharbeit-2026-10/A7-runs/R0-S3-V078.json,,,,,bedingtes Spotmodell; Hälften nur in S0 gerechnet,2026-01-18T20:00:00+00:00,2026-09-27T08:29:08.840000+00:00
A7/A8,kausal S4,R0,V078,"ausbruch_ruecktest=true, ruecktest_fenster=6",7.816726558428155,,,docs/audit-nacharbeit-2026-10/A7-runs/R0-S4-V078.json,,,,,bedingtes Spotmodell; Hälften nur in S0 gerechnet,2026-01-18T20:00:00+00:00,2026-09-27T08:29:08.840000+00:00
A7/A8,Level-Diagnose korrigiert,R0,V078,"ausbruch_ruecktest=true, ruecktest_fenster=6",34.92199949258581,25.33897987093814,7.645681839372909,docs/audit-nacharbeit-2026-10/A7-legacy/R0-V078.json,2026-01-18T20:00:00+00:00,2026-05-24T14:14:34.420000+00:00,2026-05-24T14:14:34.420000+00:00,2026-09-27T08:29:08.840000+00:00,retrospektiv; keine historische Orderausführung bewiesen,,
A7/A8,kausal S0,R1,V078,"ausbruch_ruecktest=true, ruecktest_fenster=6",33.19192147420813,24.483080990787663,6.9960033235882735,docs/audit-nacharbeit-2026-10/A7-runs/R1-S0-V078.json,2026-01-18T20:00:00+00:00,2026-05-25T16:00:00+00:00,2026-05-25T16:00:00+00:00,2026-09-29T12:00:00+00:00,bedingtes Spotmodell; getrennte Frischstarts,2026-01-18T20:00:00+00:00,2026-09-29T12:00:00+00:00
A7/A8,kausal S1,R1,V078,"ausbruch_ruecktest=true, ruecktest_fenster=6",27.00050539770553,,,docs/audit-nacharbeit-2026-10/A7-runs/R1-S1-V078.json,,,,,bedingtes Spotmodell; Hälften nur in S0 gerechnet,2026-01-18T20:00:00+00:00,2026-09-29T12:00:00+00:00
A7/A8,kausal S2,R1,V078,"ausbruch_ruecktest=true, ruecktest_fenster=6",4.996421107997939,,,docs/audit-nacharbeit-2026-10/A7-runs/R1-S2-V078.json,,,,,bedingtes Spotmodell; Hälften nur in S0 gerechnet,2026-01-18T20:00:00+00:00,2026-09-29T12:00:00+00:00
A7/A8,kausal S3,R1,V078,"ausbruch_ruecktest=true, ruecktest_fenster=6",27.929531589029732,,,docs/audit-nacharbeit-2026-10/A7-runs/R1-S3-V078.json,,,,,bedingtes Spotmodell; Hälften nur in S0 gerechnet,2026-01-18T20:00:00+00:00,2026-09-29T12:00:00+00:00
A7/A8,kausal S4,R1,V078,"ausbruch_ruecktest=true, ruecktest_fenster=6",7.360591939204997,,,docs/audit-nacharbeit-2026-10/A7-runs/R1-S4-V078.json,,,,,bedingtes Spotmodell; Hälften nur in S0 gerechnet,2026-01-18T20:00:00+00:00,2026-09-29T12:00:00+00:00
A7/A8,Level-Diagnose korrigiert,R1,V078,"ausbruch_ruecktest=true, ruecktest_fenster=6",34.54669089377467,25.33897987093814,7.346246979445392,docs/audit-nacharbeit-2026-10/A7-legacy/R1-V078.json,2026-01-18T20:00:00+00:00,2026-05-25T16:00:00+00:00,2026-05-25T16:00:00+00:00,2026-09-29T12:00:00+00:00,retrospektiv; keine historische Orderausführung bewiesen,,
Originalaudit,Level-Diagnose,R0,S000,pivot_n=3,18.194026238743135,6.537609282744006,10.941128709828597,ccf2b01c0578346f325261e72445b7375a9ac706:docs/audit-2026-09-27/struktur/S000.json,2026-01-18T20:00:00+00:00,2026-05-24T14:14:34.420000+00:00,2026-05-24T14:14:34.420000+00:00,2026-09-27T08:29:08.840000+00:00,retrospektiv; keine historische Orderausführung bewiesen,,
A7/A8,kausal S0,R0,S000,pivot_n=3,18.657302191223124,8.126294374415167,9.73954381562514,docs/audit-nacharbeit-2026-10/A7-runs/R0-S0-S000.json,2026-01-18T20:00:00+00:00,2026-05-24T14:14:34.420000+00:00,2026-05-24T14:14:34.420000+00:00,2026-09-27T08:29:08.840000+00:00,bedingtes Spotmodell; getrennte Frischstarts,2026-01-18T20:00:00+00:00,2026-09-27T08:29:08.840000+00:00
A7/A8,kausal S1,R0,S000,pivot_n=3,12.441279833645936,,,docs/audit-nacharbeit-2026-10/A7-runs/R0-S1-S000.json,,,,,bedingtes Spotmodell; Hälften nur in S0 gerechnet,2026-01-18T20:00:00+00:00,2026-09-27T08:29:08.840000+00:00
A7/A8,kausal S2,R0,S000,pivot_n=3,-8.880229974992982,,,docs/audit-nacharbeit-2026-10/A7-runs/R0-S2-S000.json,,,,,bedingtes Spotmodell; Hälften nur in S0 gerechnet,2026-01-18T20:00:00+00:00,2026-09-27T08:29:08.840000+00:00
A7/A8,kausal S3,R0,S000,pivot_n=3,1.8890807465386183,,,docs/audit-nacharbeit-2026-10/A7-runs/R0-S3-S000.json,,,,,bedingtes Spotmodell; Hälften nur in S0 gerechnet,2026-01-18T20:00:00+00:00,2026-09-27T08:29:08.840000+00:00
A7/A8,kausal S4,R0,S000,pivot_n=3,-16.319299736464743,,,docs/audit-nacharbeit-2026-10/A7-runs/R0-S4-S000.json,,,,,bedingtes Spotmodell; Hälften nur in S0 gerechnet,2026-01-18T20:00:00+00:00,2026-09-27T08:29:08.840000+00:00
A7/A8,Level-Diagnose korrigiert,R0,S000,pivot_n=3,19.079561019579128,7.314380000335197,10.963284714692767,docs/audit-nacharbeit-2026-10/A7-legacy/R0-S000.json,2026-01-18T20:00:00+00:00,2026-05-24T14:14:34.420000+00:00,2026-05-24T14:14:34.420000+00:00,2026-09-27T08:29:08.840000+00:00,retrospektiv; keine historische Orderausführung bewiesen,,
A7/A8,kausal S0,R1,S000,pivot_n=3,18.307670289319656,8.126294374415167,9.416188702119843,docs/audit-nacharbeit-2026-10/A7-runs/R1-S0-S000.json,2026-01-18T20:00:00+00:00,2026-05-25T16:00:00+00:00,2026-05-25T16:00:00+00:00,2026-09-29T12:00:00+00:00,bedingtes Spotmodell; getrennte Frischstarts,2026-01-18T20:00:00+00:00,2026-09-29T12:00:00+00:00
A7/A8,kausal S1,R1,S000,pivot_n=3,12.110054774814483,,,docs/audit-nacharbeit-2026-10/A7-runs/R1-S1-S000.json,,,,,bedingtes Spotmodell; Hälften nur in S0 gerechnet,2026-01-18T20:00:00+00:00,2026-09-29T12:00:00+00:00
A7/A8,kausal S2,R1,S000,pivot_n=3,-9.148352709115715,,,docs/audit-nacharbeit-2026-10/A7-runs/R1-S2-S000.json,,,,,bedingtes Spotmodell; Hälften nur in S0 gerechnet,2026-01-18T20:00:00+00:00,2026-09-29T12:00:00+00:00
A7/A8,kausal S3,R1,S000,pivot_n=3,1.5893979379961731,,,docs/audit-nacharbeit-2026-10/A7-runs/R1-S3-S000.json,,,,,bedingtes Spotmodell; Hälften nur in S0 gerechnet,2026-01-18T20:00:00+00:00,2026-09-29T12:00:00+00:00
A7/A8,kausal S4,R1,S000,pivot_n=3,-16.565157085919203,,,docs/audit-nacharbeit-2026-10/A7-runs/R1-S4-S000.json,,,,,bedingtes Spotmodell; Hälften nur in S0 gerechnet,2026-01-18T20:00:00+00:00,2026-09-29T12:00:00+00:00
A7/A8,Level-Diagnose korrigiert,R1,S000,pivot_n=3,18.728514542408913,7.314380000335197,10.636165015385824,docs/audit-nacharbeit-2026-10/A7-legacy/R1-S000.json,2026-01-18T20:00:00+00:00,2026-05-25T16:00:00+00:00,2026-05-25T16:00:00+00:00,2026-09-29T12:00:00+00:00,retrospektiv; keine historische Orderausführung bewiesen,,
Originalaudit,Level-Diagnose,R0,S001,"pivot_n=3, k_atr=3.0",18.194026238743135,6.537609282744006,10.941128709828597,ccf2b01c0578346f325261e72445b7375a9ac706:docs/audit-2026-09-27/struktur/S001.json,2026-01-18T20:00:00+00:00,2026-05-24T14:14:34.420000+00:00,2026-05-24T14:14:34.420000+00:00,2026-09-27T08:29:08.840000+00:00,retrospektiv; keine historische Orderausführung bewiesen,,
A7/A8,kausal S0,R0,S001,"pivot_n=3, k_atr=3.0",18.657302191223124,8.126294374415167,9.73954381562514,docs/audit-nacharbeit-2026-10/A7-runs/R0-S0-S001.json,2026-01-18T20:00:00+00:00,2026-05-24T14:14:34.420000+00:00,2026-05-24T14:14:34.420000+00:00,2026-09-27T08:29:08.840000+00:00,bedingtes Spotmodell; getrennte Frischstarts,2026-01-18T20:00:00+00:00,2026-09-27T08:29:08.840000+00:00
A7/A8,kausal S1,R0,S001,"pivot_n=3, k_atr=3.0",12.441279833645936,,,docs/audit-nacharbeit-2026-10/A7-runs/R0-S1-S001.json,,,,,bedingtes Spotmodell; Hälften nur in S0 gerechnet,2026-01-18T20:00:00+00:00,2026-09-27T08:29:08.840000+00:00
A7/A8,kausal S2,R0,S001,"pivot_n=3, k_atr=3.0",-8.880229974992982,,,docs/audit-nacharbeit-2026-10/A7-runs/R0-S2-S001.json,,,,,bedingtes Spotmodell; Hälften nur in S0 gerechnet,2026-01-18T20:00:00+00:00,2026-09-27T08:29:08.840000+00:00
A7/A8,kausal S3,R0,S001,"pivot_n=3, k_atr=3.0",1.8890807465386183,,,docs/audit-nacharbeit-2026-10/A7-runs/R0-S3-S001.json,,,,,bedingtes Spotmodell; Hälften nur in S0 gerechnet,2026-01-18T20:00:00+00:00,2026-09-27T08:29:08.840000+00:00
A7/A8,kausal S4,R0,S001,"pivot_n=3, k_atr=3.0",-16.319299736464743,,,docs/audit-nacharbeit-2026-10/A7-runs/R0-S4-S001.json,,,,,bedingtes Spotmodell; Hälften nur in S0 gerechnet,2026-01-18T20:00:00+00:00,2026-09-27T08:29:08.840000+00:00
A7/A8,Level-Diagnose korrigiert,R0,S001,"pivot_n=3, k_atr=3.0",19.079561019579128,7.314380000335197,10.963284714692767,docs/audit-nacharbeit-2026-10/A7-legacy/R0-S001.json,2026-01-18T20:00:00+00:00,2026-05-24T14:14:34.420000+00:00,2026-05-24T14:14:34.420000+00:00,2026-09-27T08:29:08.840000+00:00,retrospektiv; keine historische Orderausführung bewiesen,,
A7/A8,kausal S0,R1,S001,"pivot_n=3, k_atr=3.0",18.307670289319656,8.126294374415167,9.416188702119843,docs/audit-nacharbeit-2026-10/A7-runs/R1-S0-S001.json,2026-01-18T20:00:00+00:00,2026-05-25T16:00:00+00:00,2026-05-25T16:00:00+00:00,2026-09-29T12:00:00+00:00,bedingtes Spotmodell; getrennte Frischstarts,2026-01-18T20:00:00+00:00,2026-09-29T12:00:00+00:00
A7/A8,kausal S1,R1,S001,"pivot_n=3, k_atr=3.0",12.110054774814483,,,docs/audit-nacharbeit-2026-10/A7-runs/R1-S1-S001.json,,,,,bedingtes Spotmodell; Hälften nur in S0 gerechnet,2026-01-18T20:00:00+00:00,2026-09-29T12:00:00+00:00
A7/A8,kausal S2,R1,S001,"pivot_n=3, k_atr=3.0",-9.148352709115715,,,docs/audit-nacharbeit-2026-10/A7-runs/R1-S2-S001.json,,,,,bedingtes Spotmodell; Hälften nur in S0 gerechnet,2026-01-18T20:00:00+00:00,2026-09-29T12:00:00+00:00
A7/A8,kausal S3,R1,S001,"pivot_n=3, k_atr=3.0",1.5893979379961731,,,docs/audit-nacharbeit-2026-10/A7-runs/R1-S3-S001.json,,,,,bedingtes Spotmodell; Hälften nur in S0 gerechnet,2026-01-18T20:00:00+00:00,2026-09-29T12:00:00+00:00
A7/A8,kausal S4,R1,S001,"pivot_n=3, k_atr=3.0",-16.565157085919203,,,docs/audit-nacharbeit-2026-10/A7-runs/R1-S4-S001.json,,,,,bedingtes Spotmodell; Hälften nur in S0 gerechnet,2026-01-18T20:00:00+00:00,2026-09-29T12:00:00+00:00
A7/A8,Level-Diagnose korrigiert,R1,S001,"pivot_n=3, k_atr=3.0",18.728514542408913,7.314380000335197,10.636165015385824,docs/audit-nacharbeit-2026-10/A7-legacy/R1-S001.json,2026-01-18T20:00:00+00:00,2026-05-25T16:00:00+00:00,2026-05-25T16:00:00+00:00,2026-09-29T12:00:00+00:00,retrospektiv; keine historische Orderausführung bewiesen,,
Originalaudit,Level-Diagnose,R0,S002,pivot_n=4,35.44403829620708,24.07674911652602,9.16149823445609,ccf2b01c0578346f325261e72445b7375a9ac706:docs/audit-2026-09-27/struktur/S002.json,2026-01-18T20:00:00+00:00,2026-05-24T14:14:34.420000+00:00,2026-05-24T14:14:34.420000+00:00,2026-09-27T08:29:08.840000+00:00,retrospektiv; keine historische Orderausführung bewiesen,,
A7/A8,kausal S0,R0,S002,pivot_n=4,34.67499667068479,25.314787367255008,7.469357368016061,docs/audit-nacharbeit-2026-10/A7-runs/R0-S0-S002.json,2026-01-18T20:00:00+00:00,2026-05-24T14:14:34.420000+00:00,2026-05-24T14:14:34.420000+00:00,2026-09-27T08:29:08.840000+00:00,bedingtes Spotmodell; getrennte Frischstarts,2026-01-18T20:00:00+00:00,2026-09-27T08:29:08.840000+00:00
A7/A8,kausal S1,R0,S002,pivot_n=4,28.771972928977508,,,docs/audit-nacharbeit-2026-10/A7-runs/R0-S1-S002.json,,,,,bedingtes Spotmodell; Hälften nur in S0 gerechnet,2026-01-18T20:00:00+00:00,2026-09-27T08:29:08.840000+00:00
A7/A8,kausal S2,R0,S002,pivot_n=4,7.649556348841657,,,docs/audit-nacharbeit-2026-10/A7-runs/R0-S2-S002.json,,,,,bedingtes Spotmodell; Hälften nur in S0 gerechnet,2026-01-18T20:00:00+00:00,2026-09-27T08:29:08.840000+00:00
A7/A8,kausal S3,R0,S002,pivot_n=4,26.95588441203811,,,docs/audit-nacharbeit-2026-10/A7-runs/R0-S3-S002.json,,,,,bedingtes Spotmodell; Hälften nur in S0 gerechnet,2026-01-18T20:00:00+00:00,2026-09-27T08:29:08.840000+00:00
A7/A8,kausal S4,R0,S002,pivot_n=4,7.601536163615807,,,docs/audit-nacharbeit-2026-10/A7-runs/R0-S4-S002.json,,,,,bedingtes Spotmodell; Hälften nur in S0 gerechnet,2026-01-18T20:00:00+00:00,2026-09-27T08:29:08.840000+00:00
A7/A8,Level-Diagnose korrigiert,R0,S002,pivot_n=4,35.30954432685376,23.675702527938757,9.406731929650626,docs/audit-nacharbeit-2026-10/A7-legacy/R0-S002.json,2026-01-18T20:00:00+00:00,2026-05-24T14:14:34.420000+00:00,2026-05-24T14:14:34.420000+00:00,2026-09-27T08:29:08.840000+00:00,retrospektiv; keine historische Orderausführung bewiesen,,
A7/A8,kausal S0,R1,S002,pivot_n=4,34.31968010623285,25.314787367255008,7.185818152958712,docs/audit-nacharbeit-2026-10/A7-runs/R1-S0-S002.json,2026-01-18T20:00:00+00:00,2026-05-25T16:00:00+00:00,2026-05-25T16:00:00+00:00,2026-09-29T12:00:00+00:00,bedingtes Spotmodell; getrennte Frischstarts,2026-01-18T20:00:00+00:00,2026-09-29T12:00:00+00:00
A7/A8,kausal S1,R1,S002,pivot_n=4,28.432303469832743,,,docs/audit-nacharbeit-2026-10/A7-runs/R1-S1-S002.json,,,,,bedingtes Spotmodell; Hälften nur in S0 gerechnet,2026-01-18T20:00:00+00:00,2026-09-29T12:00:00+00:00
A7/A8,kausal S2,R1,S002,pivot_n=4,7.3658465916639715,,,docs/audit-nacharbeit-2026-10/A7-runs/R1-S2-S002.json,,,,,bedingtes Spotmodell; Hälften nur in S0 gerechnet,2026-01-18T20:00:00+00:00,2026-09-29T12:00:00+00:00
A7/A8,kausal S3,R1,S002,pivot_n=4,26.569070283921636,,,docs/audit-nacharbeit-2026-10/A7-runs/R1-S3-S002.json,,,,,bedingtes Spotmodell; Hälften nur in S0 gerechnet,2026-01-18T20:00:00+00:00,2026-09-29T12:00:00+00:00
A7/A8,kausal S4,R1,S002,pivot_n=4,7.236595185864325,,,docs/audit-nacharbeit-2026-10/A7-runs/R1-S4-S002.json,,,,,bedingtes Spotmodell; Hälften nur in S0 gerechnet,2026-01-18T20:00:00+00:00,2026-09-29T12:00:00+00:00
A7/A8,Level-Diagnose korrigiert,R1,S002,pivot_n=4,34.96922738343331,23.675702527938757,9.131563132171138,docs/audit-nacharbeit-2026-10/A7-legacy/R1-S002.json,2026-01-18T20:00:00+00:00,2026-05-25T16:00:00+00:00,2026-05-25T16:00:00+00:00,2026-09-29T12:00:00+00:00,retrospektiv; keine historische Orderausführung bewiesen,,
Originalaudit,Level-Diagnose,R0,S003,"pivot_n=4, k_atr=3.0",35.44403829620708,24.07674911652602,9.16149823445609,ccf2b01c0578346f325261e72445b7375a9ac706:docs/audit-2026-09-27/struktur/S003.json,2026-01-18T20:00:00+00:00,2026-05-24T14:14:34.420000+00:00,2026-05-24T14:14:34.420000+00:00,2026-09-27T08:29:08.840000+00:00,retrospektiv; keine historische Orderausführung bewiesen,,
A7/A8,kausal S0,R0,S003,"pivot_n=4, k_atr=3.0",34.67499667068479,25.314787367255008,7.469357368016061,docs/audit-nacharbeit-2026-10/A7-runs/R0-S0-S003.json,2026-01-18T20:00:00+00:00,2026-05-24T14:14:34.420000+00:00,2026-05-24T14:14:34.420000+00:00,2026-09-27T08:29:08.840000+00:00,bedingtes Spotmodell; getrennte Frischstarts,2026-01-18T20:00:00+00:00,2026-09-27T08:29:08.840000+00:00
A7/A8,kausal S1,R0,S003,"pivot_n=4, k_atr=3.0",28.771972928977508,,,docs/audit-nacharbeit-2026-10/A7-runs/R0-S1-S003.json,,,,,bedingtes Spotmodell; Hälften nur in S0 gerechnet,2026-01-18T20:00:00+00:00,2026-09-27T08:29:08.840000+00:00
A7/A8,kausal S2,R0,S003,"pivot_n=4, k_atr=3.0",7.649556348841657,,,docs/audit-nacharbeit-2026-10/A7-runs/R0-S2-S003.json,,,,,bedingtes Spotmodell; Hälften nur in S0 gerechnet,2026-01-18T20:00:00+00:00,2026-09-27T08:29:08.840000+00:00
A7/A8,kausal S3,R0,S003,"pivot_n=4, k_atr=3.0",26.95588441203811,,,docs/audit-nacharbeit-2026-10/A7-runs/R0-S3-S003.json,,,,,bedingtes Spotmodell; Hälften nur in S0 gerechnet,2026-01-18T20:00:00+00:00,2026-09-27T08:29:08.840000+00:00
A7/A8,kausal S4,R0,S003,"pivot_n=4, k_atr=3.0",7.601536163615807,,,docs/audit-nacharbeit-2026-10/A7-runs/R0-S4-S003.json,,,,,bedingtes Spotmodell; Hälften nur in S0 gerechnet,2026-01-18T20:00:00+00:00,2026-09-27T08:29:08.840000+00:00
A7/A8,Level-Diagnose korrigiert,R0,S003,"pivot_n=4, k_atr=3.0",35.30954432685376,23.675702527938757,9.406731929650626,docs/audit-nacharbeit-2026-10/A7-legacy/R0-S003.json,2026-01-18T20:00:00+00:00,2026-05-24T14:14:34.420000+00:00,2026-05-24T14:14:34.420000+00:00,2026-09-27T08:29:08.840000+00:00,retrospektiv; keine historische Orderausführung bewiesen,,
A7/A8,kausal S0,R1,S003,"pivot_n=4, k_atr=3.0",34.31968010623285,25.314787367255008,7.185818152958712,docs/audit-nacharbeit-2026-10/A7-runs/R1-S0-S003.json,2026-01-18T20:00:00+00:00,2026-05-25T16:00:00+00:00,2026-05-25T16:00:00+00:00,2026-09-29T12:00:00+00:00,bedingtes Spotmodell; getrennte Frischstarts,2026-01-18T20:00:00+00:00,2026-09-29T12:00:00+00:00
A7/A8,kausal S1,R1,S003,"pivot_n=4, k_atr=3.0",28.432303469832743,,,docs/audit-nacharbeit-2026-10/A7-runs/R1-S1-S003.json,,,,,bedingtes Spotmodell; Hälften nur in S0 gerechnet,2026-01-18T20:00:00+00:00,2026-09-29T12:00:00+00:00
A7/A8,kausal S2,R1,S003,"pivot_n=4, k_atr=3.0",7.3658465916639715,,,docs/audit-nacharbeit-2026-10/A7-runs/R1-S2-S003.json,,,,,bedingtes Spotmodell; Hälften nur in S0 gerechnet,2026-01-18T20:00:00+00:00,2026-09-29T12:00:00+00:00
A7/A8,kausal S3,R1,S003,"pivot_n=4, k_atr=3.0",26.569070283921636,,,docs/audit-nacharbeit-2026-10/A7-runs/R1-S3-S003.json,,,,,bedingtes Spotmodell; Hälften nur in S0 gerechnet,2026-01-18T20:00:00+00:00,2026-09-29T12:00:00+00:00
A7/A8,kausal S4,R1,S003,"pivot_n=4, k_atr=3.0",7.236595185864325,,,docs/audit-nacharbeit-2026-10/A7-runs/R1-S4-S003.json,,,,,bedingtes Spotmodell; Hälften nur in S0 gerechnet,2026-01-18T20:00:00+00:00,2026-09-29T12:00:00+00:00
A7/A8,Level-Diagnose korrigiert,R1,S003,"pivot_n=4, k_atr=3.0",34.96922738343331,23.675702527938757,9.131563132171138,docs/audit-nacharbeit-2026-10/A7-legacy/R1-S003.json,2026-01-18T20:00:00+00:00,2026-05-25T16:00:00+00:00,2026-05-25T16:00:00+00:00,2026-09-29T12:00:00+00:00,retrospektiv; keine historische Orderausführung bewiesen,,
Originalaudit,Level-Diagnose,R0,S005,k_atr=3.0,36.130924832553625,23.60972034971367,10.12962770841581,ccf2b01c0578346f325261e72445b7375a9ac706:docs/audit-2026-09-27/struktur/S005.json,2026-01-18T20:00:00+00:00,2026-05-24T14:14:34.420000+00:00,2026-05-24T14:14:34.420000+00:00,2026-09-27T08:29:08.840000+00:00,retrospektiv; keine historische Orderausführung bewiesen,,
A7/A8,kausal S0,R0,S005,k_atr=3.0,34.188799077945205,23.83526074095279,8.3607352825386,docs/audit-nacharbeit-2026-10/A7-runs/R0-S0-S005.json,2026-01-18T20:00:00+00:00,2026-05-24T14:14:34.420000+00:00,2026-05-24T14:14:34.420000+00:00,2026-09-27T08:29:08.840000+00:00,bedingtes Spotmodell; getrennte Frischstarts,2026-01-18T20:00:00+00:00,2026-09-27T08:29:08.840000+00:00
A7/A8,kausal S1,R0,S005,k_atr=3.0,28.52006290812501,,,docs/audit-nacharbeit-2026-10/A7-runs/R0-S1-S005.json,,,,,bedingtes Spotmodell; Hälften nur in S0 gerechnet,2026-01-18T20:00:00+00:00,2026-09-27T08:29:08.840000+00:00
A7/A8,kausal S2,R0,S005,k_atr=3.0,8.152962806734143,,,docs/audit-nacharbeit-2026-10/A7-runs/R0-S2-S005.json,,,,,bedingtes Spotmodell; Hälften nur in S0 gerechnet,2026-01-18T20:00:00+00:00,2026-09-27T08:29:08.840000+00:00
A7/A8,kausal S3,R0,S005,k_atr=3.0,27.196895482167594,,,docs/audit-nacharbeit-2026-10/A7-runs/R0-S3-S005.json,,,,,bedingtes Spotmodell; Hälften nur in S0 gerechnet,2026-01-18T20:00:00+00:00,2026-09-27T08:29:08.840000+00:00
A7/A8,kausal S4,R0,S005,k_atr=3.0,8.381438866379076,,,docs/audit-nacharbeit-2026-10/A7-runs/R0-S4-S005.json,,,,,bedingtes Spotmodell; Hälften nur in S0 gerechnet,2026-01-18T20:00:00+00:00,2026-09-27T08:29:08.840000+00:00
A7/A8,Level-Diagnose korrigiert,R0,S005,k_atr=3.0,34.5762117969312,23.174101365331023,9.256905717364926,docs/audit-nacharbeit-2026-10/A7-legacy/R0-S005.json,2026-01-18T20:00:00+00:00,2026-05-24T14:14:34.420000+00:00,2026-05-24T14:14:34.420000+00:00,2026-09-27T08:29:08.840000+00:00,retrospektiv; keine historische Orderausführung bewiesen,,
A7/A8,kausal S0,R1,S005,k_atr=3.0,33.81598027877413,23.83526074095279,8.059674989258347,docs/audit-nacharbeit-2026-10/A7-runs/R1-S0-S005.json,2026-01-18T20:00:00+00:00,2026-05-25T16:00:00+00:00,2026-05-25T16:00:00+00:00,2026-09-29T12:00:00+00:00,bedingtes Spotmodell; getrennte Frischstarts,2026-01-18T20:00:00+00:00,2026-09-29T12:00:00+00:00
A7/A8,kausal S1,R1,S005,k_atr=3.0,28.138065278798674,,,docs/audit-nacharbeit-2026-10/A7-runs/R1-S1-S005.json,,,,,bedingtes Spotmodell; Hälften nur in S0 gerechnet,2026-01-18T20:00:00+00:00,2026-09-29T12:00:00+00:00
A7/A8,kausal S2,R1,S005,k_atr=3.0,7.747736399368499,,,docs/audit-nacharbeit-2026-10/A7-runs/R1-S2-S005.json,,,,,bedingtes Spotmodell; Hälften nur in S0 gerechnet,2026-01-18T20:00:00+00:00,2026-09-29T12:00:00+00:00
A7/A8,kausal S3,R1,S005,k_atr=3.0,26.75687170527672,,,docs/audit-nacharbeit-2026-10/A7-runs/R1-S3-S005.json,,,,,bedingtes Spotmodell; Hälften nur in S0 gerechnet,2026-01-18T20:00:00+00:00,2026-09-29T12:00:00+00:00
A7/A8,kausal S4,R1,S005,k_atr=3.0,7.922915148156395,,,docs/audit-nacharbeit-2026-10/A7-runs/R1-S4-S005.json,,,,,bedingtes Spotmodell; Hälften nur in S0 gerechnet,2026-01-18T20:00:00+00:00,2026-09-29T12:00:00+00:00
A7/A8,Level-Diagnose korrigiert,R1,S005,k_atr=3.0,34.20186506568821,23.174101365331023,8.952988962873931,docs/audit-nacharbeit-2026-10/A7-legacy/R1-S005.json,2026-01-18T20:00:00+00:00,2026-05-25T16:00:00+00:00,2026-05-25T16:00:00+00:00,2026-09-29T12:00:00+00:00,retrospektiv; keine historische Orderausführung bewiesen,,
Originalaudit,Level-Diagnose,R0,S006,pivot_n=6,39.27213223770736,20.219073876009453,15.848615155153055,ccf2b01c0578346f325261e72445b7375a9ac706:docs/audit-2026-09-27/struktur/S006.json,2026-01-18T20:00:00+00:00,2026-05-24T14:14:34.420000+00:00,2026-05-24T14:14:34.420000+00:00,2026-09-27T08:29:08.840000+00:00,retrospektiv; keine historische Orderausführung bewiesen,,
A7/A8,kausal S0,R0,S006,pivot_n=6,38.19014176124009,20.87348855172868,14.326262455890326,docs/audit-nacharbeit-2026-10/A7-runs/R0-S0-S006.json,2026-01-18T20:00:00+00:00,2026-05-24T14:14:34.420000+00:00,2026-05-24T14:14:34.420000+00:00,2026-09-27T08:29:08.840000+00:00,bedingtes Spotmodell; getrennte Frischstarts,2026-01-18T20:00:00+00:00,2026-09-27T08:29:08.840000+00:00
A7/A8,kausal S1,R0,S006,pivot_n=6,33.25261843010681,,,docs/audit-nacharbeit-2026-10/A7-runs/R0-S1-S006.json,,,,,bedingtes Spotmodell; Hälften nur in S0 gerechnet,2026-01-18T20:00:00+00:00,2026-09-27T08:29:08.840000+00:00
A7/A8,kausal S2,R0,S006,pivot_n=6,15.951211366686735,,,docs/audit-nacharbeit-2026-10/A7-runs/R0-S2-S006.json,,,,,bedingtes Spotmodell; Hälften nur in S0 gerechnet,2026-01-18T20:00:00+00:00,2026-09-27T08:29:08.840000+00:00
A7/A8,kausal S3,R0,S006,pivot_n=6,34.71805234654979,,,docs/audit-nacharbeit-2026-10/A7-runs/R0-S3-S006.json,,,,,bedingtes Spotmodell; Hälften nur in S0 gerechnet,2026-01-18T20:00:00+00:00,2026-09-27T08:29:08.840000+00:00
A7/A8,kausal S4,R0,S006,pivot_n=6,18.120324004994593,,,docs/audit-nacharbeit-2026-10/A7-runs/R0-S4-S006.json,,,,,bedingtes Spotmodell; Hälften nur in S0 gerechnet,2026-01-18T20:00:00+00:00,2026-09-27T08:29:08.840000+00:00
A7/A8,Level-Diagnose korrigiert,R0,S006,pivot_n=6,38.78427432613876,20.219073876009453,15.442807743866727,docs/audit-nacharbeit-2026-10/A7-legacy/R0-S006.json,2026-01-18T20:00:00+00:00,2026-05-24T14:14:34.420000+00:00,2026-05-24T14:14:34.420000+00:00,2026-09-27T08:29:08.840000+00:00,retrospektiv; keine historische Orderausführung bewiesen,,
A7/A8,kausal S0,R1,S006,pivot_n=6,37.806205970304376,20.87348855172868,14.00862804694265,docs/audit-nacharbeit-2026-10/A7-runs/R1-S0-S006.json,2026-01-18T20:00:00+00:00,2026-05-25T16:00:00+00:00,2026-05-25T16:00:00+00:00,2026-09-29T12:00:00+00:00,bedingtes Spotmodell; getrennte Frischstarts,2026-01-18T20:00:00+00:00,2026-09-29T12:00:00+00:00
A7/A8,kausal S1,R1,S006,pivot_n=6,32.856554320037,,,docs/audit-nacharbeit-2026-10/A7-runs/R1-S1-S006.json,,,,,bedingtes Spotmodell; Hälften nur in S0 gerechnet,2026-01-18T20:00:00+00:00,2026-09-29T12:00:00+00:00
A7/A8,kausal S2,R1,S006,pivot_n=6,15.516766561917205,,,docs/audit-nacharbeit-2026-10/A7-runs/R1-S2-S006.json,,,,,bedingtes Spotmodell; Hälften nur in S0 gerechnet,2026-01-18T20:00:00+00:00,2026-09-29T12:00:00+00:00
A7/A8,kausal S3,R1,S006,pivot_n=6,34.252009948390615,,,docs/audit-nacharbeit-2026-10/A7-runs/R1-S3-S006.json,,,,,bedingtes Spotmodell; Hälften nur in S0 gerechnet,2026-01-18T20:00:00+00:00,2026-09-29T12:00:00+00:00
A7/A8,kausal S4,R1,S006,pivot_n=6,17.620598491779973,,,docs/audit-nacharbeit-2026-10/A7-runs/R1-S4-S006.json,,,,,bedingtes Spotmodell; Hälften nur in S0 gerechnet,2026-01-18T20:00:00+00:00,2026-09-29T12:00:00+00:00
A7/A8,Level-Diagnose korrigiert,R1,S006,pivot_n=6,38.39822214984243,20.219073876009453,15.121683845761758,docs/audit-nacharbeit-2026-10/A7-legacy/R1-S006.json,2026-01-18T20:00:00+00:00,2026-05-25T16:00:00+00:00,2026-05-25T16:00:00+00:00,2026-09-29T12:00:00+00:00,retrospektiv; keine historische Orderausführung bewiesen,,
Originalaudit,Level-Diagnose,R0,S007,"pivot_n=6, k_atr=3.0",39.27213223770736,20.219073876009453,15.848615155153055,ccf2b01c0578346f325261e72445b7375a9ac706:docs/audit-2026-09-27/struktur/S007.json,2026-01-18T20:00:00+00:00,2026-05-24T14:14:34.420000+00:00,2026-05-24T14:14:34.420000+00:00,2026-09-27T08:29:08.840000+00:00,retrospektiv; keine historische Orderausführung bewiesen,,
A7/A8,kausal S0,R0,S007,"pivot_n=6, k_atr=3.0",38.19014176124009,20.87348855172868,14.326262455890326,docs/audit-nacharbeit-2026-10/A7-runs/R0-S0-S007.json,2026-01-18T20:00:00+00:00,2026-05-24T14:14:34.420000+00:00,2026-05-24T14:14:34.420000+00:00,2026-09-27T08:29:08.840000+00:00,bedingtes Spotmodell; getrennte Frischstarts,2026-01-18T20:00:00+00:00,2026-09-27T08:29:08.840000+00:00
A7/A8,kausal S1,R0,S007,"pivot_n=6, k_atr=3.0",33.25261843010681,,,docs/audit-nacharbeit-2026-10/A7-runs/R0-S1-S007.json,,,,,bedingtes Spotmodell; Hälften nur in S0 gerechnet,2026-01-18T20:00:00+00:00,2026-09-27T08:29:08.840000+00:00
A7/A8,kausal S2,R0,S007,"pivot_n=6, k_atr=3.0",15.951211366686735,,,docs/audit-nacharbeit-2026-10/A7-runs/R0-S2-S007.json,,,,,bedingtes Spotmodell; Hälften nur in S0 gerechnet,2026-01-18T20:00:00+00:00,2026-09-27T08:29:08.840000+00:00
A7/A8,kausal S3,R0,S007,"pivot_n=6, k_atr=3.0",34.71805234654979,,,docs/audit-nacharbeit-2026-10/A7-runs/R0-S3-S007.json,,,,,bedingtes Spotmodell; Hälften nur in S0 gerechnet,2026-01-18T20:00:00+00:00,2026-09-27T08:29:08.840000+00:00
A7/A8,kausal S4,R0,S007,"pivot_n=6, k_atr=3.0",18.120324004994593,,,docs/audit-nacharbeit-2026-10/A7-runs/R0-S4-S007.json,,,,,bedingtes Spotmodell; Hälften nur in S0 gerechnet,2026-01-18T20:00:00+00:00,2026-09-27T08:29:08.840000+00:00
A7/A8,Level-Diagnose korrigiert,R0,S007,"pivot_n=6, k_atr=3.0",38.78427432613876,20.219073876009453,15.442807743866727,docs/audit-nacharbeit-2026-10/A7-legacy/R0-S007.json,2026-01-18T20:00:00+00:00,2026-05-24T14:14:34.420000+00:00,2026-05-24T14:14:34.420000+00:00,2026-09-27T08:29:08.840000+00:00,retrospektiv; keine historische Orderausführung bewiesen,,
A7/A8,kausal S0,R1,S007,"pivot_n=6, k_atr=3.0",37.806205970304376,20.87348855172868,14.00862804694265,docs/audit-nacharbeit-2026-10/A7-runs/R1-S0-S007.json,2026-01-18T20:00:00+00:00,2026-05-25T16:00:00+00:00,2026-05-25T16:00:00+00:00,2026-09-29T12:00:00+00:00,bedingtes Spotmodell; getrennte Frischstarts,2026-01-18T20:00:00+00:00,2026-09-29T12:00:00+00:00
A7/A8,kausal S1,R1,S007,"pivot_n=6, k_atr=3.0",32.856554320037,,,docs/audit-nacharbeit-2026-10/A7-runs/R1-S1-S007.json,,,,,bedingtes Spotmodell; Hälften nur in S0 gerechnet,2026-01-18T20:00:00+00:00,2026-09-29T12:00:00+00:00
A7/A8,kausal S2,R1,S007,"pivot_n=6, k_atr=3.0",15.516766561917205,,,docs/audit-nacharbeit-2026-10/A7-runs/R1-S2-S007.json,,,,,bedingtes Spotmodell; Hälften nur in S0 gerechnet,2026-01-18T20:00:00+00:00,2026-09-29T12:00:00+00:00
A7/A8,kausal S3,R1,S007,"pivot_n=6, k_atr=3.0",34.252009948390615,,,docs/audit-nacharbeit-2026-10/A7-runs/R1-S3-S007.json,,,,,bedingtes Spotmodell; Hälften nur in S0 gerechnet,2026-01-18T20:00:00+00:00,2026-09-29T12:00:00+00:00
A7/A8,kausal S4,R1,S007,"pivot_n=6, k_atr=3.0",17.620598491779973,,,docs/audit-nacharbeit-2026-10/A7-runs/R1-S4-S007.json,,,,,bedingtes Spotmodell; Hälften nur in S0 gerechnet,2026-01-18T20:00:00+00:00,2026-09-29T12:00:00+00:00
A7/A8,Level-Diagnose korrigiert,R1,S007,"pivot_n=6, k_atr=3.0",38.39822214984243,20.219073876009453,15.121683845761758,docs/audit-nacharbeit-2026-10/A7-legacy/R1-S007.json,2026-01-18T20:00:00+00:00,2026-05-25T16:00:00+00:00,2026-05-25T16:00:00+00:00,2026-09-29T12:00:00+00:00,retrospektiv; keine historische Orderausführung bewiesen,,
