package,start_index,scenario,row,kind,label,start_ms,end_ms,bars,partial_month,start_equity,end_equity,usd_contribution,return_pct,fees,cash,btc,cost_basis,avg_exposure_pct,start_utc,end_utc,dd_close_section,dd_lower_section,dd_upper_section
R0,0,S0,Basis,month,2026-01,1768766400000,1769904000000,79,True,10000.0,9703.65427503324,-296.3457249667608,-2.9634572496676115,13.71036463967291,9703.65427503324,0.0,0.0,6.2939658246912185,2026-01-18T20:00:00+00:00,2026-02-01T00:00:00+00:00,2.9634572496676115,3.2626277468027154,3.2626277468027154
R0,0,S0,Basis,month,2026-02,1769904000000,1772323200000,168,False,9703.65427503324,9948.156088543863,244.50181351062383,2.51968801217195,11.20601835105478,0.0,0.14853922428957264,9726.686463508056,27.907550473911897,2026-02-01T00:00:00+00:00,2026-03-01T00:00:00+00:00,7.549813683021567,9.942772296665048,9.942772296665048
R0,0,S0,Basis,month,2026-03,1772323200000,1775001600000,186,False,9948.156088543863,10993.465874947387,1045.3097864035244,10.507573233669776,90.64123082472845,10993.465874947387,0.0,0.0,45.00459620275838,2026-03-01T00:00:00+00:00,2026-04-01T00:00:00+00:00,5.463832007944925,6.443688899167476,6.443688899167476
R0,0,S0,Basis,month,2026-04,1775001600000,1777593600000,180,False,10993.465874947387,11894.451010695253,900.9851357478656,8.195642266021741,110.35282921868432,0.0,0.1557954864337095,11919.423000656203,33.61386673099473,2026-04-01T00:00:00+00:00,2026-05-01T00:00:00+00:00,2.9123500308976813,3.8090143974200186,3.8090143974200186
R0,0,S0,Basis,month,2026-05,1777593600000,1780272000000,186,False,11894.451010695253,12383.526074095278,489.0750634000251,4.111791817548016,45.28368380720367,12383.526074095278,0.0,0.0,40.80020354425388,2026-05-01T00:00:00+00:00,2026-06-01T00:00:00+00:00,4.112819208634577,5.186129206062395,5.186129206062395
R0,0,S0,Basis,month,2026-06,1780272000000,1782864000000,180,False,12383.526074095278,12397.245665941511,13.719591846233016,0.11078905768957537,45.35472087034103,12397.245665941511,0.0,0.0,12.306030380351862,2026-06-01T00:00:00+00:00,2026-07-01T00:00:00+00:00,3.4252338367410373,4.137163937241306,4.137163937241306
R0,0,S0,Basis,month,2026-07,1782864000000,1785542400000,186,False,12397.245665941511,12548.675819150852,151.43015320934137,1.2214822331492625,51.86412014432379,12548.675819150852,0.0,0.0,27.082599774475987,2026-07-01T00:00:00+00:00,2026-08-01T00:00:00+00:00,3.3953468400704345,4.130421368606541,4.130421368606541
R0,0,S0,Basis,month,2026-08,1785542400000,1788220800000,186,False,12548.675819150852,12935.002749004594,386.3269298537416,3.078627063296646,75.96451255502159,0.0,0.16460664808384534,12925.33230142006,39.44754381175711,2026-08-01T00:00:00+00:00,2026-09-01T00:00:00+00:00,4.381321050038601,4.906091802717261,7.23041726618704
R0,0,S0,Basis,month,2026-09,1788220800000,1790496000000,158,True,12935.002749004594,13418.87990779452,483.8771587899264,3.7408353765302715,69.69579782990839,4676.475332519352,0.10310533635969818,8684.882760393088,55.353532073748696,2026-09-01T00:00:00+00:00,2026-09-27T08:00:00+00:00,5.596682350592941,6.768422766241711,6.768422766241711
R0,0,S0,Basis,third,1,1768766400000,1776009600000,503,False,10000.0,11469.840199046992,1469.840199046992,14.698401990469922,179.29577226841707,11469.840199046992,0.0,0.0,31.85092019418827,2026-01-18T20:00:00+00:00,2026-04-12T16:00:00+00:00,7.9166049347306755,9.942772296665048,9.942772296665048
R0,0,S0,Basis,third,2,1776009600000,1783252800000,503,False,11469.840199046992,12397.245665941511,927.4054668945191,8.085600590770014,137.2530754432681,12397.245665941511,0.0,0.0,26.62018519896177,2026-04-12T16:00:00+00:00,2026-07-05T12:00:00+00:00,4.721200034006834,5.668863981141503,5.668863981141503
R0,0,S0,Basis,third,3,1783252800000,1790496000000,503,False,12397.245665941511,13418.87990779452,1021.6342418530094,8.2408163021219,197.52443052925378,4676.475332519352,0.10310533635969818,8684.882760393088,41.98899557592773,2026-07-05T12:00:00+00:00,2026-09-27T08:00:00+00:00,6.374887272687668,6.969833737768849,7.23041726618704
R0,0,S0,E42,month,2026-01,1768766400000,1769904000000,79,True,10000.0,9703.65427503324,-296.3457249667608,-2.9634572496676115,13.71036463967291,9703.65427503324,0.0,0.0,6.2939658246912185,2026-01-18T20:00:00+00:00,2026-02-01T00:00:00+00:00,2.9634572496676115,3.2626277468027154,3.2626277468027154
R0,0,S0,E42,month,2026-02,1769904000000,1772323200000,168,False,9703.65427503324,9894.759465216694,191.1051901834544,1.969414663454705,15.8530690913005,0.0,0.14774194156319542,9677.718976312679,30.548705401919147,2026-02-01T00:00:00+00:00,2026-03-01T00:00:00+00:00,7.549813683021556,9.942772296665048,9.942772296665048
R0,0,S0,E42,month,2026-03,1772323200000,1775001600000,186,False,9894.759465216694,10994.873072821118,1100.113607604424,11.118144018272314,101.83563208351094,10994.873072821118,0.0,0.0,46.76478599321784,2026-03-01T00:00:00+00:00,2026-04-01T00:00:00+00:00,5.670446314740674,6.978691869882603,6.978691869882603
R0,0,S0,E42,month,2026-04,1775001600000,1777593600000,180,False,10994.873072821118,11906.179429264388,911.3063564432705,8.288466364345615,117.8074810736437,0.0,0.15594910719976532,11931.176042635907,34.01909186894289,2026-04-01T00:00:00+00:00,2026-05-01T00:00:00+00:00,2.9123500308976924,3.8090143974200186,3.8090143974200186
R0,0,S0,E42,month,2026-05,1777593600000,1780272000000,186,False,11906.179429264388,12395.73674081946,489.5573115550724,4.111791817547972,45.32833538444465,12395.73674081946,0.0,0.0,40.80020354425388,2026-05-01T00:00:00+00:00,2026-06-01T00:00:00+00:00,4.112819208634566,5.186129206062384,5.186129206062384
R0,0,S0,E42,month,2026-06,1780272000000,1782864000000,180,False,12395.73674081946,12415.07770451737,19.34096369791041,0.15602915826875563,51.61756906240828,12415.07770451737,0.0,0.0,12.576111275222274,2026-06-01T00:00:00+00:00,2026-07-01T00:00:00+00:00,3.4252338367410484,4.137163937241295,4.137163937241295
R0,0,S0,E42,month,2026-07,1782864000000,1785542400000,186,False,12415.07770451737,12500.253841181466,85.17613666409488,0.6860701051681906,58.275053408878975,12500.253841181466,0.0,0.0,27.71211977726359,2026-07-01T00:00:00+00:00,2026-08-01T00:00:00+00:00,3.4128300672638945,4.151596813264868,4.151596813264868
R0,0,S0,E42,month,2026-08,1785542400000,1788220800000,186,False,12500.253841181466,12869.372493260442,369.1186520789761,2.952889251440105,90.40857949263689,0.0,0.16377145874368368,12859.549392463712,41.55197401800297,2026-08-01T00:00:00+00:00,2026-09-01T00:00:00+00:00,4.550730186194452,5.101294839402248,7.230417266187061
R0,0,S0,E42,month,2026-09,1788220800000,1790496000000,158,True,12869.372493260442,13299.894195277006,430.5217020165637,3.34532007867534,75.57591431145846,4635.008849971344,0.10219109746677904,8607.873578518209,55.82522837973622,2026-09-01T00:00:00+00:00,2026-09-27T08:00:00+00:00,5.596682350592941,6.768422766241722,6.768422766241722
R0,0,S0,E42,third,1,1768766400000,1776009600000,503,False,10000.0,11481.149933868252,1481.1499338682515,14.81149933868251,202.54591213720593,11481.149933868252,0.0,0.0,33.52895171260049,2026-01-18T20:00:00+00:00,2026-04-12T16:00:00+00:00,8.417653100638978,9.942772296665048,9.942772296665048
R0,0,S0,E42,third,2,1776009600000,1783252800000,503,False,11481.149933868252,12415.07770451737,933.9277706491193,8.134444511469408,143.60653919777505,12415.07770451737,0.0,0.0,26.716834425754367,2026-04-12T16:00:00+00:00,2026-07-05T12:00:00+00:00,4.721200034006811,5.668863981141492,5.668863981141492
R0,0,S0,E42,third,3,1783252800000,1790496000000,503,False,12415.07770451737,13299.894195277006,884.8164907596347,7.126950888415973,224.25954721297433,4635.008849971344,0.10219109746677904,8607.873578518209,43.14812630202367,2026-07-05T12:00:00+00:00,2026-09-27T08:00:00+00:00,6.529356043035806,7.125397122343169,7.230417266187061
R0,0,S1,Basis,month,2026-01,1768766400000,1769904000000,79,True,10000.0,9690.26036039781,-309.73963960219044,-3.097396396021901,13.696957317715526,9690.26036039781,0.0,0.0,6.29154144853151,2026-01-18T20:00:00+00:00,2026-02-01T00:00:00+00:00,3.097396396021901,3.336703553206899,3.336703553206899
R0,0,S1,Basis,month,2026-02,1769904000000,1772323200000,168,False,9690.26036039781,9922.935048055851,232.67468765804188,2.401119051547229,11.187553146224367,0.0,0.1481626405531977,9711.762715829569,27.901876255228753,2026-02-01T00:00:00+00:00,2026-03-01T00:00:00+00:00,7.5498136830215445,9.94277229666507,9.94277229666507
R0,0,S1,Basis,month,2026-03,1772323200000,1775001600000,186,False,9922.935048055851,10876.80041939536,953.8653713395088,9.612734203338302,90.0227567612581,10876.80041939536,0.0,0.0,45.004511903698464,2026-03-01T00:00:00+00:00,2026-04-01T00:00:00+00:00,5.681005401383132,6.658681732454541,6.658681732454541
R0,0,S1,Basis,month,2026-04,1775001600000,1777593600000,180,False,10876.80041939536,11653.824140021621,777.0237206262609,7.143862998908057,108.63569660094512,0.0,0.1526437158869301,11690.003090422395,33.61729696421428,2026-04-01T00:00:00+00:00,2026-05-01T00:00:00+00:00,3.1978285140670692,3.8090143974200186,3.8090143974200186
R0,0,S1,Basis,month,2026-05,1777593600000,1780272000000,186,False,11653.824140021621,12089.079582389075,435.2554423674537,3.7348722371113974,44.27586048375268,12089.079582389075,0.0,0.0,40.80355969573636,2026-05-01T00:00:00+00:00,2026-06-01T00:00:00+00:00,4.241311069548271,5.193216047488757,5.193216047488757
R0,0,S1,Basis,month,2026-06,1780272000000,1782864000000,180,False,12089.079582389075,12058.846647725919,-30.232934663155902,-0.2500846690363323,44.192534087047875,12058.846647725919,0.0,0.0,12.30466982253649,2026-06-01T00:00:00+00:00,2026-07-01T00:00:00+00:00,3.5303413002155337,4.204626037311144,4.204626037311144
R0,0,S1,Basis,month,2026-07,1782864000000,1785542400000,186,False,12058.846647725919,12156.120547105742,97.27389937982298,0.8066600581421834,50.33550631593813,12156.120547105742,0.0,0.0,27.078024259673917,2026-07-01T00:00:00+00:00,2026-08-01T00:00:00+00:00,3.3952626663563024,4.130319416269968,4.130319416269968
R0,0,S1,Basis,month,2026-08,1785542400000,1788220800000,186,False,12156.120547105742,12454.776753142622,298.65620603687967,2.456838140750306,73.3601127267358,0.0,0.15849544787496644,12457.907543720983,39.44893446671299,2026-08-01T00:00:00+00:00,2026-09-01T00:00:00+00:00,4.622835486518184,5.146403281365497,7.23041726618705
R0,0,S1,Basis,month,2026-09,1788220800000,1790496000000,158,True,12454.776753142622,12852.0062908125,397.2295376698785,3.1893750128411558,66.91998487044678,4481.837060585705,0.09871530268810128,8323.411683944883,55.350637504845736,2026-09-01T00:00:00+00:00,2026-09-27T08:00:00+00:00,5.879935442505435,6.941280995138765,6.941280995138765
R0,0,S1,Basis,third,1,1768766400000,1776009600000,503,False,10000.0,11282.416291555943,1282.4162915559427,12.824162915559434,177.78411549670625,11282.416291555943,0.0,0.0,31.84988089773282,2026-01-18T20:00:00+00:00,2026-04-12T16:00:00+00:00,8.498947944073432,9.94277229666507,9.94277229666507
R0,0,S1,Basis,third,2,1776009600000,1783252800000,503,False,11282.416291555943,12058.846647725919,776.4303561699762,6.8817736919623895,134.22724290023743,12058.846647725919,0.0,0.0,26.62089907129787,2026-04-12T16:00:00+00:00,2026-07-05T12:00:00+00:00,4.962264960392437,5.826375977863019,5.826375977863019
R0,0,S1,Basis,third,3,1783252800000,1790496000000,503,False,12058.846647725919,12852.0062908125,793.1596430865811,6.57740882073623,190.61560391312074,4481.837060585705,0.09871530268810128,8323.411683944883,41.98690864587195,2026-07-05T12:00:00+00:00,2026-09-27T08:00:00+00:00,6.815915544032869,7.408049502671698,7.408049502671698
R0,0,S1,E42,month,2026-01,1768766400000,1769904000000,79,True,10000.0,9690.26036039781,-309.73963960219044,-3.097396396021901,13.696957317715526,9690.26036039781,0.0,0.0,6.29154144853151,2026-01-18T20:00:00+00:00,2026-02-01T00:00:00+00:00,3.097396396021901,3.336703553206899,3.336703553206899
R0,0,S1,E42,month,2026-02,1769904000000,1772323200000,168,False,9690.26036039781,9864.82416839501,174.56380799719955,1.8014356839224588,15.818917580313855,0.0,0.14729496769897432,9658.229136983418,30.546627277732206,2026-02-01T00:00:00+00:00,2026-03-01T00:00:00+00:00,7.5498136830215445,9.942772296665048,9.942772296665048
R0,0,S1,E42,month,2026-03,1772323200000,1775001600000,186,False,9864.82416839501,10861.951797199868,997.1276288048593,10.107910813042809,101.05452741524165,10861.951797199868,0.0,0.0,46.76709637844638,2026-03-01T00:00:00+00:00,2026-04-01T00:00:00+00:00,6.059517529366476,7.273300253272819,7.273300253272819
R0,0,S1,E42,month,2026-04,1775001600000,1777593600000,180,False,10861.951797199868,11640.287528806013,778.3357316061447,7.165707840894608,115.75119441722043,0.0,0.15246641111455317,11676.424455199915,34.02166073736709,2026-04-01T00:00:00+00:00,2026-05-01T00:00:00+00:00,3.1978285140671026,3.8090143974200297,3.8090143974200297
R0,0,S1,E42,month,2026-05,1777593600000,1780272000000,186,False,11640.287528806013,12075.037396039328,434.74986723331494,3.7348722371113974,44.224431433305035,12075.037396039328,0.0,0.0,40.80355969573636,2026-05-01T00:00:00+00:00,2026-06-01T00:00:00+00:00,4.241311069548281,5.193216047488747,5.193216047488747
R0,0,S1,E42,month,2026-06,1780272000000,1782864000000,180,False,12075.037396039328,12044.42870419949,-30.608691839837775,-0.2534873461334186,50.18048361643707,12044.42870419949,0.0,0.0,12.57498146653737,2026-06-01T00:00:00+00:00,2026-07-01T00:00:00+00:00,3.5455280874892026,4.204626037311132,4.204626037311132
R0,0,S1,E42,month,2026-07,1782864000000,1785542400000,186,False,12044.42870419949,12071.188249047153,26.759544847662255,0.22217363317806882,56.402234510018566,12071.188249047153,0.0,0.0,27.716527215804643,2026-07-01T00:00:00+00:00,2026-08-01T00:00:00+00:00,3.4144200787166956,4.153522566333878,4.153522566333878
R0,0,S1,E42,month,2026-08,1785542400000,1788220800000,186,False,12071.188249047153,12338.570780642824,267.382531595671,2.215047318285146,86.96522404859624,0.0,0.15701664837320467,12341.4681985567,41.55234552198641,2026-08-01T00:00:00+00:00,2026-09-01T00:00:00+00:00,4.798104950158743,5.347242711349464,7.23041726618705
R0,0,S1,E42,month,2026-09,1788220800000,1790496000000,158,True,12338.570780642824,12677.52487684031,338.95409619748716,2.747109873772824,72.24361986842082,4420.990742133234,0.09737512394837987,8210.411378247432,55.8239892866011,2026-09-01T00:00:00+00:00,2026-09-27T08:00:00+00:00,5.879935442505513,6.9412809951388095,6.9412809951388095
R0,0,S1,E42,third,1,1768766400000,1776009600000,503,False,10000.0,11269.311092689339,1269.3110926893387,12.69311092689338,200.6159000302595,11269.311092689339,0.0,0.0,33.529690765031425,2026-01-18T20:00:00+00:00,2026-04-12T16:00:00+00:00,9.063573064064611,10.24370044353049,10.24370044353049
R0,0,S1,E42,third,2,1776009600000,1783252800000,503,False,11269.311092689339,12044.42870419949,775.1176115101516,6.878127732341932,140.11061174997408,12044.42870419949,0.0,0.0,26.717630872331977,2026-04-12T16:00:00+00:00,2026-07-05T12:00:00+00:00,4.965506895218208,5.826375977863019,5.826375977863019
R0,0,S1,E42,third,3,1783252800000,1790496000000,503,False,12044.42870419949,12677.52487684031,633.0961726408204,5.256340405917981,215.61107842703564,4420.990742133234,0.09737512394837987,8210.411378247432,43.149504247538985,2026-07-05T12:00:00+00:00,2026-09-27T08:00:00+00:00,6.984825621285551,7.57815016932204,7.57815016932204
R0,0,S2,Basis,month,2026-01,1768766400000,1769904000000,79,True,10000.0,9636.951247420968,-363.0487525790322,-3.630487525790327,13.643594842263232,9636.951247420968,0.0,0.0,6.281866284543727,2026-01-18T20:00:00+00:00,2026-02-01T00:00:00+00:00,3.630487525790327,3.6315326334227627,3.6315326334227627
R0,0,S2,Basis,month,2026-02,1769904000000,1772323200000,168,False,9636.951247420968,9822.898432235748,185.94718481478048,1.9295229377085832,11.114141918644194,0.0,0.14666896060063,9652.405757066997,27.879259326835477,2026-02-01T00:00:00+00:00,2026-03-01T00:00:00+00:00,7.549813683021556,9.94277229666507,9.94277229666507
R0,0,S2,Basis,month,2026-03,1772323200000,1775001600000,186,False,9822.898432235748,10422.738573879979,599.8401416442302,6.106549363024438,87.5975896916037,10422.738573879979,0.0,0.0,45.004206994008925,2026-03-01T00:00:00+00:00,2026-04-01T00:00:00+00:00,6.752261608877708,7.513069009689344,7.513069009689344
R0,0,S2,Basis,month,2026-04,1775001600000,1777593600000,180,False,10422.738573879979,10739.645851827114,316.9072779471353,3.040537529563725,102.04283053916511,0.0,0.14066965748202065,10816.160713430376,33.631064735642035,2026-04-01T00:00:00+00:00,2026-05-01T00:00:00+00:00,4.384851220881336,4.799337040228224,4.799337040228224
R0,0,S2,Basis,month,2026-05,1777593600000,1780272000000,186,False,10739.645851827114,10980.281823423049,240.6359715959352,2.240632278903276,40.46655374819491,10980.281823423049,0.0,0.0,40.81705620061453,2026-05-01T00:00:00+00:00,2026-06-01T00:00:00+00:00,4.857687393750831,5.31680111183811,5.31680111183811
R0,0,S2,Basis,month,2026-06,1780272000000,1782864000000,180,False,10980.281823423049,10795.811438372231,-184.47038505081764,-1.6800150307372475,39.83709125931612,10795.811438372231,0.0,0.0,12.29924935941525,2026-06-01T00:00:00+00:00,2026-07-01T00:00:00+00:00,4.156807460179113,4.473939664633608,4.473939664633608
R0,0,S2,Basis,month,2026-07,1782864000000,1785542400000,186,False,10795.811438372231,10705.747096800207,-90.0643415720242,-0.8342526366466818,44.662514741541074,10705.747096800207,0.0,0.0,27.05977647776334,2026-07-01T00:00:00+00:00,2026-08-01T00:00:00+00:00,3.549384431020697,4.129911657249052,4.129911657249052
R0,0,S2,Basis,month,2026-08,1785542400000,1788220800000,186,False,10705.747096800207,10706.77602339265,1.028926592442076,0.009610974209817158,63.81293452721891,0.0,0.13625095774570067,10752.25130589502,39.45455784681127,2026-08-01T00:00:00+00:00,2026-09-01T00:00:00+00:00,5.581372932231932,6.10016491235289,7.230417266187061
R0,0,S2,Basis,month,2026-09,1788220800000,1790496000000,158,True,10706.77602339265,10815.296280673414,108.52025728076478,1.0135661476775581,56.88602228621125,3781.3838568366136,0.08295588474999468,7022.570019839428,55.3391045622383,2026-09-01T00:00:00+00:00,2026-09-27T08:00:00+00:00,7.0051321020721975,7.848593100725909,7.848593100725909
R0,0,S2,Basis,third,1,1768766400000,1776009600000,503,False,10000.0,10563.20967358832,563.2096735883206,5.6320967358832075,171.90591436736116,10563.20967358832,0.0,0.0,31.845777228166593,2026-01-18T20:00:00+00:00,2026-04-12T16:00:00+00:00,10.841036204165055,11.832316659585707,11.832316659585707
R0,0,S2,Basis,third,2,1776009600000,1783252800000,503,False,10563.20967358832,10795.811438372231,232.60176478391077,2.201998937552996,122.7958876318261,10795.811438372231,0.0,0.0,26.623794331868375,2026-04-12T16:00:00+00:00,2026-07-05T12:00:00+00:00,6.668069049163494,7.219155405833833,7.219155405833833
R0,0,S2,Basis,third,3,1783252800000,1790496000000,503,False,10795.811438372231,10815.296280673414,19.484842301182653,0.180485204029468,165.36147155497122,3781.3838568366136,0.08295588474999468,7022.570019839428,41.978617704183954,2026-07-05T12:00:00+00:00,2026-09-27T08:00:00+00:00,8.557757926283205,9.138784315915983,9.138784315915983
R0,0,S2,E42,month,2026-01,1768766400000,1769904000000,79,True,10000.0,9636.951247420968,-363.0487525790322,-3.630487525790327,13.643594842263232,9636.951247420968,0.0,0.0,6.281866284543727,2026-01-18T20:00:00+00:00,2026-02-01T00:00:00+00:00,3.630487525790327,3.6315326334227627,3.6315326334227627
R0,0,S2,E42,month,2026-02,1769904000000,1772323200000,168,False,9636.951247420968,9746.250950832327,109.29970341135959,1.1341730450344478,15.683327319010187,0.0,0.14552451158615137,9580.825628377512,30.538379802781503,2026-02-01T00:00:00+00:00,2026-03-01T00:00:00+00:00,7.5498136830215445,9.942772296665058,9.942772296665058
R0,0,S2,E42,month,2026-03,1772323200000,1775001600000,186,False,9746.250950832327,10346.321918611551,600.0709677792238,6.156941482488487,97.99828932219224,10346.321918611551,0.0,0.0,46.776389036169654,2026-03-01T00:00:00+00:00,2026-04-01T00:00:00+00:00,7.601081341359295,8.457871511899096,8.457871511899096
R0,0,S2,E42,month,2026-04,1775001600000,1777593600000,180,False,10346.321918611551,10635.457640020515,289.13572140896395,2.7945749579746826,107.89261863850074,0.0,0.13930498305320743,10711.23021023754,34.03197906263573,2026-04-01T00:00:00+00:00,2026-05-01T00:00:00+00:00,4.384851220881314,4.7993370402282025,4.7993370402282025
R0,0,S2,E42,month,2026-05,1777593600000,1780272000000,186,False,10635.457640020515,10873.759136911902,238.3014968913867,2.2406322789032984,40.07397675532483,10873.759136911902,0.0,0.0,40.81705620061453,2026-05-01T00:00:00+00:00,2026-06-01T00:00:00+00:00,4.857687393750831,5.31680111183811,5.31680111183811
R0,0,S2,E42,month,2026-06,1780272000000,1782864000000,180,False,10873.759136911902,10669.865917155203,-203.89321975669918,-1.875094134323485,44.82488725012317,10669.865917155203,0.0,0.0,12.570487457643566,2026-06-01T00:00:00+00:00,2026-07-01T00:00:00+00:00,4.338630078295147,4.652544446882012,4.652544446882012
R0,0,S2,E42,month,2026-07,1782864000000,1785542400000,186,False,10669.865917155203,10497.892520979662,-171.97339617554098,-1.6117671722475801,49.498094517965264,10497.892520979662,0.0,0.0,27.734286797888643,2026-07-01T00:00:00+00:00,2026-08-01T00:00:00+00:00,3.8838015079896926,4.236931224113494,4.236931224113494
R0,0,S2,E42,month,2026-08,1785542400000,1788220800000,186,False,10497.892520979662,10426.721842293393,-71.17067868626873,-0.6779520607973155,74.46443216840248,0.0,0.1326870791036059,10470.798595533672,41.55385371240131,2026-08-01T00:00:00+00:00,2026-09-01T00:00:00+00:00,5.778758130699558,6.322239348060066,7.23041726618705
R0,0,S2,E42,month,2026-09,1788220800000,1790496000000,158,True,10426.721842293393,10467.264489546855,40.54264725346184,0.3888340733231299,60.32886414555774,3659.700477807634,0.08028639845902537,6796.586601642749,55.81909153390281,2026-09-01T00:00:00+00:00,2026-09-27T08:00:00+00:00,7.005132102072187,7.848593100725898,7.848593100725898
R0,0,S2,E42,third,1,1768766400000,1776009600000,503,False,10000.0,10460.733116910978,460.7331169109784,4.607331169109785,193.1378162466958,10460.733116910978,0.0,0.0,33.53270104259938,2026-01-18T20:00:00+00:00,2026-04-12T16:00:00+00:00,11.652636454243837,12.85128679184181,12.85128679184181
R0,0,S2,E42,third,2,1776009600000,1783252800000,503,False,10460.733116910978,10669.865917155203,209.1328002442242,1.9992174344467095,126.97887788071858,10669.865917155203,0.0,0.0,26.720857667218468,2026-04-12T16:00:00+00:00,2026-07-05T12:00:00+00:00,6.853251231926805,7.403244164584811,7.403244164584811
R0,0,S2,E42,third,3,1783252800000,1790496000000,503,False,10669.865917155203,10467.264489546855,-202.60142760834788,-1.898818871590524,184.2913908319255,3659.700477807634,0.08028639845902537,6796.586601642749,43.15509065063732,2026-07-05T12:00:00+00:00,2026-09-27T08:00:00+00:00,9.072849903578073,9.436250296546344,9.436250296546344
R0,0,S3,Basis,month,2026-01,1768766400000,1769904000000,79,True,10000.0,9873.700882423953,-126.29911757604714,-1.262991175760475,9.87857946188584,9873.700882423953,0.0,0.0,4.169169581872365,2026-01-18T20:00:00+00:00,2026-02-01T00:00:00+00:00,1.7281798996783504,2.0200815161907415,2.0200815161907415
R0,0,S3,Basis,month,2026-02,1769904000000,1772323200000,168,False,9873.700882423953,10161.747796469264,288.0469140453115,2.9173145659907584,11.373496283135959,0.0,0.15172843305625655,9882.695880179772,24.80543525845139,2026-02-01T00:00:00+00:00,2026-03-01T00:00:00+00:00,7.5498136830215445,9.942772296665058,9.942772296665058
R0,0,S3,Basis,month,2026-03,1772323200000,1775001600000,186,False,10161.747796469264,11283.657595015431,1121.9097985461667,11.040520007158406,81.48404313436603,11283.657595015431,0.0,0.0,45.05723148881422,2026-03-01T00:00:00+00:00,2026-04-01T00:00:00+00:00,5.655842979062831,6.716442211391305,6.716442211391305
R0,0,S3,Basis,month,2026-04,1775001600000,1777593600000,180,False,11283.657595015431,12061.622580397474,777.9649853820429,6.894617094068067,102.03325252119372,0.0,0.1579851273003813,12101.959959373713,28.904557482725387,2026-04-01T00:00:00+00:00,2026-05-01T00:00:00+00:00,2.482410884947539,3.6216212192738406,3.913660399516461
R0,0,S3,Basis,month,2026-05,1777593600000,1780272000000,186,False,12061.622580397474,12443.20984649682,381.5872660993464,3.163647872049169,45.675306115043085,12443.20984649682,0.0,0.0,41.95470516539074,2026-05-01T00:00:00+00:00,2026-06-01T00:00:00+00:00,4.605152167004478,5.384181653410492,5.384181653410492
R0,0,S3,Basis,month,2026-06,1780272000000,1782864000000,180,False,12443.20984649682,12226.2035313831,-217.00631511372012,-1.7439737639304953,41.39377636942949,12226.2035313831,0.0,0.0,10.91530754098049,2026-06-01T00:00:00+00:00,2026-07-01T00:00:00+00:00,4.149974559808389,4.764456031921482,4.764456031921482
R0,0,S3,Basis,month,2026-07,1782864000000,1785542400000,186,False,12226.2035313831,12393.495899835807,167.2923684527068,1.3683100238212953,41.02251487554856,2214.224967508844,0.16186379525477665,10427.290241965953,27.859048211799603,2026-07-01T00:00:00+00:00,2026-08-01T00:00:00+00:00,3.3933173765217317,4.127963248901223,4.127963248901223
R0,0,S3,Basis,month,2026-08,1785542400000,1788220800000,186,False,12393.495899835807,12476.665020187356,83.16912035154928,0.671070705341914,77.79555720815198,0.0,0.1587739908594954,12514.129269782783,38.00819997757343,2026-08-01T00:00:00+00:00,2026-09-01T00:00:00+00:00,3.628711693454878,4.3402427158836465,5.348947021965566
R0,0,S3,Basis,month,2026-09,1788220800000,1790496000000,158,True,12476.665020187356,12719.68954821676,243.02452802940388,1.9478324346785536,66.90195482768713,4442.173785082636,0.09762257507440794,8249.751315153462,52.83500442593405,2026-09-01T00:00:00+00:00,2026-09-27T08:00:00+00:00,5.573879447374952,6.588041420287105,6.588041420287105
R0,0,S3,Basis,third,1,1768766400000,1776009600000,503,False,10000.0,11602.301567179036,1602.3015671790363,16.023015671790365,160.86880960589758,11602.301567179036,0.0,0.0,29.755850199288062,2026-01-18T20:00:00+00:00,2026-04-12T16:00:00+00:00,7.5498136830215445,9.942772296665058,9.942772296665058
R0,0,S3,Basis,third,2,1776009600000,1783252800000,503,False,11602.301567179036,12226.2035313831,623.9019642040639,5.37739827388195,130.96964427915654,12226.2035313831,0.0,0.0,25.608908135377803,2026-04-12T16:00:00+00:00,2026-07-05T12:00:00+00:00,6.53176897758605,6.966015288069805,6.966015288069805
R0,0,S3,Basis,third,3,1783252800000,1790496000000,503,False,12226.2035313831,12719.68954821676,493.48601683365996,4.036298067236843,185.72002691138766,4442.173785082636,0.09762257507440794,8249.751315153462,40.95276115809337,2026-07-05T12:00:00+00:00,2026-09-27T08:00:00+00:00,6.394408322463352,7.165472081442459,7.165472081442459
R0,0,S3,E42,month,2026-01,1768766400000,1769904000000,79,True,10000.0,9873.700882423953,-126.29911757604714,-1.262991175760475,9.87857946188584,9873.700882423953,0.0,0.0,4.169169581872365,2026-01-18T20:00:00+00:00,2026-02-01T00:00:00+00:00,1.7281798996783504,2.0200815161907415,2.0200815161907415
R0,0,S3,E42,month,2026-02,1769904000000,1772323200000,168,False,9873.700882423953,10111.686013463159,237.98513103920595,2.410293099549321,16.11029508073735,0.0,0.15098094393886693,9837.024833742667,27.28872955538542,2026-02-01T00:00:00+00:00,2026-03-01T00:00:00+00:00,7.5498136830215445,9.942772296665058,9.942772296665058
R0,0,S3,E42,month,2026-03,1772323200000,1775001600000,186,False,10111.686013463159,11228.0687308406,1116.3827173774407,11.040520007158428,81.08261253723295,11228.0687308406,0.0,0.0,45.05723148881422,2026-03-01T00:00:00+00:00,2026-04-01T00:00:00+00:00,5.655842979062831,6.716442211391294,6.716442211391294
R0,0,S3,E42,month,2026-04,1775001600000,1777593600000,180,False,11228.0687308406,11998.652291891929,770.5835610513295,6.863010723605001,107.83799915189792,0.0,0.15716033204755536,12038.77908092683,30.489050457585936,2026-04-01T00:00:00+00:00,2026-05-01T00:00:00+00:00,2.48241088494755,3.6216212192738295,3.91366039951645
R0,0,S3,E42,month,2026-05,1777593600000,1780272000000,186,False,11998.652291891929,12405.624978333395,406.97268644146607,3.3918199856201925,51.57706315883334,12405.624978333395,0.0,0.0,43.32394700387626,2026-05-01T00:00:00+00:00,2026-06-01T00:00:00+00:00,4.605152167004444,5.384181653410469,5.384181653410469
R0,0,S3,E42,month,2026-06,1780272000000,1782864000000,180,False,12405.624978333395,12189.274133459656,-216.35084487373933,-1.743973763930473,41.26874595952531,12189.274133459656,0.0,0.0,10.91530754098049,2026-06-01T00:00:00+00:00,2026-07-01T00:00:00+00:00,4.149974559808389,4.764456031921482,4.764456031921482
R0,0,S3,E42,month,2026-07,1782864000000,1785542400000,186,False,12189.274133459656,12356.061193258842,166.78705979918595,1.3683100238212953,40.89860586554633,2207.5368738003394,0.16137488367326902,10395.794483726662,27.859048211799603,2026-07-01T00:00:00+00:00,2026-08-01T00:00:00+00:00,3.3933173765217317,4.127963248901234,4.127963248901234
R0,0,S3,E42,month,2026-08,1785542400000,1788220800000,186,False,12356.061193258842,12643.435912984347,287.3747197255052,2.3257793501564317,98.43908348205413,0.0,0.16089626313063005,12681.1652545369,40.91180747935019,2026-08-01T00:00:00+00:00,2026-09-01T00:00:00+00:00,3.7908999247506903,4.527345286294326,7.061309007518435
R0,0,S3,E42,month,2026-09,1788220800000,1790496000000,158,True,12643.435912984347,12837.362613718622,193.92670073427507,1.5338132930710735,73.94784868310764,4483.269458432302,0.09852570621040348,8326.071851374272,53.32046971867379,2026-09-01T00:00:00+00:00,2026-09-27T08:00:00+00:00,5.924279417839884,6.5932683173257844,6.5932683173257844
R0,0,S3,E42,third,1,1768766400000,1776009600000,503,False,10000.0,11532.371277886221,1532.371277886221,15.32371277886222,170.68046370730627,11532.371277886221,0.0,0.0,31.12048343169658,2026-01-18T20:00:00+00:00,2026-04-12T16:00:00+00:00,7.5498136830215445,9.942772296665058,9.942772296665058
R0,0,S3,E42,third,2,1776009600000,1783252800000,503,False,11532.371277886221,12189.274133459656,656.9028555734349,5.696164645974178,137.07483164280643,12189.274133459656,0.0,0.0,26.14702074654408,2026-04-12T16:00:00+00:00,2026-07-05T12:00:00+00:00,6.531768977585994,6.966015288069749,6.966015288069749
R0,0,S3,E42,third,3,1783252800000,1790496000000,503,False,12189.274133459656,12837.362613718622,648.0884802589662,5.316875091683748,213.2855380307081,4483.269458432302,0.09852570621040348,8326.071851374272,42.178953030028474,2026-07-05T12:00:00+00:00,2026-09-27T08:00:00+00:00,6.537493347747736,7.307378462636549,7.307378462636549
R0,0,S4,Basis,month,2026-01,1768766400000,1769904000000,79,True,10000.0,9834.866419045758,-165.13358095424155,-1.6513358095424202,9.839706125170931,9834.866419045758,0.0,0.0,4.159752016569035,2026-01-18T20:00:00+00:00,2026-02-01T00:00:00+00:00,1.8669049995511888,2.1434522113693566,2.1434522113693566
R0,0,S4,Basis,month,2026-02,1769904000000,1772323200000,168,False,9834.866419045758,10075.348462823733,240.48204377797447,2.445198882541688,11.316859325265392,2.2737367544323206e-13,0.15043837589545042,9837.877207158805,24.779410951178527,2026-02-01T00:00:00+00:00,2026-03-01T00:00:00+00:00,7.549813683021556,9.942772296665058,9.942772296665058
R0,0,S4,Basis,month,2026-03,1772323200000,1775001600000,186,False,10075.348462823733,10868.824136204501,793.4756733807681,7.875416679716385,79.54013656452041,10868.824136204501,0.0,0.0,45.05500379012078,2026-03-01T00:00:00+00:00,2026-04-01T00:00:00+00:00,6.57628193639982,7.626533767443644,7.626533767443644
R0,0,S4,Basis,month,2026-04,1775001600000,1777593600000,180,False,10868.824136204501,11216.114402030125,347.2902658256244,3.1952882986558517,96.5095449233574,0.0,0.14691052135060062,11298.585431489779,28.898477503682095,2026-04-01T00:00:00+00:00,2026-05-01T00:00:00+00:00,2.8095507836275124,3.647758443764182,3.9099016387693974
R0,0,S4,Basis,month,2026-05,1777593600000,1780272000000,186,False,11216.114402030125,11404.99449344892,188.8800914187941,1.6840064629209506,42.12670759087666,11404.99449344892,0.0,0.0,41.97817512067761,2026-05-01T00:00:00+00:00,2026-06-01T00:00:00+00:00,5.218130516292674,5.61423320741884,5.61423320741884
R0,0,S4,Basis,month,2026-06,1780272000000,1782864000000,180,False,11404.99449344892,11058.581375535654,-346.4131179132655,-3.037380843210813,37.670318073747396,11058.581375535654,0.0,0.0,10.906566030129833,2026-06-01T00:00:00+00:00,2026-07-01T00:00:00+00:00,4.769551106734548,5.11196481156172,5.11196481156172
R0,0,S4,Basis,month,2026-07,1782864000000,1785542400000,186,False,11058.581375535654,11063.41957237513,4.83819683947695,0.04375061027430682,36.84890029738603,1977.5063514790672,0.14447796969616505,9344.48470129238,27.83930592039078,2026-07-01T00:00:00+00:00,2026-08-01T00:00:00+00:00,3.3929872110381343,4.127563345818263,4.127563345818263
R0,0,S4,Basis,month,2026-08,1785542400000,1788220800000,186,False,11063.41957237513,10859.56734986075,-203.85222251438063,-1.8425787902267676,68.54724533527626,0.0,0.13819533059155367,10935.681508298198,38.01183724088372,2026-08-01T00:00:00+00:00,2026-09-01T00:00:00+00:00,4.865524779636221,5.065830019008278,5.352499332280591
R0,0,S4,Basis,month,2026-09,1788220800000,1790496000000,158,True,10859.56734986075,10838.143886637909,-21.423463222841747,-0.19727731807949178,57.58297062190835,3794.899451604129,0.08306594373263412,7047.670410121953,52.8188671205143,2026-09-01T00:00:00+00:00,2026-09-27T08:00:00+00:00,7.119692268507261,7.671726987103533,7.671726987103533
R0,0,S4,Basis,third,1,1768766400000,1776009600000,503,False,10000.0,10947.977920948677,947.9779209486769,9.479779209486772,156.0778955762362,10947.977920948677,0.0,0.0,29.74287331181167,2026-01-18T20:00:00+00:00,2026-04-12T16:00:00+00:00,7.549813683021556,9.942772296665058,9.942772296665058
R0,0,S4,Basis,third,2,1776009600000,1783252800000,503,False,10947.977920948677,11058.581375535654,110.60345458697702,1.0102637709502593,120.92537702670201,11058.581375535654,0.0,0.0,25.614264983618934,2026-04-12T16:00:00+00:00,2026-07-05T12:00:00+00:00,8.097016862827877,8.525203364490586,8.525203364490586
R0,0,S4,Basis,third,3,1783252800000,1790496000000,503,False,11058.581375535654,10838.143886637909,-220.43748889774542,-1.9933613671768824,162.97911625457064,3794.899451604129,0.08306594373263412,7047.670410121953,40.941736845006595,2026-07-05T12:00:00+00:00,2026-09-27T08:00:00+00:00,8.161357426136107,8.670347921347366,8.670347921347366
R0,0,S4,E42,month,2026-01,1768766400000,1769904000000,79,True,10000.0,9834.866419045758,-165.13358095424155,-1.6513358095424202,9.839706125170931,9834.866419045758,0.0,0.0,4.159752016569035,2026-01-18T20:00:00+00:00,2026-02-01T00:00:00+00:00,1.8669049995511888,2.1434522113693566,2.1434522113693566
R0,0,S4,E42,month,2026-02,1769904000000,1772323200000,168,False,9834.866419045758,10006.270353776294,171.40393473053518,1.7428191439245344,15.997432564056744,2.2737367544323206e-13,0.14940694769489038,9773.59761672614,27.272131995537073,2026-02-01T00:00:00+00:00,2026-03-01T00:00:00+00:00,7.549813683021556,9.942772296665058,9.942772296665058
R0,0,S4,E42,month,2026-03,1772323200000,1775001600000,186,False,10006.270353776294,10794.305838235108,788.0354844588146,7.875416679716385,78.99479738865708,10794.305838235108,0.0,0.0,45.05500379012078,2026-03-01T00:00:00+00:00,2026-04-01T00:00:00+00:00,6.576281936399797,7.626533767443632,7.626533767443632
R0,0,S4,E42,month,2026-04,1775001600000,1777593600000,180,False,10794.305838235108,11111.54891735686,317.2430791217521,2.938985460260235,101.66564198704197,0.0,0.14554090533938668,11193.251086687429,30.477101979580816,2026-04-01T00:00:00+00:00,2026-05-01T00:00:00+00:00,2.8095507836275124,3.9454349335589667,3.9454349335589667
R0,0,S4,E42,month,2026-05,1777593600000,1780272000000,186,False,11111.54891735686,11302.035385389436,190.48646803257543,1.7143106640607586,47.374623880966524,11302.035385389436,0.0,0.0,43.35575454401703,2026-05-01T00:00:00+00:00,2026-06-01T00:00:00+00:00,5.218130516292662,5.614233207418828,5.614233207418828
R0,0,S4,E42,month,2026-06,1780272000000,1782864000000,180,False,11302.035385389436,10958.749527700711,-343.2858576887247,-3.037380843210802,37.33024755890252,10958.749527700711,0.0,0.0,10.90656603012983,2026-06-01T00:00:00+00:00,2026-07-01T00:00:00+00:00,4.769551106734515,5.11196481156172,5.11196481156172
R0,0,S4,E42,month,2026-07,1782864000000,1785542400000,186,False,10958.749527700711,10963.544047497513,4.794519796801978,0.04375061027430682,36.516245168988476,1959.6543226817557,0.143173688233977,9260.126939377353,27.83930592039078,2026-07-01T00:00:00+00:00,2026-08-01T00:00:00+00:00,3.3929872110381343,4.127563345818275,4.127563345818275
R0,0,S4,E42,month,2026-08,1785542400000,1788220800000,186,False,10963.544047497513,10868.15259993728,-95.39144756023234,-0.8700785726492022,85.88958301590802,0.0,0.1383045836984514,10944.058007366264,40.91470509723597,2026-08-01T00:00:00+00:00,2026-09-01T00:00:00+00:00,5.170633401541835,5.319300404297933,7.072477290107104
R0,0,S4,E42,month,2026-09,1788220800000,1790496000000,158,True,10868.15259993728,10781.672655842814,-86.47994409446619,-0.7957188979382357,62.815847897776926,3775.126449416926,0.0826331356680059,7010.949120345718,53.31108055005511,2026-09-01T00:00:00+00:00,2026-09-27T08:00:00+00:00,7.5852473889619905,8.22068195042699,8.22068195042699
R0,0,S4,E42,third,1,1768766400000,1776009600000,503,False,10000.0,10839.325480180982,839.3254801809817,8.393254801809814,165.23898216013725,10839.325480180982,0.0,0.0,31.109174768248295,2026-01-18T20:00:00+00:00,2026-04-12T16:00:00+00:00,7.549813683021556,9.942772296665058,9.942772296665058
R0,0,S4,E42,third,2,1776009600000,1783252800000,503,False,10839.325480180982,10958.749527700711,119.42404751972936,1.101766412846339,125.9634673446585,10958.749527700711,0.0,0.0,26.154840890711405,2026-04-12T16:00:00+00:00,2026-07-05T12:00:00+00:00,8.097016862827855,8.525203364490586,8.525203364490586
R0,0,S4,E42,third,3,1783252800000,1790496000000,503,False,10958.749527700711,10781.672655842814,-177.07687185789655,-1.615849248222112,185.2216760826734,3775.126449416926,0.0826331356680059,7010.949120345718,42.169774902956824,2026-07-05T12:00:00+00:00,2026-09-27T08:00:00+00:00,8.182772840082286,8.72443627867846,8.72443627867846
R0,1,S0,Basis,month,2026-04,1776009600000,1777593600000,110,True,10000.0,10370.197669958427,370.19766995842656,3.701976699584275,40.6410812677203,0.0,0.13583056409683403,10391.969542563085,32.60027115802923,2026-04-12T16:00:00+00:00,2026-05-01T00:00:00+00:00,2.6113793228331073,3.8090143974200297,3.8090143974200297
R0,1,S0,Basis,month,2026-05,1777593600000,1780272000000,186,False,10370.197669958427,10796.598609215329,426.40093925690235,4.111791817547994,39.480657987690385,10796.598609215329,0.0,0.0,40.80020354425388,2026-05-01T00:00:00+00:00,2026-06-01T00:00:00+00:00,4.112819208634566,5.186129206062395,5.186129206062395
R0,1,S0,Basis,month,2026-06,1780272000000,1782864000000,180,False,10796.598609215329,10808.560059077005,11.961449861675646,0.11078905768957537,39.54259177395469,10808.560059077005,0.0,0.0,12.306030380351862,2026-06-01T00:00:00+00:00,2026-07-01T00:00:00+00:00,3.425233836741026,4.137163937241306,4.137163937241306
R0,1,S0,Basis,month,2026-07,1782864000000,1785542400000,186,False,10808.560059077005,10940.5846998579,132.02464078089542,1.2214822331492847,45.217822780681026,10940.5846998579,0.0,0.0,27.082599774475977,2026-07-01T00:00:00+00:00,2026-08-01T00:00:00+00:00,3.3953468400704456,4.130421368606529,4.130421368606529
R0,1,S0,Basis,month,2026-08,1785542400000,1788220800000,186,False,10940.5846998579,11277.404501310617,336.819801452717,3.078627063296646,66.22979155484083,0.0,0.14351259060917196,11268.973304871335,39.44754381175711,2026-08-01T00:00:00+00:00,2026-09-01T00:00:00+00:00,4.381321050038611,4.906091802717272,7.23041726618705
R0,1,S0,Basis,month,2026-09,1788220800000,1790496000000,158,True,11277.404501310617,11699.273638450066,421.86913713944887,3.740835376530316,60.764401788003404,4077.193100657076,0.08989256569438962,7571.930044077428,55.353532073748696,2026-09-01T00:00:00+00:00,2026-09-27T08:00:00+00:00,5.596682350592941,6.7684227662417324,6.7684227662417324
R0,1,S0,Basis,third,1,1776009600000,1780833600000,335,False,10000.0,10796.598609215329,796.5986092153289,7.965986092153288,80.12173925541069,10796.598609215329,0.0,0.0,33.35781398989384,2026-04-12T16:00:00+00:00,2026-06-07T12:00:00+00:00,4.112819208634566,5.186129206062395,5.186129206062395
R0,1,S0,Basis,third,2,1780833600000,1785657600000,335,False,10796.598609215329,10940.5846998579,143.98609064257107,1.333624559494817,84.76041455463572,10940.5846998579,0.0,0.0,21.649101571689155,2026-06-07T12:00:00+00:00,2026-08-02T08:00:00+00:00,3.425233836741026,4.206909180022844,4.206909180022844
R0,1,S0,Basis,third,3,1785657600000,1790496000000,336,False,10940.5846998579,11699.273638450066,758.6889385921659,6.93462881012219,126.99419334284424,4077.193100657076,0.08989256569438962,7571.930044077428,47.86637266856879,2026-08-02T08:00:00+00:00,2026-09-27T08:00:00+00:00,5.596682350592941,6.7684227662417324,7.23041726618705
R0,1,S0,E42,month,2026-04,1776009600000,1777593600000,110,True,10000.0,10370.197669958427,370.19766995842656,3.701976699584275,40.6410812677203,0.0,0.13583056409683403,10391.969542563085,32.60027115802923,2026-04-12T16:00:00+00:00,2026-05-01T00:00:00+00:00,2.6113793228331073,3.8090143974200297,3.8090143974200297
R0,1,S0,E42,month,2026-05,1777593600000,1780272000000,186,False,10370.197669958427,10796.598609215329,426.40093925690235,4.111791817547994,39.480657987690385,10796.598609215329,0.0,0.0,40.80020354425388,2026-05-01T00:00:00+00:00,2026-06-01T00:00:00+00:00,4.112819208634566,5.186129206062395,5.186129206062395
R0,1,S0,E42,month,2026-06,1780272000000,1782864000000,180,False,10796.598609215329,10813.444451146941,16.845841931612085,0.15602915826873343,44.95853582587715,10813.444451146941,0.0,0.0,12.576111275222274,2026-06-01T00:00:00+00:00,2026-07-01T00:00:00+00:00,3.4252338367410595,4.137163937241306,4.137163937241306
R0,1,S0,E42,month,2026-07,1782864000000,1785542400000,186,False,10813.444451146941,10887.632260865224,74.18780971828346,0.6860701051681461,50.75715737930863,10887.632260865224,0.0,0.0,27.71211977726359,2026-07-01T00:00:00+00:00,2026-08-01T00:00:00+00:00,3.4128300672639167,4.151596813264858,4.151596813264858
R0,1,S0,E42,month,2026-08,1785542400000,1788220800000,186,False,10887.632260865224,11209.131983632646,321.4997227674212,2.9528892514401717,78.7452302368603,0.0,0.14264377670095066,11200.576132647933,41.55197401800297,2026-08-01T00:00:00+00:00,2026-09-01T00:00:00+00:00,4.550730186194418,5.101294839402226,7.23041726618704
R0,1,S0,E42,month,2026-09,1788220800000,1790496000000,158,True,11209.131983632646,11584.113326526329,374.9813428936832,3.34532007867534,65.82608427446544,4037.0597689857964,0.08900771965822472,7497.396713830764,55.82522837973622,2026-09-01T00:00:00+00:00,2026-09-27T08:00:00+00:00,5.596682350592941,6.768422766241722,6.768422766241722
R0,1,S0,E42,third,1,1776009600000,1780833600000,335,False,10000.0,10796.598609215329,796.5986092153289,7.965986092153288,80.12173925541069,10796.598609215329,0.0,0.0,33.35781398989384,2026-04-12T16:00:00+00:00,2026-06-07T12:00:00+00:00,4.112819208634566,5.186129206062395,5.186129206062395
R0,1,S0,E42,third,2,1780833600000,1785657600000,335,False,10796.598609215329,10887.632260865224,91.03365164989555,0.8431697328471044,95.71569320518579,10887.632260865224,0.0,0.0,22.14374420331653,2026-06-07T12:00:00+00:00,2026-08-02T08:00:00+00:00,3.4252338367410595,4.206909180022822,4.206909180022822
R0,1,S0,E42,third,3,1785657600000,1790496000000,336,False,10887.632260865224,11584.113326526329,696.4810656611044,6.3969929271449955,144.57131451132574,4037.0597689857964,0.08900771965822472,7497.396713830764,49.2531346766276,2026-08-02T08:00:00+00:00,2026-09-27T08:00:00+00:00,5.596682350592941,6.768422766241722,7.23041726618704
R0,1,S1,Basis,month,2026-04,1776009600000,1777593600000,110,True,10000.0,10329.191760761078,329.1917607610776,3.2919176076107837,40.55766703421854,0.0,0.13529346191663982,10361.258429341506,32.60008692181179,2026-04-12T16:00:00+00:00,2026-05-01T00:00:00+00:00,2.611379322833096,3.8090143974200297,3.8090143974200297
R0,1,S1,Basis,month,2026-05,1777593600000,1780272000000,186,False,10329.191760761078,10714.973876151742,385.78211539066433,3.7348722371113974,39.24324306034505,10714.973876151742,0.0,0.0,40.80355969573636,2026-05-01T00:00:00+00:00,2026-06-01T00:00:00+00:00,4.241311069548271,5.193216047488725,5.193216047488725
R0,1,S1,Basis,month,2026-06,1780272000000,1782864000000,180,False,10714.973876151742,10688.177369196237,-26.79650695550481,-0.2500846690363434,39.16938796179921,10688.177369196237,0.0,0.0,12.30466982253649,2026-06-01T00:00:00+00:00,2026-07-01T00:00:00+00:00,3.5303413002155337,4.204626037311144,4.204626037311144
R0,1,S1,Basis,month,2026-07,1782864000000,1785542400000,186,False,10688.177369196237,10774.394626976935,86.21725778069776,0.8066600581421834,44.614119010668425,10774.394626976935,0.0,0.0,27.078024259673917,2026-07-01T00:00:00+00:00,2026-08-01T00:00:00+00:00,3.3952626663563024,4.130319416269956,4.130319416269956
R0,1,S1,Basis,month,2026-08,1785542400000,1788220800000,186,False,10774.394626976935,11039.104063607456,264.70943663052094,2.456838140750306,65.02163262814582,0.0,0.14048005655808726,11041.878992751586,39.44893446671299,2026-08-01T00:00:00+00:00,2026-09-01T00:00:00+00:00,4.622835486518162,5.146403281365474,7.23041726618705
R0,1,S1,Basis,month,2026-09,1788220800000,1790496000000,158,True,11039.104063607456,11391.18249025368,352.0784266462233,3.1893750128411114,59.31352215795425,3972.4088748081613,0.08749482392524581,7377.330767500874,55.350637504845736,2026-09-01T00:00:00+00:00,2026-09-27T08:00:00+00:00,5.879935442505479,6.9412809951388095,6.9412809951388095
R0,1,S1,Basis,third,1,1776009600000,1780833600000,335,False,10000.0,10714.973876151742,714.9738761517419,7.14973876151741,79.80091009456359,10714.973876151742,0.0,0.0,33.35961690986944,2026-04-12T16:00:00+00:00,2026-06-07T12:00:00+00:00,4.241311069548271,5.193216047488725,5.193216047488725
R0,1,S1,Basis,third,2,1780833600000,1785657600000,335,False,10714.973876151742,10774.394626976935,59.420750825192954,0.5545580559691787,83.78350697246763,10774.394626976935,0.0,0.0,21.645830090614673,2026-06-07T12:00:00+00:00,2026-08-02T08:00:00+00:00,3.5303413002155337,4.414607713456176,4.414607713456176
R0,1,S1,Basis,third,3,1785657600000,1790496000000,336,False,10774.394626976935,11391.18249025368,616.7878632767442,5.724570935358453,124.33515478610009,3972.4088748081613,0.08749482392524581,7377.330767500874,47.86578135885192,2026-08-02T08:00:00+00:00,2026-09-27T08:00:00+00:00,5.879935442505479,6.9412809951388095,7.23041726618705
R0,1,S1,E42,month,2026-04,1776009600000,1777593600000,110,True,10000.0,10329.191760761078,329.1917607610776,3.2919176076107837,40.55766703421854,0.0,0.13529346191663982,10361.258429341506,32.60008692181179,2026-04-12T16:00:00+00:00,2026-05-01T00:00:00+00:00,2.611379322833096,3.8090143974200297,3.8090143974200297
R0,1,S1,E42,month,2026-05,1777593600000,1780272000000,186,False,10329.191760761078,10714.973876151742,385.78211539066433,3.7348722371113974,39.24324306034505,10714.973876151742,0.0,0.0,40.80355969573636,2026-05-01T00:00:00+00:00,2026-06-01T00:00:00+00:00,4.241311069548271,5.193216047488725,5.193216047488725
R0,1,S1,E42,month,2026-06,1780272000000,1782864000000,180,False,10714.973876151742,10687.812773234195,-27.161102917547396,-0.2534873461334297,44.52843940832401,10687.812773234195,0.0,0.0,12.574981466537373,2026-06-01T00:00:00+00:00,2026-07-01T00:00:00+00:00,3.5455280874892248,4.204626037311121,4.204626037311121
R0,1,S1,E42,month,2026-07,1782864000000,1785542400000,186,False,10687.812773234195,10711.558275179752,23.745501945557407,0.2221736331780022,50.04940767551264,10711.558275179752,0.0,0.0,27.716527215804643,2026-07-01T00:00:00+00:00,2026-08-01T00:00:00+00:00,3.4144200787166845,4.1535225663338675,4.1535225663338675
R0,1,S1,E42,month,2026-08,1785542400000,1788220800000,186,False,10711.558275179752,10948.824359500672,237.26608432091962,2.215047318285146,77.16995593902145,0.0,0.1393311863358399,10951.395428743544,41.55234552198641,2026-08-01T00:00:00+00:00,2026-09-01T00:00:00+00:00,4.798104950158743,5.347242711349454,7.23041726618705
R0,1,S1,E42,month,2026-09,1788220800000,1790496000000,158,True,10948.824359500672,11249.600594542562,300.7762350418907,2.747109873772846,64.10650950552505,3923.0354950456817,0.08640734393387128,7285.637347941982,55.8239892866011,2026-09-01T00:00:00+00:00,2026-09-27T08:00:00+00:00,5.879935442505479,6.941280995138821,6.941280995138821
R0,1,S1,E42,third,1,1776009600000,1780833600000,335,False,10000.0,10714.973876151742,714.9738761517419,7.14973876151741,79.80091009456359,10714.973876151742,0.0,0.0,33.35961690986944,2026-04-12T16:00:00+00:00,2026-06-07T12:00:00+00:00,4.241311069548271,5.193216047488725,5.193216047488725
R0,1,S1,E42,third,2,1780833600000,1785657600000,335,False,10714.973876151742,10711.558275179752,-3.4156009719899885,-0.03187689500198099,94.57784708383666,10711.558275179752,0.0,0.0,22.14558425706385,2026-06-07T12:00:00+00:00,2026-08-02T08:00:00+00:00,3.5455280874892248,4.414607713456153,4.414607713456153
R0,1,S1,E42,third,3,1785657600000,1790496000000,336,False,10711.558275179752,11249.600594542562,538.0423193628103,5.023006975647348,141.2764654445465,3923.0354950456817,0.08640734393387128,7285.637347941982,49.252757661822756,2026-08-02T08:00:00+00:00,2026-09-27T08:00:00+00:00,5.879935442505479,6.941280995138821,7.23041726618705
R0,1,S2,Basis,month,2026-04,1776009600000,1777593600000,110,True,10000.0,10167.028946400587,167.0289464005873,1.6702894640058696,40.22663938079387,0.0,0.1331694265557783,10239.46418527933,32.59937464473404,2026-04-12T16:00:00+00:00,2026-05-01T00:00:00+00:00,2.9531266567463854,3.8090143974200075,3.8090143974200075
R0,1,S2,Basis,month,2026-05,1777593600000,1780272000000,186,False,10167.028946400587,10394.834678779078,227.80573237849057,2.240632278903276,38.30895627242476,10394.834678779078,0.0,0.0,40.81705620061453,2026-05-01T00:00:00+00:00,2026-06-01T00:00:00+00:00,4.857687393750809,5.31680111183811,5.31680111183811
R0,1,S2,Basis,month,2026-06,1780272000000,1782864000000,180,False,10394.834678779078,10220.199893755305,-174.63478502377257,-1.6800150307372141,37.71305549195207,10220.199893755305,0.0,0.0,12.29924935941525,2026-06-01T00:00:00+00:00,2026-07-01T00:00:00+00:00,4.15680746017909,4.473939664633608,4.473939664633608
R0,1,S2,Basis,month,2026-07,1782864000000,1785542400000,186,False,10220.199893755305,10134.937606671092,-85.26228708421331,-0.8342526366466707,42.281196834720454,10134.937606671092,0.0,0.0,27.05977647776334,2026-07-01T00:00:00+00:00,2026-08-01T00:00:00+00:00,3.549384431020697,4.129911657249052,4.129911657249052
R0,1,S2,Basis,month,2026-08,1785542400000,1788220800000,186,False,10134.937606671092,10135.911672910654,0.97406623956158,0.009610974209839362,60.41055370393089,0.0,0.12898632324451093,10178.962302319318,39.45455784681127,2026-08-01T00:00:00+00:00,2026-09-01T00:00:00+00:00,5.5813729322319094,6.10016491235289,7.23041726618704
R0,1,S2,Basis,month,2026-09,1788220800000,1790496000000,158,True,10135.911672910654,10238.645842385773,102.73416947511942,1.0135661476775581,53.85297087157708,3579.767867612612,0.07853283927271952,6648.140325566281,55.3391045622383,2026-09-01T00:00:00+00:00,2026-09-27T08:00:00+00:00,7.005132102072176,7.848593100725887,7.848593100725887
R0,1,S2,Basis,third,1,1776009600000,1780833600000,335,False,10000.0,10394.834678779078,394.8346787790779,3.9483467877907685,78.53559565321864,10394.834678779078,0.0,0.0,33.366876609656856,2026-04-12T16:00:00+00:00,2026-06-07T12:00:00+00:00,4.857687393750809,5.31680111183811,5.31680111183811
R0,1,S2,Basis,third,2,1780833600000,1785657600000,335,False,10394.834678779078,10134.937606671092,-259.8970721079859,-2.500252097693889,79.99425232667252,10134.937606671092,0.0,0.0,21.63278599868276,2026-06-07T12:00:00+00:00,2026-08-02T08:00:00+00:00,4.7405177151862095,5.240815230610341,5.240815230610341
R0,1,S2,Basis,third,3,1785657600000,1790496000000,336,False,10134.937606671092,10238.645842385773,103.708235714681,1.0232745354684436,114.26352457550796,3579.767867612612,0.07853283927271952,6648.140325566281,47.86347107244211,2026-08-02T08:00:00+00:00,2026-09-27T08:00:00+00:00,7.005132102072176,7.848593100725887,7.848593100725887
R0,1,S2,E42,month,2026-04,1776009600000,1777593600000,110,True,10000.0,10167.028946400587,167.0289464005873,1.6702894640058696,40.22663938079387,0.0,0.1331694265557783,10239.46418527933,32.59937464473404,2026-04-12T16:00:00+00:00,2026-05-01T00:00:00+00:00,2.9531266567463854,3.8090143974200075,3.8090143974200075
R0,1,S2,E42,month,2026-05,1777593600000,1780272000000,186,False,10167.028946400587,10394.834678779078,227.80573237849057,2.240632278903276,38.30895627242476,10394.834678779078,0.0,0.0,40.81705620061453,2026-05-01T00:00:00+00:00,2026-06-01T00:00:00+00:00,4.857687393750809,5.31680111183811,5.31680111183811
R0,1,S2,E42,month,2026-06,1780272000000,1782864000000,180,False,10394.834678779078,10199.92174344467,-194.91293533440876,-1.875094134323474,42.85061739856317,10199.92174344467,0.0,0.0,12.570487457643566,2026-06-01T00:00:00+00:00,2026-07-01T00:00:00+00:00,4.338630078295136,4.652544446881979,4.652544446881979
R0,1,S2,E42,month,2026-07,1782864000000,1785542400000,186,False,10199.92174344467,10035.52275318889,-164.3989902557787,-1.6117671722475246,47.31799766303751,10035.52275318889,0.0,0.0,27.734286797888643,2026-07-01T00:00:00+00:00,2026-08-01T00:00:00+00:00,3.8838015079896593,4.236931224113494,4.236931224113494
R0,1,S2,E42,month,2026-08,1785542400000,1788220800000,186,False,10035.52275318889,9967.486719871866,-68.0360333170247,-0.6779520607972822,71.18471653580589,0.0,0.1268430019394167,10009.622154116933,41.55385371240131,2026-08-01T00:00:00+00:00,2026-09-01T00:00:00+00:00,5.778758130699558,6.322239348060066,7.23041726618705
R0,1,S2,E42,month,2026-09,1788220800000,1790496000000,158,True,9967.486719871866,10006.243704492681,38.756984620815274,0.3888340733230855,57.67173626486008,3498.5124244220597,0.07675025981614347,6497.237359640967,55.81909153390281,2026-09-01T00:00:00+00:00,2026-09-27T08:00:00+00:00,7.005132102072209,7.84859310072592,7.84859310072592
R0,1,S2,E42,third,1,1776009600000,1780833600000,335,False,10000.0,10394.834678779078,394.8346787790779,3.9483467877907685,78.53559565321864,10394.834678779078,0.0,0.0,33.366876609656856,2026-04-12T16:00:00+00:00,2026-06-07T12:00:00+00:00,4.857687393750809,5.31680111183811,5.31680111183811
R0,1,S2,E42,third,2,1780833600000,1785657600000,335,False,10394.834678779078,10035.52275318889,-359.31192559018746,-3.4566391548652375,90.16861506160069,10035.52275318889,0.0,0.0,22.153030109800387,2026-06-07T12:00:00+00:00,2026-08-02T08:00:00+00:00,5.666703325498801,6.034087271982525,6.034087271982525
R0,1,S2,E42,third,3,1785657600000,1790496000000,336,False,10035.52275318889,10006.243704492681,-29.27904869620943,-0.2917540960873821,128.85645280066598,3498.5124244220597,0.07675025981614347,6497.237359640967,49.251289443045486,2026-08-02T08:00:00+00:00,2026-09-27T08:00:00+00:00,7.005132102072209,7.84859310072592,7.84859310072592
R0,1,S3,Basis,month,2026-04,1776009600000,1777593600000,110,True,10000.0,10395.887842217257,395.88784221725655,3.9588784221725737,37.83780445672201,0.0,0.1361670582217021,10430.654546687643,28.299547945053337,2026-04-12T16:00:00+00:00,2026-05-01T00:00:00+00:00,2.48241088494755,3.6216212192738406,3.6216212192738406
R0,1,S3,Basis,month,2026-05,1777593600000,1780272000000,186,False,10395.887842217257,10724.777126718182,328.889284500925,3.163647872049169,39.367452957998324,10724.777126718182,0.0,0.0,41.95470516539074,2026-05-01T00:00:00+00:00,2026-06-01T00:00:00+00:00,4.605152167004489,5.384181653410492,5.384181653410492
R0,1,S3,Basis,month,2026-06,1780272000000,1782864000000,180,False,10724.777126718182,10537.739827388195,-187.03729932998613,-1.7439737639305175,35.677211223784724,10537.739827388195,0.0,0.0,10.91530754098049,2026-06-01T00:00:00+00:00,2026-07-01T00:00:00+00:00,4.149974559808401,4.7644560319214495,4.7644560319214495
R0,1,S3,Basis,month,2026-07,1782864000000,1785542400000,186,False,10537.739827388195,10681.928777730554,144.18895034235902,1.368310023821273,35.35722170124794,1908.4359725423055,0.13951007420171024,8987.260141093906,27.859048211799607,2026-07-01T00:00:00+00:00,2026-08-01T00:00:00+00:00,3.393317376521743,4.127963248901234,4.127963248901234
R0,1,S3,Basis,month,2026-08,1785542400000,1788220800000,186,False,10681.928777730554,10753.61207252339,71.68329479283602,0.6710707053418918,67.05183170572168,0.0,0.1368469781104814,10785.902432654528,38.00819997757343,2026-08-01T00:00:00+00:00,2026-09-01T00:00:00+00:00,3.6287116934549224,4.340242715883624,5.348947021965545
R0,1,S3,Basis,month,2026-09,1788220800000,1790496000000,158,True,10753.61207252339,10963.07441637151,209.46234384811942,1.9478324346785536,57.66265808582456,3828.700503397358,0.08414069786857274,7110.443792023664,52.83500442593405,2026-09-01T00:00:00+00:00,2026-09-27T08:00:00+00:00,5.5738794473749635,6.588041420287105,6.588041420287105
R0,1,S3,Basis,third,1,1776009600000,1780833600000,335,False,10000.0,10724.777126718182,724.7771267181815,7.247771267181813,77.20525741472034,10724.777126718182,0.0,0.0,32.58664308871207,2026-04-12T16:00:00+00:00,2026-06-07T12:00:00+00:00,4.605152167004489,5.384181653410492,5.384181653410492
R0,1,S3,Basis,third,2,1780833600000,1785657600000,335,False,10724.777126718182,10664.390565612983,-60.38656110519878,-0.563056559513575,79.79915223741573,10664.390565612983,0.0,0.0,21.332950223197656,2026-06-07T12:00:00+00:00,2026-08-02T08:00:00+00:00,4.265153428002821,5.010355683992795,5.010355683992795
R0,1,S3,Basis,third,3,1785657600000,1790496000000,336,False,10664.390565612983,10963.07441637151,298.6838507585271,2.800758739290976,115.94977047916318,3828.700503397358,0.08414069786857274,7110.443792023664,45.88528540216142,2026-08-02T08:00:00+00:00,2026-09-27T08:00:00+00:00,5.5738794473749635,6.588041420287105,6.588041420287105
R0,1,S3,E42,month,2026-04,1776009600000,1777593600000,110,True,10000.0,10404.323623277567,404.3236232775671,4.043236232775671,38.35206260594357,0.0,0.13627755147713336,10439.118539316947,28.444926685583624,2026-04-12T16:00:00+00:00,2026-05-01T00:00:00+00:00,2.482410884947539,3.6216212192738295,3.6216212192738295
R0,1,S3,E42,month,2026-05,1777593600000,1780272000000,186,False,10404.323623277567,10757.219551300492,352.89592802292464,3.391819985620126,44.72372759775294,10757.219551300492,0.0,0.0,43.32394700387626,2026-05-01T00:00:00+00:00,2026-06-01T00:00:00+00:00,4.605152167004478,5.3841816534105025,5.3841816534105025
R0,1,S3,E42,month,2026-06,1780272000000,1782864000000,180,False,10757.219551300492,10569.616464597406,-187.60308670308586,-1.7439737639305286,35.785134700492804,10569.616464597406,0.0,0.0,10.91530754098049,2026-06-01T00:00:00+00:00,2026-07-01T00:00:00+00:00,4.149974559808378,4.764456031921482,4.764456031921482
R0,1,S3,E42,month,2026-07,1782864000000,1785542400000,186,False,10569.616464597406,10714.241586161957,144.6251215645516,1.3683100238212953,35.464177210432844,1914.2089866924216,0.13993209183501712,9014.446581043569,27.859048211799603,2026-07-01T00:00:00+00:00,2026-08-01T00:00:00+00:00,3.3933173765217317,4.127963248901223,4.127963248901223
R0,1,S3,E42,month,2026-08,1785542400000,1788220800000,186,False,10714.241586161957,10963.431204498787,249.18961833682988,2.325779350156454,85.3589267203137,0.0,0.13951706830593882,10996.14723543763,40.91180747935019,2026-08-01T00:00:00+00:00,2026-09-01T00:00:00+00:00,3.7908999247507125,4.527345286294338,7.061309007518435
R0,1,S3,E42,month,2026-09,1788220800000,1790496000000,158,True,10963.431204498787,11131.589769690097,168.15856519131012,1.533813293071118,64.12198055477586,3887.5521351182524,0.08543403939771727,7219.739679505326,53.32046971867379,2026-09-01T00:00:00+00:00,2026-09-27T08:00:00+00:00,5.924279417839817,6.593268317325718,6.593268317325718
R0,1,S3,E42,third,1,1776009600000,1780833600000,335,False,10000.0,10757.219551300492,757.2195513004917,7.57219551300492,83.07579020369651,10757.219551300492,0.0,0.0,33.39461515861249,2026-04-12T16:00:00+00:00,2026-06-07T12:00:00+00:00,4.605152167004478,5.3841816534105025,5.3841816534105025
R0,1,S3,E42,third,2,1780833600000,1785657600000,335,False,10757.219551300492,10696.650320995619,-60.56923030487269,-0.5630565595135639,80.04054447779572,10696.650320995619,0.0,0.0,21.332950223197656,2026-06-07T12:00:00+00:00,2026-08-02T08:00:00+00:00,4.265153428002833,5.010355683992818,5.010355683992818
R0,1,S3,E42,third,3,1785657600000,1790496000000,336,False,10696.650320995619,11131.589769690097,434.9394486944784,4.066127578656742,140.68967470821948,3887.5521351182524,0.08543403939771727,7219.739679505326,47.72092382949284,2026-08-02T08:00:00+00:00,2026-09-27T08:00:00+00:00,5.924279417839817,6.593268317325718,7.061309007518435
R0,1,S4,Basis,month,2026-04,1776009600000,1777593600000,110,True,10000.0,10244.918726560796,244.91872656079613,2.449187265607966,37.5670755449551,0.0,0.13418963977767168,10320.248645980751,28.298662080826546,2026-04-12T16:00:00+00:00,2026-05-01T00:00:00+00:00,2.574085942590365,3.6209093754328348,3.6209093754328348
R0,1,S4,Basis,month,2026-05,1777593600000,1780272000000,186,False,10244.918726560796,10417.443820037077,172.52509347628074,1.6840064629209284,38.47898479066921,10417.443820037077,0.0,0.0,41.978175120677605,2026-05-01T00:00:00+00:00,2026-06-01T00:00:00+00:00,5.218130516292662,5.61423320741884,5.61423320741884
R0,1,S4,Basis,month,2026-06,1780272000000,1782864000000,180,False,10417.443820037077,10101.026377095022,-316.41744294205455,-3.037380843210813,34.408470994142384,10101.026377095022,0.0,0.0,10.906566030129833,2026-06-01T00:00:00+00:00,2026-07-01T00:00:00+00:00,4.769551106734515,5.111964811561687,5.111964811561687
R0,1,S4,Basis,month,2026-07,1782864000000,1785542400000,186,False,10101.026377095022,10105.445637778968,4.4192606839460495,0.04375061027428462,33.65817922127573,1806.2754289037775,0.1319677211073929,8535.352161618763,27.839305920390782,2026-07-01T00:00:00+00:00,2026-08-01T00:00:00+00:00,3.392987211038123,4.127563345818275,4.127563345818275
R0,1,S4,Basis,month,2026-08,1785542400000,1788220800000,186,False,10105.445637778968,9919.24483979936,-186.20079797960898,-1.8425787902267454,62.61178624055575,0.0,0.12622909142620795,9988.768325311516,38.01183724088372,2026-08-01T00:00:00+00:00,2026-09-01T00:00:00+00:00,4.86552477963621,5.065830019008255,5.352499332280591
R0,1,S4,Basis,month,2026-09,1788220800000,1790496000000,158,True,9919.24483979936,9899.676419605665,-19.568420193694692,-0.19727731807949178,52.59690057624687,3466.3017033882434,0.07587332047289715,6437.417449149596,52.81886712051431,2026-09-01T00:00:00+00:00,2026-09-27T08:00:00+00:00,7.119692268507249,7.671726987103544,7.671726987103544
R0,1,S4,Basis,third,1,1776009600000,1780833600000,335,False,10000.0,10417.443820037077,417.4438200370769,4.174438200370778,76.04606033562432,10417.443820037077,0.0,0.0,32.599383287573005,2026-04-12T16:00:00+00:00,2026-06-07T12:00:00+00:00,5.218130516292662,5.61423320741884,5.61423320741884
R0,1,S4,Basis,third,2,1780833600000,1785657600000,335,False,10417.443820037077,10055.692112376764,-361.7517076603126,-3.4725573174151814,76.32432457324893,10055.692112376764,0.0,0.0,21.317291900346437,2026-06-07T12:00:00+00:00,2026-08-02T08:00:00+00:00,5.348569558730509,5.817496834560599,5.817496834560599
R0,1,S4,Basis,third,3,1785657600000,1790496000000,336,False,10055.692112376764,9899.676419605665,-156.01569277109957,-1.5515162062198828,106.9510124589718,3466.3017033882434,0.07587332047289715,6437.417449149596,45.87971051144533,2026-08-02T08:00:00+00:00,2026-09-27T08:00:00+00:00,7.119692268507249,7.671726987103544,7.671726987103544
R0,1,S4,E42,month,2026-04,1776009600000,1777593600000,110,True,10000.0,10251.144259551593,251.14425955159277,2.5114425955159225,38.06380385959272,0.0,0.13427118283835923,10326.519954727419,28.44120670379363,2026-04-12T16:00:00+00:00,2026-05-01T00:00:00+00:00,2.595888310107086,3.6209093754328348,3.6209093754328348
R0,1,S4,E42,month,2026-05,1777593600000,1780272000000,186,False,10251.144259551593,10426.880718781342,175.73645922974902,1.714310664060803,43.706247190000916,10426.880718781342,0.0,0.0,43.35575454401703,2026-05-01T00:00:00+00:00,2026-06-01T00:00:00+00:00,5.218130516292662,5.61423320741884,5.61423320741884
R0,1,S4,E42,month,2026-06,1780272000000,1782864000000,180,False,10426.880718781342,10110.176641284637,-316.7040774967045,-3.0373808432107907,34.439640757313285,10110.176641284637,0.0,0.0,10.906566030129833,2026-06-01T00:00:00+00:00,2026-07-01T00:00:00+00:00,4.7695511067345375,5.111964811561687,5.111964811561687
R0,1,S4,E42,month,2026-07,1782864000000,1785542400000,186,False,10110.176641284637,10114.599905265008,4.423263980370393,0.04375061027428462,33.68866931411565,1807.911688107214,0.132087267326515,8543.084121155798,27.839305920390782,2026-07-01T00:00:00+00:00,2026-08-01T00:00:00+00:00,3.392987211038123,4.127563345818253,4.127563345818253
R0,1,S4,E42,month,2026-08,1785542400000,1788220800000,186,False,10114.599905265008,10026.594938780103,-88.0049664849048,-0.87007857264918,79.23886331575864,0.0,0.12759519395494912,10096.62273485263,40.914705097235974,2026-08-01T00:00:00+00:00,2026-09-01T00:00:00+00:00,5.17063340154178,5.319300404297856,7.072477290107104
R0,1,S4,E42,month,2026-09,1788220800000,1790496000000,158,True,10026.594938780103,9946.81142803251,-79.78351074759303,-0.7957188979382468,57.95180522314948,3482.8056933242806,0.07623457365414053,6468.067716173664,53.31108055005511,2026-09-01T00:00:00+00:00,2026-09-27T08:00:00+00:00,7.5852473889619905,8.22068195042699,8.22068195042699
R0,1,S4,E42,third,1,1776009600000,1780833600000,335,False,10000.0,10426.880718781342,426.8807187813418,4.268807187813417,81.77005104959363,10426.880718781342,0.0,0.0,33.41105397792378,2026-04-12T16:00:00+00:00,2026-06-07T12:00:00+00:00,5.218130516292662,5.61423320741884,5.61423320741884
R0,1,S4,E42,third,2,1780833600000,1785657600000,335,False,10426.880718781342,10064.801309403148,-362.0794093781933,-3.4725573174151703,76.39346484750094,10064.801309403148,0.0,0.0,21.31729190034643,2026-06-07T12:00:00+00:00,2026-08-02T08:00:00+00:00,5.3485695587305315,5.817496834560599,5.817496834560599
R0,1,S4,E42,third,3,1785657600000,1790496000000,336,False,10064.801309403148,9946.81142803251,-117.98988137063861,-1.1723021423225233,128.92551376283612,3482.8056933242806,0.07623457365414053,6468.067716173664,47.7181127231982,2026-08-02T08:00:00+00:00,2026-09-27T08:00:00+00:00,7.5852473889619905,8.22068195042699,8.22068195042699
R0,2,S0,Basis,month,2026-07,1783252800000,1785542400000,159,True,10000.0,10122.148223314925,122.14822331492542,1.2214822331492625,41.83519593130927,10122.148223314925,0.0,0.0,31.681531811651148,2026-07-05T12:00:00+00:00,2026-08-01T00:00:00+00:00,3.395346840070468,4.130421368606541,4.130421368606541
R0,2,S0,Basis,month,2026-08,1785542400000,1788220800000,186,False,10122.148223314925,10433.771417904905,311.6231945899799,3.0786270632967128,61.27531437383391,0.0,0.13277678971552778,10425.970937181108,39.44754381175711,2026-08-01T00:00:00+00:00,2026-09-01T00:00:00+00:00,4.381321050038601,4.906091802717261,7.23041726618704
R0,2,S0,Basis,month,2026-09,1788220800000,1790496000000,158,True,10433.771417904905,10824.081630212204,390.31021230729857,3.740835376530338,56.21877609587191,3772.1889672371854,0.08316793837759924,7005.493796297631,55.353532073748696,2026-09-01T00:00:00+00:00,2026-09-27T08:00:00+00:00,5.596682350592919,6.768422766241711,6.768422766241711
R0,2,S0,Basis,third,1,1783252800000,1785657600000,167,False,10000.0,10122.148223314925,122.14822331492542,1.2214822331492625,41.83519593130927,10122.148223314925,0.0,0.0,30.16385364103313,2026-07-05T12:00:00+00:00,2026-08-02T08:00:00+00:00,3.395346840070468,4.130421368606541,4.130421368606541
R0,2,S0,Basis,third,2,1785657600000,1788076800000,168,False,10122.148223314925,10402.750190048098,280.60196673317296,2.7721582468714034,56.842502423907945,4432.811949925965,0.07642205688986065,5993.158987255143,39.74817739005209,2026-08-02T08:00:00+00:00,2026-08-30T08:00:00+00:00,4.381321050038601,4.906091802717261,7.23041726618704
R0,2,S0,Basis,third,3,1788076800000,1790496000000,168,False,10402.750190048098,10824.081630212204,421.3314401641055,4.050192809274389,60.65158804579788,3772.1889672371854,0.08316793837759924,7005.493796297631,55.984567947085516,2026-08-30T08:00:00+00:00,2026-09-27T08:00:00+00:00,5.596682350592919,6.768422766241711,6.768422766241711
R0,2,S0,E42,month,2026-07,1783252800000,1785542400000,159,True,10000.0,10068.607010516816,68.60701051681644,0.6860701051681684,46.93893570047887,10068.607010516816,0.0,0.0,32.41795143755364,2026-07-05T12:00:00+00:00,2026-08-01T00:00:00+00:00,3.4128300672639056,4.151596813264858,4.151596813264858
R0,2,S0,E42,month,2026-08,1785542400000,1788220800000,186,False,10068.607010516816,10365.921824700117,297.31481418330077,2.9528892514401495,72.82159777360125,0.0,0.13191335780692984,10358.009590052436,41.55197401800297,2026-08-01T00:00:00+00:00,2026-09-01T00:00:00+00:00,4.550730186194441,5.101294839402248,7.23041726618704
R0,2,S0,E42,month,2026-09,1788220800000,1790496000000,158,True,10365.921824700117,10712.6950888416,346.7732641414823,3.34532007867534,60.87429826070224,3733.370793390075,0.08231208849349017,6933.402902010139,55.82522837973622,2026-09-01T00:00:00+00:00,2026-09-27T08:00:00+00:00,5.596682350592919,6.768422766241722,6.768422766241722
R0,2,S0,E42,third,1,1783252800000,1785657600000,167,False,10000.0,10068.607010516816,68.60701051681644,0.6860701051681684,46.93893570047887,10068.607010516816,0.0,0.0,30.864995680066038,2026-07-05T12:00:00+00:00,2026-08-02T08:00:00+00:00,3.4128300672639056,4.151596813264858,4.151596813264858
R0,2,S0,E42,third,2,1785657600000,1788076800000,168,False,10068.607010516816,10334.731746856123,266.12473633930676,2.643113750107995,68.4714833798921,4350.114393709142,0.07660996637326839,6007.895196343295,42.053341609929284,2026-08-02T08:00:00+00:00,2026-08-30T08:00:00+00:00,4.550730186194441,5.101294839402248,7.23041726618704
R0,2,S0,E42,third,3,1788076800000,1790496000000,168,False,10334.731746856123,10712.6950888416,377.9633419854763,3.65721482902015,65.22441265441138,3733.370793390075,0.08231208849349017,6933.402902010139,56.452927743325915,2026-08-30T08:00:00+00:00,2026-09-27T08:00:00+00:00,5.596682350592919,6.768422766241722,6.768422766241722
R0,2,S1,Basis,month,2026-07,1783252800000,1785542400000,159,True,10000.0,10080.666005814215,80.66600581421517,0.8066600581421612,41.741559360015984,10080.666005814215,0.0,0.0,31.676179322637417,2026-07-05T12:00:00+00:00,2026-08-01T00:00:00+00:00,3.3952626663563135,4.130319416269968,4.130319416269968
R0,2,S1,Basis,month,2026-08,1785542400000,1788220800000,186,False,10080.666005814215,10328.331653086712,247.66564727249715,2.456838140750328,60.835098803226096,0.0,0.13143499747951087,10330.927913467016,39.448934466712984,2026-08-01T00:00:00+00:00,2026-09-01T00:00:00+00:00,4.6228354865181736,5.146403281365486,7.23041726618704
R0,2,S1,Basis,month,2026-09,1788220800000,1790496000000,158,True,10328.331653086712,10657.74088207362,329.4092289869077,3.1893750128411114,55.49451520976649,3716.63824204191,0.08186131358318346,6902.328163792118,55.350637504845736,2026-09-01T00:00:00+00:00,2026-09-27T08:00:00+00:00,5.879935442505479,6.9412809951388095,6.9412809951388095
R0,2,S1,Basis,third,1,1783252800000,1785657600000,167,False,10000.0,10080.666005814215,80.66600581421517,0.8066600581421612,41.741559360015984,10080.666005814215,0.0,0.0,30.15875755867874,2026-07-05T12:00:00+00:00,2026-08-02T08:00:00+00:00,3.3952626663563135,4.130319416269968,4.130319416269968
R0,2,S1,Basis,third,2,1785657600000,1788076800000,168,False,10080.666005814215,10302.00488969184,221.33888387762454,2.1956771878957504,56.443589584484776,4391.509218741314,0.07566112382486144,5939.418694725702,39.75046873289023,2026-08-02T08:00:00+00:00,2026-08-30T08:00:00+00:00,4.6228354865181736,5.146403281365486,7.23041726618704
R0,2,S1,Basis,third,3,1788076800000,1790496000000,168,False,10302.00488969184,10657.74088207362,355.7359923817803,3.453075359513069,59.8860244285078,3716.63824204191,0.08186131358318346,6902.328163792118,55.98109398481359,2026-08-30T08:00:00+00:00,2026-09-27T08:00:00+00:00,5.879935442505479,6.9412809951388095,6.9412809951388095
R0,2,S1,E42,month,2026-07,1783252800000,1785542400000,159,True,10000.0,10022.217363317806,22.217363317806303,0.22217363317806882,46.82848468383808,10022.217363317806,0.0,0.0,32.42310730905449,2026-07-05T12:00:00+00:00,2026-08-01T00:00:00+00:00,3.414420078716718,4.153522566333878,4.153522566333878
R0,2,S1,E42,month,2026-08,1785542400000,1788220800000,186,False,10022.217363317806,10244.214220256685,221.9968569388784,2.215047318285146,72.20369366151368,0.0,0.1303645463221167,10246.619828679493,41.55234552198642,2026-08-01T00:00:00+00:00,2026-09-01T00:00:00+00:00,4.7981049501587325,5.347242711349443,7.23041726618705
R0,2,S1,E42,month,2026-09,1788220800000,1790496000000,158,True,10244.214220256685,10525.634040591798,281.4198203351134,2.747109873772846,59.980943590318965,3670.569066170637,0.08084661077733676,6816.771122888325,55.8239892866011,2026-09-01T00:00:00+00:00,2026-09-27T08:00:00+00:00,5.879935442505479,6.941280995138799,6.941280995138799
R0,2,S1,E42,third,1,1783252800000,1785657600000,167,False,10000.0,10022.217363317806,22.217363317806303,0.22217363317806882,46.82848468383808,10022.217363317806,0.0,0.0,30.86990456371056,2026-07-05T12:00:00+00:00,2026-08-02T08:00:00+00:00,3.414420078716718,4.153522566333878,4.153522566333878
R0,2,S1,E42,third,2,1785657600000,1788076800000,168,False,10022.217363317806,10217.659506064108,195.44214274630212,1.9500888442276043,67.90415194209945,4299.541719414236,0.07575869564824847,5947.078109265258,42.05314988441366,2026-08-02T08:00:00+00:00,2026-08-30T08:00:00+00:00,4.7981049501587325,5.347242711349443,7.23041726618705
R0,2,S1,E42,third,3,1788076800000,1790496000000,168,False,10217.659506064108,10525.634040591798,307.9745345276897,3.01413972881861,64.28048530973321,3670.569066170637,0.08084661077733676,6816.771122888325,56.45236543923185,2026-08-30T08:00:00+00:00,2026-09-27T08:00:00+00:00,5.879935442505479,6.941280995138799,6.941280995138799
R0,2,S2,Basis,month,2026-07,1783252800000,1785542400000,159,True,10000.0,9916.57473633533,-83.42526366467064,-0.834252636646704,41.37022492148602,9916.57473633533,0.0,0.0,31.654832860779756,2026-07-05T12:00:00+00:00,2026-08-01T00:00:00+00:00,3.5493844310206857,4.129911657249041,4.129911657249041
R0,2,S2,Basis,month,2026-08,1785542400000,1788220800000,186,False,9916.57473633533,9917.527815775737,0.9530794404072367,0.009610974209817158,59.10897470884363,0.0,0.12620724113559012,9959.650895418214,39.45455784681127,2026-08-01T00:00:00+00:00,2026-09-01T00:00:00+00:00,5.581372932231899,6.100164912352868,7.23041726618705
R0,2,S2,Basis,month,2026-09,1788220800000,1790496000000,158,True,9917.527815775737,10018.048520402936,100.52070462719894,1.0135661476774693,52.69267864758886,3502.6397769381188,0.07684080555088177,6504.902442885078,55.3391045622383,2026-09-01T00:00:00+00:00,2026-09-27T08:00:00+00:00,7.005132102072209,7.84859310072592,7.84859310072592
R0,2,S2,Basis,third,1,1783252800000,1785657600000,167,False,10000.0,9916.57473633533,-83.42526366467064,-0.834252636646704,41.37022492148602,9916.57473633533,0.0,0.0,30.138433681820246,2026-07-05T12:00:00+00:00,2026-08-02T08:00:00+00:00,3.5493844310206857,4.129911657249041,4.129911657249041
R0,2,S2,Basis,third,2,1785657600000,1788076800000,168,False,9916.57473633533,9909.05809666225,-7.516639673080135,-0.07579874979954937,54.87871941110317,4230.255297740465,0.07269518931516147,5729.395597677748,39.75969724777433,2026-08-02T08:00:00+00:00,2026-08-30T08:00:00+00:00,5.581372932231899,6.100164912352868,7.23041726618705
R0,2,S2,Basis,third,3,1788076800000,1790496000000,168,False,9909.05809666225,10018.048520402936,108.99042374068631,1.0999070010236256,56.922933945329326,3502.6397769381188,0.07684080555088177,6504.902442885078,55.96724489710988,2026-08-30T08:00:00+00:00,2026-09-27T08:00:00+00:00,7.005132102072209,7.84859310072592,7.84859310072592
R0,2,S2,E42,month,2026-07,1783252800000,1785542400000,159,True,10000.0,9838.82328277524,-161.17671722476007,-1.6117671722476024,46.39054970539164,9838.82328277524,0.0,0.0,32.44388266922822,2026-07-05T12:00:00+00:00,2026-08-01T00:00:00+00:00,3.883801507989715,4.236931224113539,4.236931224113539
R0,2,S2,E42,month,2026-08,1785542400000,1788220800000,186,False,9838.82328277524,9772.120777571454,-66.70250520378613,-0.677952060797371,69.78947321978733,0.0,0.12435683834627116,9813.430343767044,41.55385371240131,2026-08-01T00:00:00+00:00,2026-09-01T00:00:00+00:00,5.778758130699558,6.3222393480600765,7.23041726618704
R0,2,S2,E42,month,2026-09,1788220800000,1790496000000,158,True,9772.120777571454,9810.118112840937,37.9973352694833,0.3888340733230855,56.54135170392335,3429.9404568182035,0.07524593006360031,6369.889419805238,55.81909153390281,2026-09-01T00:00:00+00:00,2026-09-27T08:00:00+00:00,7.0051321020721975,7.848593100725898,7.848593100725898
R0,2,S2,E42,third,1,1783252800000,1785657600000,167,False,10000.0,9838.82328277524,-161.17671722476007,-1.6117671722476024,46.39054970539164,9838.82328277524,0.0,0.0,30.889684697049624,2026-07-05T12:00:00+00:00,2026-08-02T08:00:00+00:00,3.883801507989715,4.236931224113539,4.236931224113539
R0,2,S2,E42,third,2,1785657600000,1788076800000,168,False,9838.82328277524,9763.007432088238,-75.81585068700224,-0.7705784371565327,65.68619956429008,4103.273655497247,0.07245108395748727,5710.156688269798,42.05240489534591,2026-08-02T08:00:00+00:00,2026-08-30T08:00:00+00:00,5.778758130699558,6.3222393480600765,7.23041726618704
R0,2,S2,E42,third,3,1788076800000,1790496000000,168,False,9763.007432088238,9810.118112840937,47.11068075269941,0.4825427111512681,60.644625359420594,3429.9404568182035,0.07524593006360031,6369.889419805238,56.45017399074508,2026-08-30T08:00:00+00:00,2026-09-27T08:00:00+00:00,7.0051321020721975,7.848593100725898,7.848593100725898
R0,2,S3,Basis,month,2026-07,1783252800000,1785542400000,159,True,10000.0,10136.831002382127,136.83100238212683,1.368310023821273,33.552946153929966,1811.0486724887342,0.13239088883093839,8528.641139664025,32.58982998361463,2026-07-05T12:00:00+00:00,2026-08-01T00:00:00+00:00,3.393317376521743,4.127963248901223,4.127963248901223
R0,2,S3,Basis,month,2026-08,1785542400000,1788220800000,186,False,10136.831002382127,10204.856305689133,68.02530330700574,0.6710707053419362,63.630183325887494,0.0,0.12986369027142636,10235.49889191736,38.00819997757343,2026-08-01T00:00:00+00:00,2026-09-01T00:00:00+00:00,3.628711693454878,4.3402427158836465,5.3489470219655555
R0,2,S3,Basis,month,2026-09,1788220800000,1790496000000,158,True,10204.856305689133,10403.629806723686,198.7735010345532,1.9478324346785536,54.720138312730015,3633.3222931224263,0.07984700632851671,6747.598544370219,52.83500442593405,2026-09-01T00:00:00+00:00,2026-09-27T08:00:00+00:00,5.5738794473749635,6.588041420287105,6.588041420287105
R0,2,S3,Basis,third,1,1783252800000,1785657600000,167,False,10000.0,10120.18776350467,120.18776350466942,1.2018776350466887,41.87040270149347,10120.18776350467,0.0,0.0,31.028640523321712,2026-07-05T12:00:00+00:00,2026-08-02T08:00:00+00:00,3.393317376521743,4.127963248901223,4.127963248901223
R0,2,S3,Basis,third,2,1785657600000,1788076800000,168,False,10120.18776350467,10196.245317774048,76.05755426937867,0.7515429164630438,50.967782316881184,4344.94446144281,0.07490336230230213,5890.554430474548,38.406882640750894,2026-08-02T08:00:00+00:00,2026-08-30T08:00:00+00:00,3.628711693454878,4.3402427158836465,5.3489470219655555
R0,2,S3,Basis,third,3,1788076800000,1790496000000,168,False,10196.245317774048,10403.629806723686,207.38448894963767,2.033929966240877,59.06508277417282,3633.3222931224263,0.07984700632851671,6747.598544370219,53.36368816357197,2026-08-30T08:00:00+00:00,2026-09-27T08:00:00+00:00,5.5738794473749635,6.588041420287105,6.588041420287105
R0,2,S3,E42,month,2026-07,1783252800000,1785542400000,159,True,10000.0,10136.831002382127,136.83100238212683,1.368310023821273,33.552946153929966,1811.0486724887342,0.13239088883093839,8528.641139664025,32.58982998361463,2026-07-05T12:00:00+00:00,2026-08-01T00:00:00+00:00,3.393317376521743,4.127963248901223,4.127963248901223
R0,2,S3,E42,month,2026-08,1785542400000,1788220800000,186,False,10136.831002382127,10372.591324595784,235.76032221365676,2.3257793501564095,80.7587739878932,0.0,0.13199823169861152,10403.54422723745,40.91180747935019,2026-08-01T00:00:00+00:00,2026-09-01T00:00:00+00:00,3.7908999247506903,4.527345286294315,7.061309007518446
R0,2,S3,E42,month,2026-09,1788220800000,1790496000000,158,True,10372.591324595784,10531.687509168374,159.09618457259057,1.533813293071118,60.666326701210366,3678.0446557729715,0.08082983870216653,6830.6543607212325,53.32046971867379,2026-09-01T00:00:00+00:00,2026-09-27T08:00:00+00:00,5.9242794178398395,6.5932683173257285,6.5932683173257285
R0,2,S3,E42,third,1,1783252800000,1785657600000,167,False,10000.0,10120.18776350467,120.18776350466942,1.2018776350466887,41.87040270149347,10120.18776350467,0.0,0.0,31.028640523321712,2026-07-05T12:00:00+00:00,2026-08-02T08:00:00+00:00,3.393317376521743,4.127963248901223,4.127963248901223
R0,2,S3,E42,third,2,1785657600000,1788076800000,168,False,10120.18776350467,10363.400677260104,243.21291375543478,2.403245072512461,68.06188111497917,4379.436325350536,0.07660160720844834,6024.107901886912,41.60260898701275,2026-08-02T08:00:00+00:00,2026-08-30T08:00:00+00:00,3.7908999247506903,4.527345286294315,7.061309007518446
R0,2,S3,E42,third,3,1788076800000,1790496000000,168,False,10363.400677260104,10531.687509168374,168.28683190826996,1.6238572371087834,65.0457630265609,3678.0446557729715,0.08082983870216653,6830.6543607212325,53.83923867197293,2026-08-30T08:00:00+00:00,2026-09-27T08:00:00+00:00,5.9242794178398395,6.5932683173257285,6.5932683173257285
R0,2,S4,Basis,month,2026-07,1783252800000,1785542400000,159,True,10000.0,10004.375061027426,4.375061027425545,0.043750610274262414,33.321543736979685,1788.2097932143497,0.13064783337923105,8449.985024267862,32.56673522762695,2026-07-05T12:00:00+00:00,2026-08-01T00:00:00+00:00,3.3929872110381343,4.127563345818263,4.127563345818263
R0,2,S4,Basis,month,2026-08,1785542400000,1788220800000,186,False,10004.375061027426,9820.036568058198,-184.33849296922745,-1.8425787902267676,61.985568498794855,0.0,0.12496659914921476,9888.86470781022,38.01183724088371,2026-08-01T00:00:00+00:00,2026-09-01T00:00:00+00:00,4.865524779636243,5.065830019008278,5.352499332280591
R0,2,S4,Basis,month,2026-09,1788220800000,1790496000000,158,True,9820.036568058198,9800.663863282309,-19.37270477588936,-0.19727731807948068,52.07084766704005,3431.6331568526434,0.07511446623379445,6373.033005583482,52.81886712051431,2026-09-01T00:00:00+00:00,2026-09-27T08:00:00+00:00,7.119692268507249,7.671726987103556,7.671726987103556
R0,2,S4,Basis,third,1,1783252800000,1785657600000,167,False,10000.0,9955.119150246886,-44.88084975311358,-0.44880849753113905,41.4966281784537,9955.119150246886,0.0,0.0,31.00665210295021,2026-07-05T12:00:00+00:00,2026-08-02T08:00:00+00:00,3.6530833225041137,4.127563345818263,4.127563345818263
R0,2,S4,Basis,third,2,1785657600000,1788076800000,168,False,9955.119150246886,9828.404682961549,-126.71446728533738,-1.2728573648683517,49.61605135689009,4194.4327004307515,0.0721213034451829,5694.43200737947,38.414307509969355,2026-08-02T08:00:00+00:00,2026-08-30T08:00:00+00:00,4.394818688339342,4.865247774607296,5.352499332280591
R0,2,S4,Basis,third,3,1788076800000,1790496000000,168,False,9828.404682961549,9800.663863282309,-27.740819679240303,-0.28225150036130797,56.2652803674708,3431.6331568526434,0.07511446623379445,6373.033005583482,53.345113512921316,2026-08-30T08:00:00+00:00,2026-09-27T08:00:00+00:00,7.119692268507249,7.671726987103556,7.671726987103556
R0,2,S4,E42,month,2026-07,1783252800000,1785542400000,159,True,10000.0,10004.375061027426,4.375061027425545,0.043750610274262414,33.321543736979685,1788.2097932143497,0.13064783337923105,8449.985024267862,32.56673522762695,2026-07-05T12:00:00+00:00,2026-08-01T00:00:00+00:00,3.3929872110381343,4.127563345818263,4.127563345818263
R0,2,S4,E42,month,2026-08,1785542400000,1788220800000,186,False,10004.375061027426,9917.329137293968,-87.04592373345804,-0.87007857264918,78.37535003314265,0.0,0.1262047128176945,9986.593798592336,40.914705097235974,2026-08-01T00:00:00+00:00,2026-09-01T00:00:00+00:00,5.170633401541802,5.319300404297866,7.072477290107093
R0,2,S4,E42,month,2026-09,1788220800000,1790496000000,158,True,9917.329137293968,9838.415075177787,-78.9140621161805,-0.7957188979382135,57.32026974336414,3444.8514767806687,0.07540379991269261,6397.581314021242,53.31108055005511,2026-09-01T00:00:00+00:00,2026-09-27T08:00:00+00:00,7.585247388961958,8.220681950427,8.220681950427
R0,2,S4,E42,third,1,1783252800000,1785657600000,167,False,10000.0,9955.119150246886,-44.88084975311358,-0.44880849753113905,41.4966281784537,9955.119150246886,0.0,0.0,31.00665210295021,2026-07-05T12:00:00+00:00,2026-08-02T08:00:00+00:00,3.6530833225041137,4.127563345818263,4.127563345818263
R0,2,S4,E42,third,2,1785657600000,1788076800000,168,False,9955.119150246886,9925.03978429769,-30.079365949195562,-0.30214973316968763,66.01114127906206,4189.124312606583,0.07342629703386042,5797.469485985752,41.60308372968112,2026-08-02T08:00:00+00:00,2026-08-30T08:00:00+00:00,4.701436925833846,5.132056305204502,7.072477290107093
R0,2,S4,E42,third,3,1788076800000,1790496000000,168,False,9925.03978429769,9838.415075177787,-86.62470911990386,-0.8727895404203045,61.50939405597072,3444.8514767806687,0.07540379991269261,6397.581314021242,53.83314171671528,2026-08-30T08:00:00+00:00,2026-09-27T08:00:00+00:00,7.585247388961958,8.220681950427,8.220681950427
R1,0,S0,Basis,month,2026-01,1768766400000,1769904000000,79,True,10000.0,9703.65427503324,-296.3457249667608,-2.9634572496676115,13.71036463967291,9703.65427503324,0.0,0.0,6.2939658246912185,2026-01-18T20:00:00+00:00,2026-02-01T00:00:00+00:00,2.9634572496676115,3.2626277468027154,3.2626277468027154
R1,0,S0,Basis,month,2026-02,1769904000000,1772323200000,168,False,9703.65427503324,9948.156088543863,244.50181351062383,2.51968801217195,11.20601835105478,0.0,0.14853922428957264,9726.686463508056,27.907550473911897,2026-02-01T00:00:00+00:00,2026-03-01T00:00:00+00:00,7.549813683021567,9.942772296665048,9.942772296665048
R1,0,S0,Basis,month,2026-03,1772323200000,1775001600000,186,False,9948.156088543863,10993.465874947387,1045.3097864035244,10.507573233669776,90.64123082472845,10993.465874947387,0.0,0.0,45.00459620275838,2026-03-01T00:00:00+00:00,2026-04-01T00:00:00+00:00,5.463832007944925,6.443688899167476,6.443688899167476
R1,0,S0,Basis,month,2026-04,1775001600000,1777593600000,180,False,10993.465874947387,11894.451010695253,900.9851357478656,8.195642266021741,110.35282921868432,0.0,0.1557954864337095,11919.423000656203,33.61386673099473,2026-04-01T00:00:00+00:00,2026-05-01T00:00:00+00:00,2.9123500308976813,3.8090143974200186,3.8090143974200186
R1,0,S0,Basis,month,2026-05,1777593600000,1780272000000,186,False,11894.451010695253,12383.526074095278,489.0750634000251,4.111791817548016,45.28368380720367,12383.526074095278,0.0,0.0,40.80020354425388,2026-05-01T00:00:00+00:00,2026-06-01T00:00:00+00:00,4.112819208634577,5.186129206062395,5.186129206062395
R1,0,S0,Basis,month,2026-06,1780272000000,1782864000000,180,False,12383.526074095278,12397.245665941511,13.719591846233016,0.11078905768957537,45.35472087034103,12397.245665941511,0.0,0.0,12.306030380351862,2026-06-01T00:00:00+00:00,2026-07-01T00:00:00+00:00,3.4252338367410373,4.137163937241306,4.137163937241306
R1,0,S0,Basis,month,2026-07,1782864000000,1785542400000,186,False,12397.245665941511,12548.675819150852,151.43015320934137,1.2214822331492625,51.86412014432379,12548.675819150852,0.0,0.0,27.082599774475987,2026-07-01T00:00:00+00:00,2026-08-01T00:00:00+00:00,3.3953468400704345,4.130421368606541,4.130421368606541
R1,0,S0,Basis,month,2026-08,1785542400000,1788220800000,186,False,12548.675819150852,12935.002749004594,386.3269298537416,3.078627063296646,75.96451255502159,0.0,0.16460664808384534,12925.33230142006,39.44754381175711,2026-08-01T00:00:00+00:00,2026-09-01T00:00:00+00:00,4.381321050038601,4.906091802717261,7.23041726618704
R1,0,S0,Basis,month,2026-09,1788220800000,1790683200000,171,True,12935.002749004594,13381.598027877413,446.5952788728191,3.4526106220363006,72.31510713759478,7293.165330898065,0.07217373545178873,6079.417932275161,54.76333657512984,2026-09-01T00:00:00+00:00,2026-09-29T12:00:00+00:00,5.596682350592941,6.768422766241711,6.768422766241711
R1,0,S0,Basis,third,1,1768766400000,1776067200000,507,False,10000.0,11469.840199046992,1469.840199046992,14.698401990469922,179.29577226841707,11469.840199046992,0.0,0.0,31.59963088299152,2026-01-18T20:00:00+00:00,2026-04-13T08:00:00+00:00,7.9166049347306755,9.942772296665048,9.942772296665048
R1,0,S0,Basis,third,2,1776067200000,1783368000000,507,False,11469.840199046992,12397.245665941511,927.4054668945191,8.085600590770014,137.2530754432681,12397.245665941511,0.0,0.0,26.4101640139601,2026-04-13T08:00:00+00:00,2026-07-06T20:00:00+00:00,4.721200034006834,5.668863981141503,5.668863981141503
R1,0,S0,Basis,third,3,1783368000000,1790683200000,508,False,12397.245665941511,13381.598027877413,984.3523619359021,7.9400891815847086,200.14373983694017,7293.165330898065,0.07217373545178873,6079.417932275161,42.79357728619401,2026-07-06T20:00:00+00:00,2026-09-29T12:00:00+00:00,6.374887272687668,6.969833737768849,7.23041726618704
R1,0,S0,E42,month,2026-01,1768766400000,1769904000000,79,True,10000.0,9703.65427503324,-296.3457249667608,-2.9634572496676115,13.71036463967291,9703.65427503324,0.0,0.0,6.2939658246912185,2026-01-18T20:00:00+00:00,2026-02-01T00:00:00+00:00,2.9634572496676115,3.2626277468027154,3.2626277468027154
R1,0,S0,E42,month,2026-02,1769904000000,1772323200000,168,False,9703.65427503324,9894.759465216694,191.1051901834544,1.969414663454705,15.8530690913005,0.0,0.14774194156319542,9677.718976312679,30.548705401919147,2026-02-01T00:00:00+00:00,2026-03-01T00:00:00+00:00,7.549813683021556,9.942772296665048,9.942772296665048
R1,0,S0,E42,month,2026-03,1772323200000,1775001600000,186,False,9894.759465216694,10994.873072821118,1100.113607604424,11.118144018272314,101.83563208351094,10994.873072821118,0.0,0.0,46.76478599321784,2026-03-01T00:00:00+00:00,2026-04-01T00:00:00+00:00,5.670446314740674,6.978691869882603,6.978691869882603
R1,0,S0,E42,month,2026-04,1775001600000,1777593600000,180,False,10994.873072821118,11906.179429264388,911.3063564432705,8.288466364345615,117.8074810736437,0.0,0.15594910719976532,11931.176042635907,34.01909186894289,2026-04-01T00:00:00+00:00,2026-05-01T00:00:00+00:00,2.9123500308976924,3.8090143974200186,3.8090143974200186
R1,0,S0,E42,month,2026-05,1777593600000,1780272000000,186,False,11906.179429264388,12395.73674081946,489.5573115550724,4.111791817547972,45.32833538444465,12395.73674081946,0.0,0.0,40.80020354425388,2026-05-01T00:00:00+00:00,2026-06-01T00:00:00+00:00,4.112819208634566,5.186129206062384,5.186129206062384
R1,0,S0,E42,month,2026-06,1780272000000,1782864000000,180,False,12395.73674081946,12415.07770451737,19.34096369791041,0.15602915826875563,51.61756906240828,12415.07770451737,0.0,0.0,12.576111275222274,2026-06-01T00:00:00+00:00,2026-07-01T00:00:00+00:00,3.4252338367410484,4.137163937241295,4.137163937241295
R1,0,S0,E42,month,2026-07,1782864000000,1785542400000,186,False,12415.07770451737,12500.253841181466,85.17613666409488,0.6860701051681906,58.275053408878975,12500.253841181466,0.0,0.0,27.71211977726359,2026-07-01T00:00:00+00:00,2026-08-01T00:00:00+00:00,3.4128300672638945,4.151596813264868,4.151596813264868
R1,0,S0,E42,month,2026-08,1785542400000,1788220800000,186,False,12500.253841181466,12869.372493260442,369.1186520789761,2.952889251440105,90.40857949263689,0.0,0.16377145874368368,12859.549392463712,41.55197401800297,2026-08-01T00:00:00+00:00,2026-09-01T00:00:00+00:00,4.550730186194452,5.101294839402248,7.230417266187061
R1,0,S0,E42,month,2026-09,1788220800000,1790683200000,171,True,12869.372493260442,13262.942895190434,393.57040192999193,3.0581941904012755,78.17199810506169,7228.496559780971,0.07153376822674531,6025.511504962746,55.19917292803059,2026-09-01T00:00:00+00:00,2026-09-29T12:00:00+00:00,5.596682350592941,6.768422766241722,6.768422766241722
R1,0,S0,E42,third,1,1768766400000,1776067200000,507,False,10000.0,11481.149933868252,1481.1499338682515,14.81149933868251,202.54591213720593,11481.149933868252,0.0,0.0,33.26442349396064,2026-01-18T20:00:00+00:00,2026-04-13T08:00:00+00:00,8.417653100638978,9.942772296665048,9.942772296665048
R1,0,S0,E42,third,2,1776067200000,1783368000000,507,False,11481.149933868252,12415.07770451737,933.9277706491193,8.134444511469408,143.60653919777505,12415.07770451737,0.0,0.0,26.50605072219812,2026-04-13T08:00:00+00:00,2026-07-06T20:00:00+00:00,4.721200034006811,5.668863981141492,5.668863981141492
R1,0,S0,E42,third,3,1783368000000,1790683200000,508,False,12415.07770451737,13262.942895190434,847.8651906730629,6.829318437246323,226.85563100657757,7228.496559780971,0.07153376822674531,6025.511504962746,43.941299245300804,2026-07-06T20:00:00+00:00,2026-09-29T12:00:00+00:00,6.529356043035806,7.125397122343169,7.230417266187061
R1,0,S1,Basis,month,2026-01,1768766400000,1769904000000,79,True,10000.0,9690.26036039781,-309.73963960219044,-3.097396396021901,13.696957317715526,9690.26036039781,0.0,0.0,6.29154144853151,2026-01-18T20:00:00+00:00,2026-02-01T00:00:00+00:00,3.097396396021901,3.336703553206899,3.336703553206899
R1,0,S1,Basis,month,2026-02,1769904000000,1772323200000,168,False,9690.26036039781,9922.935048055851,232.67468765804188,2.401119051547229,11.187553146224367,0.0,0.1481626405531977,9711.762715829569,27.901876255228753,2026-02-01T00:00:00+00:00,2026-03-01T00:00:00+00:00,7.5498136830215445,9.94277229666507,9.94277229666507
R1,0,S1,Basis,month,2026-03,1772323200000,1775001600000,186,False,9922.935048055851,10876.80041939536,953.8653713395088,9.612734203338302,90.0227567612581,10876.80041939536,0.0,0.0,45.004511903698464,2026-03-01T00:00:00+00:00,2026-04-01T00:00:00+00:00,5.681005401383132,6.658681732454541,6.658681732454541
R1,0,S1,Basis,month,2026-04,1775001600000,1777593600000,180,False,10876.80041939536,11653.824140021621,777.0237206262609,7.143862998908057,108.63569660094512,0.0,0.1526437158869301,11690.003090422395,33.61729696421428,2026-04-01T00:00:00+00:00,2026-05-01T00:00:00+00:00,3.1978285140670692,3.8090143974200186,3.8090143974200186
R1,0,S1,Basis,month,2026-05,1777593600000,1780272000000,186,False,11653.824140021621,12089.079582389075,435.2554423674537,3.7348722371113974,44.27586048375268,12089.079582389075,0.0,0.0,40.80355969573636,2026-05-01T00:00:00+00:00,2026-06-01T00:00:00+00:00,4.241311069548271,5.193216047488757,5.193216047488757
R1,0,S1,Basis,month,2026-06,1780272000000,1782864000000,180,False,12089.079582389075,12058.846647725919,-30.232934663155902,-0.2500846690363323,44.192534087047875,12058.846647725919,0.0,0.0,12.30466982253649,2026-06-01T00:00:00+00:00,2026-07-01T00:00:00+00:00,3.5303413002155337,4.204626037311144,4.204626037311144
R1,0,S1,Basis,month,2026-07,1782864000000,1785542400000,186,False,12058.846647725919,12156.120547105742,97.27389937982298,0.8066600581421834,50.33550631593813,12156.120547105742,0.0,0.0,27.078024259673917,2026-07-01T00:00:00+00:00,2026-08-01T00:00:00+00:00,3.3952626663563024,4.130319416269968,4.130319416269968
R1,0,S1,Basis,month,2026-08,1785542400000,1788220800000,186,False,12156.120547105742,12454.776753142622,298.65620603687967,2.456838140750306,73.3601127267358,0.0,0.15849544787496644,12457.907543720983,39.44893446671299,2026-08-01T00:00:00+00:00,2026-09-01T00:00:00+00:00,4.622835486518184,5.146403281365497,7.23041726618705
R1,0,S1,Basis,month,2026-09,1788220800000,1790683200000,171,True,12454.776753142622,12813.806527879868,359.02977473724604,2.8826672838327294,69.42526107001942,6984.607983958757,0.06910071188167088,5826.388178761417,54.75999807556475,2026-09-01T00:00:00+00:00,2026-09-29T12:00:00+00:00,5.879935442505435,6.941280995138765,6.941280995138765
R1,0,S1,Basis,third,1,1768766400000,1776067200000,507,False,10000.0,11282.416291555943,1282.4162915559427,12.824162915559434,177.78411549670625,11282.416291555943,0.0,0.0,31.598599786113624,2026-01-18T20:00:00+00:00,2026-04-13T08:00:00+00:00,8.498947944073432,9.94277229666507,9.94277229666507
R1,0,S1,Basis,third,2,1776067200000,1783368000000,507,False,11282.416291555943,12058.846647725919,776.4303561699762,6.8817736919623895,134.22724290023743,12058.846647725919,0.0,0.0,26.410872254167316,2026-04-13T08:00:00+00:00,2026-07-06T20:00:00+00:00,4.962264960392437,5.826375977863019,5.826375977863019
R1,0,S1,Basis,third,3,1783368000000,1790683200000,508,False,12058.846647725919,12813.806527879868,754.9598801539487,6.2606309061598475,193.12088011269336,6984.607983958757,0.06910071188167088,5826.388178761417,42.791287389821925,2026-07-06T20:00:00+00:00,2026-09-29T12:00:00+00:00,6.815915544032869,7.408049502671698,7.408049502671698
R1,0,S1,E42,month,2026-01,1768766400000,1769904000000,79,True,10000.0,9690.26036039781,-309.73963960219044,-3.097396396021901,13.696957317715526,9690.26036039781,0.0,0.0,6.29154144853151,2026-01-18T20:00:00+00:00,2026-02-01T00:00:00+00:00,3.097396396021901,3.336703553206899,3.336703553206899
R1,0,S1,E42,month,2026-02,1769904000000,1772323200000,168,False,9690.26036039781,9864.82416839501,174.56380799719955,1.8014356839224588,15.818917580313855,0.0,0.14729496769897432,9658.229136983418,30.546627277732206,2026-02-01T00:00:00+00:00,2026-03-01T00:00:00+00:00,7.5498136830215445,9.942772296665048,9.942772296665048
R1,0,S1,E42,month,2026-03,1772323200000,1775001600000,186,False,9864.82416839501,10861.951797199868,997.1276288048593,10.107910813042809,101.05452741524165,10861.951797199868,0.0,0.0,46.76709637844638,2026-03-01T00:00:00+00:00,2026-04-01T00:00:00+00:00,6.059517529366476,7.273300253272819,7.273300253272819
R1,0,S1,E42,month,2026-04,1775001600000,1777593600000,180,False,10861.951797199868,11640.287528806013,778.3357316061447,7.165707840894608,115.75119441722043,0.0,0.15246641111455317,11676.424455199915,34.02166073736709,2026-04-01T00:00:00+00:00,2026-05-01T00:00:00+00:00,3.1978285140671026,3.8090143974200297,3.8090143974200297
R1,0,S1,E42,month,2026-05,1777593600000,1780272000000,186,False,11640.287528806013,12075.037396039328,434.74986723331494,3.7348722371113974,44.224431433305035,12075.037396039328,0.0,0.0,40.80355969573636,2026-05-01T00:00:00+00:00,2026-06-01T00:00:00+00:00,4.241311069548281,5.193216047488747,5.193216047488747
R1,0,S1,E42,month,2026-06,1780272000000,1782864000000,180,False,12075.037396039328,12044.42870419949,-30.608691839837775,-0.2534873461334186,50.18048361643707,12044.42870419949,0.0,0.0,12.57498146653737,2026-06-01T00:00:00+00:00,2026-07-01T00:00:00+00:00,3.5455280874892026,4.204626037311132,4.204626037311132
R1,0,S1,E42,month,2026-07,1782864000000,1785542400000,186,False,12044.42870419949,12071.188249047153,26.759544847662255,0.22217363317806882,56.402234510018566,12071.188249047153,0.0,0.0,27.716527215804643,2026-07-01T00:00:00+00:00,2026-08-01T00:00:00+00:00,3.4144200787166956,4.153522566333878,4.153522566333878
R1,0,S1,E42,month,2026-08,1785542400000,1788220800000,186,False,12071.188249047153,12338.570780642824,267.382531595671,2.215047318285146,86.96522404859624,0.0,0.15701664837320467,12341.4681985567,41.55234552198641,2026-08-01T00:00:00+00:00,2026-09-01T00:00:00+00:00,4.798104950158743,5.347242711349464,7.23041726618705
R1,0,S1,E42,month,2026-09,1788220800000,1790683200000,171,True,12338.570780642824,12639.843721547535,301.2729409047115,2.441716680649586,74.7148839360507,6889.783545695468,0.0681625867638659,5747.2879647732025,55.1973640493504,2026-09-01T00:00:00+00:00,2026-09-29T12:00:00+00:00,5.879935442505513,6.9412809951388095,6.9412809951388095
R1,0,S1,E42,third,1,1768766400000,1776067200000,507,False,10000.0,11269.311092689339,1269.3110926893387,12.69311092689338,200.6159000302595,11269.311092689339,0.0,0.0,33.26515671560317,2026-01-18T20:00:00+00:00,2026-04-13T08:00:00+00:00,9.063573064064611,10.24370044353049,10.24370044353049
R1,0,S1,E42,third,2,1776067200000,1783368000000,507,False,11269.311092689339,12044.42870419949,775.1176115101516,6.878127732341932,140.11061174997408,12044.42870419949,0.0,0.0,26.50684088517354,2026-04-13T08:00:00+00:00,2026-07-06T20:00:00+00:00,4.965506895218208,5.826375977863019,5.826375977863019
R1,0,S1,E42,third,3,1783368000000,1790683200000,508,False,12044.42870419949,12639.843721547535,595.4150173480448,4.943489076741714,218.08234249466548,6889.783545695468,0.0681625867638659,5747.2879647732025,43.94244012139381,2026-07-06T20:00:00+00:00,2026-09-29T12:00:00+00:00,6.984825621285551,7.57815016932204,7.57815016932204
R1,0,S2,Basis,month,2026-01,1768766400000,1769904000000,79,True,10000.0,9636.951247420968,-363.0487525790322,-3.630487525790327,13.643594842263232,9636.951247420968,0.0,0.0,6.281866284543727,2026-01-18T20:00:00+00:00,2026-02-01T00:00:00+00:00,3.630487525790327,3.6315326334227627,3.6315326334227627
R1,0,S2,Basis,month,2026-02,1769904000000,1772323200000,168,False,9636.951247420968,9822.898432235748,185.94718481478048,1.9295229377085832,11.114141918644194,0.0,0.14666896060063,9652.405757066997,27.879259326835477,2026-02-01T00:00:00+00:00,2026-03-01T00:00:00+00:00,7.549813683021556,9.94277229666507,9.94277229666507
R1,0,S2,Basis,month,2026-03,1772323200000,1775001600000,186,False,9822.898432235748,10422.738573879979,599.8401416442302,6.106549363024438,87.5975896916037,10422.738573879979,0.0,0.0,45.004206994008925,2026-03-01T00:00:00+00:00,2026-04-01T00:00:00+00:00,6.752261608877708,7.513069009689344,7.513069009689344
R1,0,S2,Basis,month,2026-04,1775001600000,1777593600000,180,False,10422.738573879979,10739.645851827114,316.9072779471353,3.040537529563725,102.04283053916511,0.0,0.14066965748202065,10816.160713430376,33.631064735642035,2026-04-01T00:00:00+00:00,2026-05-01T00:00:00+00:00,4.384851220881336,4.799337040228224,4.799337040228224
R1,0,S2,Basis,month,2026-05,1777593600000,1780272000000,186,False,10739.645851827114,10980.281823423049,240.6359715959352,2.240632278903276,40.46655374819491,10980.281823423049,0.0,0.0,40.81705620061453,2026-05-01T00:00:00+00:00,2026-06-01T00:00:00+00:00,4.857687393750831,5.31680111183811,5.31680111183811
R1,0,S2,Basis,month,2026-06,1780272000000,1782864000000,180,False,10980.281823423049,10795.811438372231,-184.47038505081764,-1.6800150307372475,39.83709125931612,10795.811438372231,0.0,0.0,12.29924935941525,2026-06-01T00:00:00+00:00,2026-07-01T00:00:00+00:00,4.156807460179113,4.473939664633608,4.473939664633608
R1,0,S2,Basis,month,2026-07,1782864000000,1785542400000,186,False,10795.811438372231,10705.747096800207,-90.0643415720242,-0.8342526366466818,44.662514741541074,10705.747096800207,0.0,0.0,27.05977647776334,2026-07-01T00:00:00+00:00,2026-08-01T00:00:00+00:00,3.549384431020697,4.129911657249052,4.129911657249052
R1,0,S2,Basis,month,2026-08,1785542400000,1788220800000,186,False,10705.747096800207,10706.77602339265,1.028926592442076,0.009610974209817158,63.81293452721891,0.0,0.13625095774570067,10752.25130589502,39.45455784681127,2026-08-01T00:00:00+00:00,2026-09-01T00:00:00+00:00,5.581372932231932,6.10016491235289,7.230417266187061
R1,0,S2,Basis,month,2026-09,1788220800000,1790683200000,171,True,10706.77602339265,10774.77363993685,67.99761654420035,0.6350895581978655,58.98291361192797,5876.17829122762,0.05806911932499628,4915.7990138876,54.746688683780064,2026-09-01T00:00:00+00:00,2026-09-29T12:00:00+00:00,7.0051321020721975,7.848593100725909,7.848593100725909
R1,0,S2,Basis,third,1,1768766400000,1776067200000,507,False,10000.0,10563.20967358832,563.2096735883206,5.6320967358832075,171.90591436736116,10563.20967358832,0.0,0.0,31.594528492638652,2026-01-18T20:00:00+00:00,2026-04-13T08:00:00+00:00,10.841036204165055,11.832316659585707,11.832316659585707
R1,0,S2,Basis,third,2,1776067200000,1783368000000,507,False,10563.20967358832,10795.811438372231,232.60176478391077,2.201998937552996,122.7958876318261,10795.811438372231,0.0,0.0,26.41374467244535,2026-04-13T08:00:00+00:00,2026-07-06T20:00:00+00:00,6.668069049163494,7.219155405833833,7.219155405833833
R1,0,S2,Basis,third,3,1783368000000,1790683200000,508,False,10795.811438372231,10774.77363993685,-21.037798435381774,-0.19487000634900165,167.45836288068796,5876.17829122762,0.05806911932499628,4915.7990138876,42.78218493956155,2026-07-06T20:00:00+00:00,2026-09-29T12:00:00+00:00,8.557757926283205,9.138784315915983,9.138784315915983
R1,0,S2,E42,month,2026-01,1768766400000,1769904000000,79,True,10000.0,9636.951247420968,-363.0487525790322,-3.630487525790327,13.643594842263232,9636.951247420968,0.0,0.0,6.281866284543727,2026-01-18T20:00:00+00:00,2026-02-01T00:00:00+00:00,3.630487525790327,3.6315326334227627,3.6315326334227627
R1,0,S2,E42,month,2026-02,1769904000000,1772323200000,168,False,9636.951247420968,9746.250950832327,109.29970341135959,1.1341730450344478,15.683327319010187,0.0,0.14552451158615137,9580.825628377512,30.538379802781503,2026-02-01T00:00:00+00:00,2026-03-01T00:00:00+00:00,7.5498136830215445,9.942772296665058,9.942772296665058
R1,0,S2,E42,month,2026-03,1772323200000,1775001600000,186,False,9746.250950832327,10346.321918611551,600.0709677792238,6.156941482488487,97.99828932219224,10346.321918611551,0.0,0.0,46.776389036169654,2026-03-01T00:00:00+00:00,2026-04-01T00:00:00+00:00,7.601081341359295,8.457871511899096,8.457871511899096
R1,0,S2,E42,month,2026-04,1775001600000,1777593600000,180,False,10346.321918611551,10635.457640020515,289.13572140896395,2.7945749579746826,107.89261863850074,0.0,0.13930498305320743,10711.23021023754,34.03197906263573,2026-04-01T00:00:00+00:00,2026-05-01T00:00:00+00:00,4.384851220881314,4.7993370402282025,4.7993370402282025
R1,0,S2,E42,month,2026-05,1777593600000,1780272000000,186,False,10635.457640020515,10873.759136911902,238.3014968913867,2.2406322789032984,40.07397675532483,10873.759136911902,0.0,0.0,40.81705620061453,2026-05-01T00:00:00+00:00,2026-06-01T00:00:00+00:00,4.857687393750831,5.31680111183811,5.31680111183811
R1,0,S2,E42,month,2026-06,1780272000000,1782864000000,180,False,10873.759136911902,10669.865917155203,-203.89321975669918,-1.875094134323485,44.82488725012317,10669.865917155203,0.0,0.0,12.570487457643566,2026-06-01T00:00:00+00:00,2026-07-01T00:00:00+00:00,4.338630078295147,4.652544446882012,4.652544446882012
R1,0,S2,E42,month,2026-07,1782864000000,1785542400000,186,False,10669.865917155203,10497.892520979662,-171.97339617554098,-1.6117671722475801,49.498094517965264,10497.892520979662,0.0,0.0,27.734286797888643,2026-07-01T00:00:00+00:00,2026-08-01T00:00:00+00:00,3.8838015079896926,4.236931224113494,4.236931224113494
R1,0,S2,E42,month,2026-08,1785542400000,1788220800000,186,False,10497.892520979662,10426.721842293393,-71.17067868626873,-0.6779520607973155,74.46443216840248,0.0,0.1326870791036059,10470.798595533672,41.55385371240131,2026-08-01T00:00:00+00:00,2026-09-01T00:00:00+00:00,5.778758130699558,6.322239348060066,7.23041726618705
R1,0,S2,E42,month,2026-09,1788220800000,1790683200000,171,True,10426.721842293393,10428.04585074151,1.3240084481167287,0.012698223546592224,62.35827836986661,5687.085287892199,0.056200478921317756,4757.610621149924,55.190185417832645,2026-09-01T00:00:00+00:00,2026-09-29T12:00:00+00:00,7.005132102072187,7.848593100725898,7.848593100725898
R1,0,S2,E42,third,1,1768766400000,1776067200000,507,False,10000.0,10460.733116910978,460.7331169109784,4.607331169109785,193.1378162466958,10460.733116910978,0.0,0.0,33.26814324344672,2026-01-18T20:00:00+00:00,2026-04-13T08:00:00+00:00,11.652636454243837,12.85128679184181,12.85128679184181
R1,0,S2,E42,third,2,1776067200000,1783368000000,507,False,10460.733116910978,10669.865917155203,209.1328002442242,1.9992174344467095,126.97887788071858,10669.865917155203,0.0,0.0,26.510042222112208,2026-04-13T08:00:00+00:00,2026-07-06T20:00:00+00:00,6.853251231926805,7.403244164584811,7.403244164584811
R1,0,S2,E42,third,3,1783368000000,1790683200000,508,False,10669.865917155203,10428.04585074151,-241.82006641369298,-2.2663833668695954,186.32080505623435,5687.085287892199,0.056200478921317756,4757.610621149924,43.947078427880534,2026-07-06T20:00:00+00:00,2026-09-29T12:00:00+00:00,9.072849903578073,9.436250296546344,9.436250296546344
R1,0,S3,Basis,month,2026-01,1768766400000,1769904000000,79,True,10000.0,9873.700882423953,-126.29911757604714,-1.262991175760475,9.87857946188584,9873.700882423953,0.0,0.0,4.169169581872365,2026-01-18T20:00:00+00:00,2026-02-01T00:00:00+00:00,1.7281798996783504,2.0200815161907415,2.0200815161907415
R1,0,S3,Basis,month,2026-02,1769904000000,1772323200000,168,False,9873.700882423953,10161.747796469264,288.0469140453115,2.9173145659907584,11.373496283135959,0.0,0.15172843305625655,9882.695880179772,24.80543525845139,2026-02-01T00:00:00+00:00,2026-03-01T00:00:00+00:00,7.5498136830215445,9.942772296665058,9.942772296665058
R1,0,S3,Basis,month,2026-03,1772323200000,1775001600000,186,False,10161.747796469264,11283.657595015431,1121.9097985461667,11.040520007158406,81.48404313436603,11283.657595015431,0.0,0.0,45.05723148881422,2026-03-01T00:00:00+00:00,2026-04-01T00:00:00+00:00,5.655842979062831,6.716442211391305,6.716442211391305
R1,0,S3,Basis,month,2026-04,1775001600000,1777593600000,180,False,11283.657595015431,12061.622580397474,777.9649853820429,6.894617094068067,102.03325252119372,0.0,0.1579851273003813,12101.959959373713,28.904557482725387,2026-04-01T00:00:00+00:00,2026-05-01T00:00:00+00:00,2.482410884947539,3.6216212192738406,3.913660399516461
R1,0,S3,Basis,month,2026-05,1777593600000,1780272000000,186,False,12061.622580397474,12443.20984649682,381.5872660993464,3.163647872049169,45.675306115043085,12443.20984649682,0.0,0.0,41.95470516539074,2026-05-01T00:00:00+00:00,2026-06-01T00:00:00+00:00,4.605152167004478,5.384181653410492,5.384181653410492
R1,0,S3,Basis,month,2026-06,1780272000000,1782864000000,180,False,12443.20984649682,12226.2035313831,-217.00631511372012,-1.7439737639304953,41.39377636942949,12226.2035313831,0.0,0.0,10.91530754098049,2026-06-01T00:00:00+00:00,2026-07-01T00:00:00+00:00,4.149974559808389,4.764456031921482,4.764456031921482
R1,0,S3,Basis,month,2026-07,1782864000000,1785542400000,186,False,12226.2035313831,12393.495899835807,167.2923684527068,1.3683100238212953,41.02251487554856,2214.224967508844,0.16186379525477665,10427.290241965953,27.859048211799603,2026-07-01T00:00:00+00:00,2026-08-01T00:00:00+00:00,3.3933173765217317,4.127963248901223,4.127963248901223
R1,0,S3,Basis,month,2026-08,1785542400000,1788220800000,186,False,12393.495899835807,12476.665020187356,83.16912035154928,0.671070705341914,77.79555720815198,0.0,0.1587739908594954,12514.129269782783,38.00819997757343,2026-08-01T00:00:00+00:00,2026-09-01T00:00:00+00:00,3.628711693454878,4.3402427158836465,5.348947021965566
R1,0,S3,Basis,month,2026-09,1788220800000,1790683200000,171,True,12476.665020187356,12675.687170527672,199.02215034031542,1.5951550355667532,69.37326721046809,6911.014855480813,0.06833580255208557,5774.825920607423,52.60524497229017,2026-09-01T00:00:00+00:00,2026-09-29T12:00:00+00:00,5.573879447374952,6.588041420287105,6.588041420287105
R1,0,S3,Basis,third,1,1768766400000,1776067200000,507,False,10000.0,11602.301567179036,1602.3015671790363,16.023015671790365,160.86880960589758,11602.301567179036,0.0,0.0,29.521090039924843,2026-01-18T20:00:00+00:00,2026-04-13T08:00:00+00:00,7.5498136830215445,9.942772296665058,9.942772296665058
R1,0,S3,Basis,third,2,1776067200000,1783368000000,507,False,11602.301567179036,12226.2035313831,623.9019642040639,5.37739827388195,130.96964427915654,12226.2035313831,0.0,0.0,25.406865467643065,2026-04-13T08:00:00+00:00,2026-07-06T20:00:00+00:00,6.53176897758605,6.966015288069805,6.966015288069805
R1,0,S3,Basis,third,3,1783368000000,1790683200000,508,False,12226.2035313831,12675.687170527672,449.4836391445715,3.6763958492168403,188.1913392941686,6911.014855480813,0.06833580255208557,5774.825920607423,41.82441939662403,2026-07-06T20:00:00+00:00,2026-09-29T12:00:00+00:00,6.394408322463352,7.165472081442459,7.165472081442459
R1,0,S3,E42,month,2026-01,1768766400000,1769904000000,79,True,10000.0,9873.700882423953,-126.29911757604714,-1.262991175760475,9.87857946188584,9873.700882423953,0.0,0.0,4.169169581872365,2026-01-18T20:00:00+00:00,2026-02-01T00:00:00+00:00,1.7281798996783504,2.0200815161907415,2.0200815161907415
R1,0,S3,E42,month,2026-02,1769904000000,1772323200000,168,False,9873.700882423953,10111.686013463159,237.98513103920595,2.410293099549321,16.11029508073735,0.0,0.15098094393886693,9837.024833742667,27.28872955538542,2026-02-01T00:00:00+00:00,2026-03-01T00:00:00+00:00,7.5498136830215445,9.942772296665058,9.942772296665058
R1,0,S3,E42,month,2026-03,1772323200000,1775001600000,186,False,10111.686013463159,11228.0687308406,1116.3827173774407,11.040520007158428,81.08261253723295,11228.0687308406,0.0,0.0,45.05723148881422,2026-03-01T00:00:00+00:00,2026-04-01T00:00:00+00:00,5.655842979062831,6.716442211391294,6.716442211391294
R1,0,S3,E42,month,2026-04,1775001600000,1777593600000,180,False,11228.0687308406,11998.652291891929,770.5835610513295,6.863010723605001,107.83799915189792,0.0,0.15716033204755536,12038.77908092683,30.489050457585936,2026-04-01T00:00:00+00:00,2026-05-01T00:00:00+00:00,2.48241088494755,3.6216212192738295,3.91366039951645
R1,0,S3,E42,month,2026-05,1777593600000,1780272000000,186,False,11998.652291891929,12405.624978333395,406.97268644146607,3.3918199856201925,51.57706315883334,12405.624978333395,0.0,0.0,43.32394700387626,2026-05-01T00:00:00+00:00,2026-06-01T00:00:00+00:00,4.605152167004444,5.384181653410469,5.384181653410469
R1,0,S3,E42,month,2026-06,1780272000000,1782864000000,180,False,12405.624978333395,12189.274133459656,-216.35084487373933,-1.743973763930473,41.26874595952531,12189.274133459656,0.0,0.0,10.91530754098049,2026-06-01T00:00:00+00:00,2026-07-01T00:00:00+00:00,4.149974559808389,4.764456031921482,4.764456031921482
R1,0,S3,E42,month,2026-07,1782864000000,1785542400000,186,False,12189.274133459656,12356.061193258842,166.78705979918595,1.3683100238212953,40.89860586554633,2207.5368738003394,0.16137488367326902,10395.794483726662,27.859048211799603,2026-07-01T00:00:00+00:00,2026-08-01T00:00:00+00:00,3.3933173765217317,4.127963248901234,4.127963248901234
R1,0,S3,E42,month,2026-08,1785542400000,1788220800000,186,False,12356.061193258842,12643.435912984347,287.3747197255052,2.3257793501564317,98.43908348205413,0.0,0.16089626313063005,12681.1652545369,40.91180747935019,2026-08-01T00:00:00+00:00,2026-09-01T00:00:00+00:00,3.7908999247506903,4.527345286294326,7.061309007518435
R1,0,S3,E42,month,2026-09,1788220800000,1790683200000,171,True,12643.435912984347,12792.953158902974,149.51724591862694,1.1825681479911587,76.44202380186907,6974.950402074978,0.06896799434728244,5828.250295961991,53.05380354686843,2026-09-01T00:00:00+00:00,2026-09-29T12:00:00+00:00,5.924279417839884,6.5932683173257844,6.5932683173257844
R1,0,S3,E42,third,1,1768766400000,1776067200000,507,False,10000.0,11532.371277886221,1532.371277886221,15.32371277886222,170.68046370730627,11532.371277886221,0.0,0.0,30.874956935194046,2026-01-18T20:00:00+00:00,2026-04-13T08:00:00+00:00,7.5498136830215445,9.942772296665058,9.942772296665058
R1,0,S3,E42,third,2,1776067200000,1783368000000,507,False,11532.371277886221,12189.274133459656,656.9028555734349,5.696164645974178,137.07483164280643,12189.274133459656,0.0,0.0,25.940732614421442,2026-04-13T08:00:00+00:00,2026-07-06T20:00:00+00:00,6.531768977585994,6.966015288069749,6.966015288069749
R1,0,S3,E42,third,3,1783368000000,1790683200000,508,False,12189.274133459656,12792.953158902974,603.6790254433181,4.952542857217512,215.77971314946953,6974.950402074978,0.06896799434728244,5828.250295961991,43.03854245092198,2026-07-06T20:00:00+00:00,2026-09-29T12:00:00+00:00,6.537493347747736,7.307378462636549,7.307378462636549
R1,0,S4,Basis,month,2026-01,1768766400000,1769904000000,79,True,10000.0,9834.866419045758,-165.13358095424155,-1.6513358095424202,9.839706125170931,9834.866419045758,0.0,0.0,4.159752016569035,2026-01-18T20:00:00+00:00,2026-02-01T00:00:00+00:00,1.8669049995511888,2.1434522113693566,2.1434522113693566
R1,0,S4,Basis,month,2026-02,1769904000000,1772323200000,168,False,9834.866419045758,10075.348462823733,240.48204377797447,2.445198882541688,11.316859325265392,2.2737367544323206e-13,0.15043837589545042,9837.877207158805,24.779410951178527,2026-02-01T00:00:00+00:00,2026-03-01T00:00:00+00:00,7.549813683021556,9.942772296665058,9.942772296665058
R1,0,S4,Basis,month,2026-03,1772323200000,1775001600000,186,False,10075.348462823733,10868.824136204501,793.4756733807681,7.875416679716385,79.54013656452041,10868.824136204501,0.0,0.0,45.05500379012078,2026-03-01T00:00:00+00:00,2026-04-01T00:00:00+00:00,6.57628193639982,7.626533767443644,7.626533767443644
R1,0,S4,Basis,month,2026-04,1775001600000,1777593600000,180,False,10868.824136204501,11216.114402030125,347.2902658256244,3.1952882986558517,96.5095449233574,0.0,0.14691052135060062,11298.585431489779,28.898477503682095,2026-04-01T00:00:00+00:00,2026-05-01T00:00:00+00:00,2.8095507836275124,3.647758443764182,3.9099016387693974
R1,0,S4,Basis,month,2026-05,1777593600000,1780272000000,186,False,11216.114402030125,11404.99449344892,188.8800914187941,1.6840064629209506,42.12670759087666,11404.99449344892,0.0,0.0,41.97817512067761,2026-05-01T00:00:00+00:00,2026-06-01T00:00:00+00:00,5.218130516292674,5.61423320741884,5.61423320741884
R1,0,S4,Basis,month,2026-06,1780272000000,1782864000000,180,False,11404.99449344892,11058.581375535654,-346.4131179132655,-3.037380843210813,37.670318073747396,11058.581375535654,0.0,0.0,10.906566030129833,2026-06-01T00:00:00+00:00,2026-07-01T00:00:00+00:00,4.769551106734548,5.11196481156172,5.11196481156172
R1,0,S4,Basis,month,2026-07,1782864000000,1785542400000,186,False,11058.581375535654,11063.41957237513,4.83819683947695,0.04375061027430682,36.84890029738603,1977.5063514790672,0.14447796969616505,9344.48470129238,27.83930592039078,2026-07-01T00:00:00+00:00,2026-08-01T00:00:00+00:00,3.3929872110381343,4.127563345818263,4.127563345818263
R1,0,S4,Basis,month,2026-08,1785542400000,1788220800000,186,False,11063.41957237513,10859.56734986075,-203.85222251438063,-1.8425787902267676,68.54724533527626,0.0,0.13819533059155367,10935.681508298198,38.01183724088372,2026-08-01T00:00:00+00:00,2026-09-01T00:00:00+00:00,4.865524779636221,5.065830019008278,5.352499332280591
R1,0,S4,Basis,month,2026-09,1788220800000,1790683200000,171,True,10859.56734986075,10792.291514815639,-67.27583504511131,-0.6195075077827461,59.6773626787368,5887.197116375748,0.05814616061284389,4933.369287085367,52.58713876288288,2026-09-01T00:00:00+00:00,2026-09-29T12:00:00+00:00,7.119692268507261,7.671726987103533,7.671726987103533
R1,0,S4,Basis,third,1,1768766400000,1776067200000,507,False,10000.0,10947.977920948677,947.9779209486769,9.479779209486772,156.0778955762362,10947.977920948677,0.0,0.0,29.50821553420369,2026-01-18T20:00:00+00:00,2026-04-13T08:00:00+00:00,7.549813683021556,9.942772296665058,9.942772296665058
R1,0,S4,Basis,third,2,1776067200000,1783368000000,507,False,10947.977920948677,11058.581375535654,110.60345458697702,1.0102637709502593,120.92537702670201,11058.581375535654,0.0,0.0,25.412180052781704,2026-04-13T08:00:00+00:00,2026-07-06T20:00:00+00:00,8.097016862827877,8.525203364490586,8.525203364490586
R1,0,S4,Basis,third,3,1783368000000,1790683200000,508,False,11058.581375535654,10792.291514815639,-266.289860720015,-2.407992957479288,165.07350831139908,5887.197116375748,0.05814616061284389,4933.369287085367,41.81242786702761,2026-07-06T20:00:00+00:00,2026-09-29T12:00:00+00:00,8.161357426136107,8.670347921347366,8.670347921347366
R1,0,S4,E42,month,2026-01,1768766400000,1769904000000,79,True,10000.0,9834.866419045758,-165.13358095424155,-1.6513358095424202,9.839706125170931,9834.866419045758,0.0,0.0,4.159752016569035,2026-01-18T20:00:00+00:00,2026-02-01T00:00:00+00:00,1.8669049995511888,2.1434522113693566,2.1434522113693566
R1,0,S4,E42,month,2026-02,1769904000000,1772323200000,168,False,9834.866419045758,10006.270353776294,171.40393473053518,1.7428191439245344,15.997432564056744,2.2737367544323206e-13,0.14940694769489038,9773.59761672614,27.272131995537073,2026-02-01T00:00:00+00:00,2026-03-01T00:00:00+00:00,7.549813683021556,9.942772296665058,9.942772296665058
R1,0,S4,E42,month,2026-03,1772323200000,1775001600000,186,False,10006.270353776294,10794.305838235108,788.0354844588146,7.875416679716385,78.99479738865708,10794.305838235108,0.0,0.0,45.05500379012078,2026-03-01T00:00:00+00:00,2026-04-01T00:00:00+00:00,6.576281936399797,7.626533767443632,7.626533767443632
R1,0,S4,E42,month,2026-04,1775001600000,1777593600000,180,False,10794.305838235108,11111.54891735686,317.2430791217521,2.938985460260235,101.66564198704197,0.0,0.14554090533938668,11193.251086687429,30.477101979580816,2026-04-01T00:00:00+00:00,2026-05-01T00:00:00+00:00,2.8095507836275124,3.9454349335589667,3.9454349335589667
R1,0,S4,E42,month,2026-05,1777593600000,1780272000000,186,False,11111.54891735686,11302.035385389436,190.48646803257543,1.7143106640607586,47.374623880966524,11302.035385389436,0.0,0.0,43.35575454401703,2026-05-01T00:00:00+00:00,2026-06-01T00:00:00+00:00,5.218130516292662,5.614233207418828,5.614233207418828
R1,0,S4,E42,month,2026-06,1780272000000,1782864000000,180,False,11302.035385389436,10958.749527700711,-343.2858576887247,-3.037380843210802,37.33024755890252,10958.749527700711,0.0,0.0,10.90656603012983,2026-06-01T00:00:00+00:00,2026-07-01T00:00:00+00:00,4.769551106734515,5.11196481156172,5.11196481156172
R1,0,S4,E42,month,2026-07,1782864000000,1785542400000,186,False,10958.749527700711,10963.544047497513,4.794519796801978,0.04375061027430682,36.516245168988476,1959.6543226817557,0.143173688233977,9260.126939377353,27.83930592039078,2026-07-01T00:00:00+00:00,2026-08-01T00:00:00+00:00,3.3929872110381343,4.127563345818275,4.127563345818275
R1,0,S4,E42,month,2026-08,1785542400000,1788220800000,186,False,10963.544047497513,10868.15259993728,-95.39144756023234,-0.8700785726492022,85.88958301590802,0.0,0.1383045836984514,10944.058007366264,40.91470509723597,2026-08-01T00:00:00+00:00,2026-09-01T00:00:00+00:00,5.170633401541835,5.319300404297933,7.072477290107104
R1,0,S4,E42,month,2026-09,1788220800000,1790683200000,171,True,10868.15259993728,10736.059193920499,-132.09340601678196,-1.2154172919650041,64.8993273021758,5856.522374411401,0.05784319496760412,4907.6643842420035,53.041932458014145,2026-09-01T00:00:00+00:00,2026-09-29T12:00:00+00:00,7.5852473889619905,8.22068195042699,8.22068195042699
R1,0,S4,E42,third,1,1768766400000,1776067200000,507,False,10000.0,10839.325480180982,839.3254801809817,8.393254801809814,165.23898216013725,10839.325480180982,0.0,0.0,30.863737491970202,2026-01-18T20:00:00+00:00,2026-04-13T08:00:00+00:00,7.549813683021556,9.942772296665058,9.942772296665058
R1,0,S4,E42,third,2,1776067200000,1783368000000,507,False,10839.325480180982,10958.749527700711,119.42404751972936,1.101766412846339,125.9634673446585,10958.749527700711,0.0,0.0,25.948491061198887,2026-04-13T08:00:00+00:00,2026-07-06T20:00:00+00:00,8.097016862827855,8.525203364490586,8.525203364490586
R1,0,S4,E42,third,3,1783368000000,1790683200000,508,False,10958.749527700711,10736.059193920499,-222.6903337802123,-2.032077959417833,187.30515548707228,5856.522374411401,0.05784319496760412,4907.6643842420035,43.02837893621849,2026-07-06T20:00:00+00:00,2026-09-29T12:00:00+00:00,8.182772840082286,8.72443627867846,8.72443627867846
R1,1,S0,Basis,month,2026-04,1776067200000,1777593600000,106,True,10000.0,10370.197669958427,370.19766995842656,3.701976699584275,40.6410812677203,0.0,0.13583056409683403,10391.969542563085,33.830470069652975,2026-04-13T08:00:00+00:00,2026-05-01T00:00:00+00:00,2.6113793228331073,3.8090143974200297,3.8090143974200297
R1,1,S0,Basis,month,2026-05,1777593600000,1780272000000,186,False,10370.197669958427,10796.598609215329,426.40093925690235,4.111791817547994,39.480657987690385,10796.598609215329,0.0,0.0,40.80020354425388,2026-05-01T00:00:00+00:00,2026-06-01T00:00:00+00:00,4.112819208634566,5.186129206062395,5.186129206062395
R1,1,S0,Basis,month,2026-06,1780272000000,1782864000000,180,False,10796.598609215329,10808.560059077005,11.961449861675646,0.11078905768957537,39.54259177395469,10808.560059077005,0.0,0.0,12.306030380351862,2026-06-01T00:00:00+00:00,2026-07-01T00:00:00+00:00,3.425233836741026,4.137163937241306,4.137163937241306
R1,1,S0,Basis,month,2026-07,1782864000000,1785542400000,186,False,10808.560059077005,10940.5846998579,132.02464078089542,1.2214822331492847,45.217822780681026,10940.5846998579,0.0,0.0,27.082599774475977,2026-07-01T00:00:00+00:00,2026-08-01T00:00:00+00:00,3.3953468400704456,4.130421368606529,4.130421368606529
R1,1,S0,Basis,month,2026-08,1785542400000,1788220800000,186,False,10940.5846998579,11277.404501310617,336.819801452717,3.078627063296646,66.22979155484083,0.0,0.14351259060917196,11268.973304871335,39.44754381175711,2026-08-01T00:00:00+00:00,2026-09-01T00:00:00+00:00,4.381321050038611,4.906091802717272,7.23041726618705
R1,1,S0,Basis,month,2026-09,1788220800000,1790683200000,171,True,11277.404501310617,11666.769367012872,389.364865702255,3.452610622036345,63.048051134664775,6358.5587979717875,0.06292479598607274,5300.351030854199,54.76333657512984,2026-09-01T00:00:00+00:00,2026-09-29T12:00:00+00:00,5.596682350592941,6.7684227662417324,6.7684227662417324
R1,1,S0,Basis,third,1,1776067200000,1780934400000,338,False,10000.0,10796.598609215329,796.5986092153289,7.965986092153288,80.12173925541069,10796.598609215329,0.0,0.0,33.06173871779419,2026-04-13T08:00:00+00:00,2026-06-08T16:00:00+00:00,4.112819208634566,5.186129206062395,5.186129206062395
R1,1,S0,Basis,third,2,1780934400000,1785801600000,338,False,10796.598609215329,10940.5846998579,143.98609064257107,1.333624559494817,84.76041455463572,10940.5846998579,0.0,0.0,21.45694978259132,2026-06-08T16:00:00+00:00,2026-08-04T00:00:00+00:00,3.425233836741026,4.206909180022844,4.206909180022844
R1,1,S0,Basis,third,3,1785801600000,1790683200000,339,False,10940.5846998579,11666.769367012872,726.184667154972,6.63753069033326,129.2778426895056,6358.5587979717875,0.06292479598607274,5300.351030854199,49.26776903638355,2026-08-04T00:00:00+00:00,2026-09-29T12:00:00+00:00,5.596682350592941,6.7684227662417324,7.23041726618705
R1,1,S0,E42,month,2026-04,1776067200000,1777593600000,106,True,10000.0,10370.197669958427,370.19766995842656,3.701976699584275,40.6410812677203,0.0,0.13583056409683403,10391.969542563085,33.830470069652975,2026-04-13T08:00:00+00:00,2026-05-01T00:00:00+00:00,2.6113793228331073,3.8090143974200297,3.8090143974200297
R1,1,S0,E42,month,2026-05,1777593600000,1780272000000,186,False,10370.197669958427,10796.598609215329,426.40093925690235,4.111791817547994,39.480657987690385,10796.598609215329,0.0,0.0,40.80020354425388,2026-05-01T00:00:00+00:00,2026-06-01T00:00:00+00:00,4.112819208634566,5.186129206062395,5.186129206062395
R1,1,S0,E42,month,2026-06,1780272000000,1782864000000,180,False,10796.598609215329,10813.444451146941,16.845841931612085,0.15602915826873343,44.95853582587715,10813.444451146941,0.0,0.0,12.576111275222274,2026-06-01T00:00:00+00:00,2026-07-01T00:00:00+00:00,3.4252338367410595,4.137163937241306,4.137163937241306
R1,1,S0,E42,month,2026-07,1782864000000,1785542400000,186,False,10813.444451146941,10887.632260865224,74.18780971828346,0.6860701051681461,50.75715737930863,10887.632260865224,0.0,0.0,27.71211977726359,2026-07-01T00:00:00+00:00,2026-08-01T00:00:00+00:00,3.4128300672639167,4.151596813264858,4.151596813264858
R1,1,S0,E42,month,2026-08,1785542400000,1788220800000,186,False,10887.632260865224,11209.131983632646,321.4997227674212,2.9528892514401717,78.7452302368603,0.0,0.14264377670095066,11200.576132647933,41.55197401800297,2026-08-01T00:00:00+00:00,2026-09-01T00:00:00+00:00,4.550730186194418,5.101294839402226,7.23041726618704
R1,1,S0,E42,month,2026-09,1788220800000,1790683200000,171,True,11209.131983632646,11551.929006750514,342.79702311786787,3.0581941904012977,68.08725480926095,6295.969133246512,0.062305403760757314,5248.177699681534,55.19917292803059,2026-09-01T00:00:00+00:00,2026-09-29T12:00:00+00:00,5.596682350592941,6.768422766241722,6.768422766241722
R1,1,S0,E42,third,1,1776067200000,1780934400000,338,False,10000.0,10796.598609215329,796.5986092153289,7.965986092153288,80.12173925541069,10796.598609215329,0.0,0.0,33.06173871779419,2026-04-13T08:00:00+00:00,2026-06-08T16:00:00+00:00,4.112819208634566,5.186129206062395,5.186129206062395
R1,1,S0,E42,third,2,1780934400000,1785801600000,338,False,10796.598609215329,10887.632260865224,91.03365164989555,0.8431697328471044,95.71569320518579,10887.632260865224,0.0,0.0,21.94720209500307,2026-06-08T16:00:00+00:00,2026-08-04T00:00:00+00:00,3.4252338367410595,4.206909180022822,4.206909180022822
R1,1,S0,E42,third,3,1785801600000,1790683200000,339,False,10887.632260865224,11551.929006750514,664.296745885289,6.101388529378005,146.83248504612126,6295.969133246512,0.062305403760757314,5248.177699681534,50.64225881428255,2026-08-04T00:00:00+00:00,2026-09-29T12:00:00+00:00,5.596682350592941,6.768422766241722,7.23041726618704
R1,1,S1,Basis,month,2026-04,1776067200000,1777593600000,106,True,10000.0,10329.191760761078,329.1917607610776,3.2919176076107837,40.55766703421854,0.0,0.13529346191663982,10361.258429341506,33.83027888112544,2026-04-13T08:00:00+00:00,2026-05-01T00:00:00+00:00,2.611379322833096,3.8090143974200297,3.8090143974200297
R1,1,S1,Basis,month,2026-05,1777593600000,1780272000000,186,False,10329.191760761078,10714.973876151742,385.78211539066433,3.7348722371113974,39.24324306034505,10714.973876151742,0.0,0.0,40.80355969573636,2026-05-01T00:00:00+00:00,2026-06-01T00:00:00+00:00,4.241311069548271,5.193216047488725,5.193216047488725
R1,1,S1,Basis,month,2026-06,1780272000000,1782864000000,180,False,10714.973876151742,10688.177369196237,-26.79650695550481,-0.2500846690363434,39.16938796179921,10688.177369196237,0.0,0.0,12.30466982253649,2026-06-01T00:00:00+00:00,2026-07-01T00:00:00+00:00,3.5303413002155337,4.204626037311144,4.204626037311144
R1,1,S1,Basis,month,2026-07,1782864000000,1785542400000,186,False,10688.177369196237,10774.394626976935,86.21725778069776,0.8066600581421834,44.614119010668425,10774.394626976935,0.0,0.0,27.078024259673917,2026-07-01T00:00:00+00:00,2026-08-01T00:00:00+00:00,3.3952626663563024,4.130319416269956,4.130319416269956
R1,1,S1,Basis,month,2026-08,1785542400000,1788220800000,186,False,10774.394626976935,11039.104063607456,264.70943663052094,2.456838140750306,65.02163262814582,0.0,0.14048005655808726,11041.878992751586,39.44893446671299,2026-08-01T00:00:00+00:00,2026-09-01T00:00:00+00:00,4.622835486518162,5.146403281365474,7.23041726618705
R1,1,S1,Basis,month,2026-09,1788220800000,1790683200000,171,True,11039.104063607456,11357.324704877312,318.22064126985606,2.882667283832685,61.534036039761325,6190.702242733425,0.06124637674767207,5164.1315372506115,54.75999807556475,2026-09-01T00:00:00+00:00,2026-09-29T12:00:00+00:00,5.879935442505479,6.9412809951388095,6.9412809951388095
R1,1,S1,Basis,third,1,1776067200000,1780934400000,338,False,10000.0,10714.973876151742,714.9738761517419,7.14973876151741,79.80091009456359,10714.973876151742,0.0,0.0,33.06352563552148,2026-04-13T08:00:00+00:00,2026-06-08T16:00:00+00:00,4.241311069548271,5.193216047488725,5.193216047488725
R1,1,S1,Basis,third,2,1780934400000,1785801600000,338,False,10714.973876151742,10774.394626976935,59.420750825192954,0.5545580559691787,83.78350697246763,10774.394626976935,0.0,0.0,21.453707338331114,2026-06-08T16:00:00+00:00,2026-08-04T00:00:00+00:00,3.5303413002155337,4.414607713456176,4.414607713456176
R1,1,S1,Basis,third,3,1785801600000,1790683200000,339,False,10774.394626976935,11357.324704877312,582.930077900377,5.410327893883116,126.55566866790716,6190.702242733425,0.06124637674767207,5164.1315372506115,49.26684802870262,2026-08-04T00:00:00+00:00,2026-09-29T12:00:00+00:00,5.879935442505479,6.9412809951388095,7.23041726618705
R1,1,S1,E42,month,2026-04,1776067200000,1777593600000,106,True,10000.0,10329.191760761078,329.1917607610776,3.2919176076107837,40.55766703421854,0.0,0.13529346191663982,10361.258429341506,33.83027888112544,2026-04-13T08:00:00+00:00,2026-05-01T00:00:00+00:00,2.611379322833096,3.8090143974200297,3.8090143974200297
R1,1,S1,E42,month,2026-05,1777593600000,1780272000000,186,False,10329.191760761078,10714.973876151742,385.78211539066433,3.7348722371113974,39.24324306034505,10714.973876151742,0.0,0.0,40.80355969573636,2026-05-01T00:00:00+00:00,2026-06-01T00:00:00+00:00,4.241311069548271,5.193216047488725,5.193216047488725
R1,1,S1,E42,month,2026-06,1780272000000,1782864000000,180,False,10714.973876151742,10687.812773234195,-27.161102917547396,-0.2534873461334297,44.52843940832401,10687.812773234195,0.0,0.0,12.574981466537373,2026-06-01T00:00:00+00:00,2026-07-01T00:00:00+00:00,3.5455280874892248,4.204626037311121,4.204626037311121
R1,1,S1,E42,month,2026-07,1782864000000,1785542400000,186,False,10687.812773234195,10711.558275179752,23.745501945557407,0.2221736331780022,50.04940767551264,10711.558275179752,0.0,0.0,27.716527215804643,2026-07-01T00:00:00+00:00,2026-08-01T00:00:00+00:00,3.4144200787166845,4.1535225663338675,4.1535225663338675
R1,1,S1,E42,month,2026-08,1785542400000,1788220800000,186,False,10711.558275179752,10948.824359500672,237.26608432091962,2.215047318285146,77.16995593902145,0.0,0.1393311863358399,10951.395428743544,41.55234552198641,2026-08-01T00:00:00+00:00,2026-09-01T00:00:00+00:00,4.798104950158743,5.347242711349454,7.23041726618705
R1,1,S1,E42,month,2026-09,1788220800000,1790683200000,171,True,10948.824359500672,11216.163630221628,267.33927072095685,2.4417166806496304,66.29942444708969,6113.757521668762,0.06048514075370989,5099.946143559387,55.1973640493504,2026-09-01T00:00:00+00:00,2026-09-29T12:00:00+00:00,5.879935442505479,6.941280995138821,6.941280995138821
R1,1,S1,E42,third,1,1776067200000,1780934400000,338,False,10000.0,10714.973876151742,714.9738761517419,7.14973876151741,79.80091009456359,10714.973876151742,0.0,0.0,33.06352563552148,2026-04-13T08:00:00+00:00,2026-06-08T16:00:00+00:00,4.241311069548271,5.193216047488725,5.193216047488725
R1,1,S1,E42,third,2,1780934400000,1785801600000,338,False,10714.973876151742,10711.558275179752,-3.4156009719899885,-0.03187689500198099,94.57784708383666,10711.558275179752,0.0,0.0,21.949025816912396,2026-06-08T16:00:00+00:00,2026-08-04T00:00:00+00:00,3.5455280874892248,4.414607713456153,4.414607713456153
R1,1,S1,E42,third,3,1785801600000,1790683200000,339,False,10711.558275179752,11216.163630221628,504.60535504187646,4.710849178789611,143.46938038611114,6113.757521668762,0.06048514075370989,5099.946143559387,50.641550205098504,2026-08-04T00:00:00+00:00,2026-09-29T12:00:00+00:00,5.879935442505479,6.941280995138821,7.23041726618705
R1,1,S2,Basis,month,2026-04,1776067200000,1777593600000,106,True,10000.0,10167.028946400587,167.0289464005873,1.6702894640058696,40.22663938079387,0.0,0.1331694265557783,10239.46418527933,33.8295397256674,2026-04-13T08:00:00+00:00,2026-05-01T00:00:00+00:00,2.9531266567463854,3.8090143974200075,3.8090143974200075
R1,1,S2,Basis,month,2026-05,1777593600000,1780272000000,186,False,10167.028946400587,10394.834678779078,227.80573237849057,2.240632278903276,38.30895627242476,10394.834678779078,0.0,0.0,40.81705620061453,2026-05-01T00:00:00+00:00,2026-06-01T00:00:00+00:00,4.857687393750809,5.31680111183811,5.31680111183811
R1,1,S2,Basis,month,2026-06,1780272000000,1782864000000,180,False,10394.834678779078,10220.199893755305,-174.63478502377257,-1.6800150307372141,37.71305549195207,10220.199893755305,0.0,0.0,12.29924935941525,2026-06-01T00:00:00+00:00,2026-07-01T00:00:00+00:00,4.15680746017909,4.473939664633608,4.473939664633608
R1,1,S2,Basis,month,2026-07,1782864000000,1785542400000,186,False,10220.199893755305,10134.937606671092,-85.26228708421331,-0.8342526366466707,42.281196834720454,10134.937606671092,0.0,0.0,27.05977647776334,2026-07-01T00:00:00+00:00,2026-08-01T00:00:00+00:00,3.549384431020697,4.129911657249052,4.129911657249052
R1,1,S2,Basis,month,2026-08,1785542400000,1788220800000,186,False,10134.937606671092,10135.911672910654,0.97406623956158,0.009610974209839362,60.41055370393089,0.0,0.12898632324451093,10178.962302319318,39.45455784681127,2026-08-01T00:00:00+00:00,2026-09-01T00:00:00+00:00,5.5813729322319094,6.10016491235289,7.23041726618704
R1,1,S2,Basis,month,2026-09,1788220800000,1790683200000,171,True,10135.911672910654,10200.283789573468,64.37211666281473,0.6350895581978655,55.83806005423306,5562.8719610859425,0.054972987490903666,4653.698227896398,54.746688683780064,2026-09-01T00:00:00+00:00,2026-09-29T12:00:00+00:00,7.005132102072176,7.848593100725887,7.848593100725887
R1,1,S2,Basis,third,1,1776067200000,1780934400000,338,False,10000.0,10394.834678779078,394.8346787790779,3.9483467877907685,78.53559565321864,10394.834678779078,0.0,0.0,33.07072090010369,2026-04-13T08:00:00+00:00,2026-06-08T16:00:00+00:00,4.857687393750809,5.31680111183811,5.31680111183811
R1,1,S2,Basis,third,2,1780934400000,1785801600000,338,False,10394.834678779078,10134.937606671092,-259.8970721079859,-2.500252097693889,79.99425232667252,10134.937606671092,0.0,0.0,21.440779022363092,2026-06-08T16:00:00+00:00,2026-08-04T00:00:00+00:00,4.7405177151862095,5.240815230610341,5.240815230610341
R1,1,S2,Basis,third,3,1785801600000,1790683200000,339,False,10134.937606671092,10200.283789573468,65.34618290237631,0.6447615707013687,116.24861375816396,5562.8719610859425,0.054972987490903666,4653.698227896398,49.263219836086385,2026-08-04T00:00:00+00:00,2026-09-29T12:00:00+00:00,7.005132102072176,7.848593100725887,7.848593100725887
R1,1,S2,E42,month,2026-04,1776067200000,1777593600000,106,True,10000.0,10167.028946400587,167.0289464005873,1.6702894640058696,40.22663938079387,0.0,0.1331694265557783,10239.46418527933,33.8295397256674,2026-04-13T08:00:00+00:00,2026-05-01T00:00:00+00:00,2.9531266567463854,3.8090143974200075,3.8090143974200075
R1,1,S2,E42,month,2026-05,1777593600000,1780272000000,186,False,10167.028946400587,10394.834678779078,227.80573237849057,2.240632278903276,38.30895627242476,10394.834678779078,0.0,0.0,40.81705620061453,2026-05-01T00:00:00+00:00,2026-06-01T00:00:00+00:00,4.857687393750809,5.31680111183811,5.31680111183811
R1,1,S2,E42,month,2026-06,1780272000000,1782864000000,180,False,10394.834678779078,10199.92174344467,-194.91293533440876,-1.875094134323474,42.85061739856317,10199.92174344467,0.0,0.0,12.570487457643566,2026-06-01T00:00:00+00:00,2026-07-01T00:00:00+00:00,4.338630078295136,4.652544446881979,4.652544446881979
R1,1,S2,E42,month,2026-07,1782864000000,1785542400000,186,False,10199.92174344467,10035.52275318889,-164.3989902557787,-1.6117671722475246,47.31799766303751,10035.52275318889,0.0,0.0,27.734286797888643,2026-07-01T00:00:00+00:00,2026-08-01T00:00:00+00:00,3.8838015079896593,4.236931224113494,4.236931224113494
R1,1,S2,E42,month,2026-08,1785542400000,1788220800000,186,False,10035.52275318889,9967.486719871866,-68.0360333170247,-0.6779520607972822,71.18471653580589,0.0,0.1268430019394167,10009.622154116933,41.55385371240131,2026-08-01T00:00:00+00:00,2026-09-01T00:00:00+00:00,5.778758130699558,6.322239348060066,7.23041726618705
R1,1,S2,E42,month,2026-09,1788220800000,1790683200000,171,True,9967.486719871866,9968.75241361753,1.2656937456649757,0.01269822354657002,59.61176685509481,5436.602984066551,0.05372518187130043,4548.066151748677,55.190185417832645,2026-09-01T00:00:00+00:00,2026-09-29T12:00:00+00:00,7.005132102072209,7.84859310072592,7.84859310072592
R1,1,S2,E42,third,1,1776067200000,1780934400000,338,False,10000.0,10394.834678779078,394.8346787790779,3.9483467877907685,78.53559565321864,10394.834678779078,0.0,0.0,33.07072090010369,2026-04-13T08:00:00+00:00,2026-06-08T16:00:00+00:00,4.857687393750809,5.31680111183811,5.31680111183811
R1,1,S2,E42,third,2,1780934400000,1785801600000,338,False,10394.834678779078,10035.52275318889,-359.31192559018746,-3.4566391548652375,90.16861506160069,10035.52275318889,0.0,0.0,21.95640558219861,2026-06-08T16:00:00+00:00,2026-08-04T00:00:00+00:00,5.666703325498801,6.034087271982525,6.034087271982525
R1,1,S2,E42,third,3,1785801600000,1790683200000,339,False,10035.52275318889,9968.75241361753,-66.77033957135973,-0.665339925118924,130.7964833909007,5436.602984066551,0.05372518187130043,4548.066151748677,50.638756628188865,2026-08-04T00:00:00+00:00,2026-09-29T12:00:00+00:00,7.005132102072209,7.84859310072592,7.84859310072592
R1,1,S3,Basis,month,2026-04,1776067200000,1777593600000,106,True,10000.0,10395.887842217257,395.88784221725655,3.9588784221725737,37.83780445672201,0.0,0.1361670582217021,10430.654546687643,29.36745541467799,2026-04-13T08:00:00+00:00,2026-05-01T00:00:00+00:00,2.48241088494755,3.6216212192738406,3.6216212192738406
R1,1,S3,Basis,month,2026-05,1777593600000,1780272000000,186,False,10395.887842217257,10724.777126718182,328.889284500925,3.163647872049169,39.367452957998324,10724.777126718182,0.0,0.0,41.95470516539074,2026-05-01T00:00:00+00:00,2026-06-01T00:00:00+00:00,4.605152167004489,5.384181653410492,5.384181653410492
R1,1,S3,Basis,month,2026-06,1780272000000,1782864000000,180,False,10724.777126718182,10537.739827388195,-187.03729932998613,-1.7439737639305175,35.677211223784724,10537.739827388195,0.0,0.0,10.91530754098049,2026-06-01T00:00:00+00:00,2026-07-01T00:00:00+00:00,4.149974559808401,4.7644560319214495,4.7644560319214495
R1,1,S3,Basis,month,2026-07,1782864000000,1785542400000,186,False,10537.739827388195,10681.928777730554,144.18895034235902,1.368310023821273,35.35722170124794,1908.4359725423055,0.13951007420171024,8987.260141093906,27.859048211799607,2026-07-01T00:00:00+00:00,2026-08-01T00:00:00+00:00,3.393317376521743,4.127963248901234,4.127963248901234
R1,1,S3,Basis,month,2026-08,1785542400000,1788220800000,186,False,10681.928777730554,10753.61207252339,71.68329479283602,0.6710707053418918,67.05183170572168,0.0,0.1368469781104814,10785.902432654528,38.00819997757343,2026-08-01T00:00:00+00:00,2026-09-01T00:00:00+00:00,3.6287116934549224,4.340242715883624,5.348947021965545
R1,1,S3,Basis,month,2026-09,1788220800000,1790683200000,171,True,10753.61207252339,10925.148857003562,171.53678448017126,1.5951550355667532,59.79267717597809,5956.589574460735,0.058898488508000925,4977.310654416564,52.60524497229017,2026-09-01T00:00:00+00:00,2026-09-29T12:00:00+00:00,5.5738794473749635,6.588041420287105,6.588041420287105
R1,1,S3,Basis,third,1,1776067200000,1780934400000,338,False,10000.0,10724.777126718182,724.7771267181815,7.247771267181813,77.20525741472034,10724.777126718182,0.0,0.0,32.29741252875309,2026-04-13T08:00:00+00:00,2026-06-08T16:00:00+00:00,4.605152167004489,5.384181653410492,5.384181653410492
R1,1,S3,Basis,third,2,1780934400000,1785801600000,338,False,10724.777126718182,10664.390565612983,-60.38656110519878,-0.563056559513575,79.79915223741573,10664.390565612983,0.0,0.0,21.14360451115744,2026-06-08T16:00:00+00:00,2026-08-04T00:00:00+00:00,4.265153428002821,5.010355683992795,5.010355683992795
R1,1,S3,Basis,third,3,1785801600000,1790683200000,339,False,10664.390565612983,10925.148857003562,260.75829139057896,2.4451307347218343,118.07978956931672,5956.589574460735,0.058898488508000925,4977.310654416564,47.38944568168225,2026-08-04T00:00:00+00:00,2026-09-29T12:00:00+00:00,5.5738794473749635,6.588041420287105,6.588041420287105
R1,1,S3,E42,month,2026-04,1776067200000,1777593600000,106,True,10000.0,10404.323623277567,404.3236232775671,4.043236232775671,38.35206260594357,0.0,0.13627755147713336,10439.118539316947,29.51832014541697,2026-04-13T08:00:00+00:00,2026-05-01T00:00:00+00:00,2.482410884947539,3.6216212192738295,3.6216212192738295
R1,1,S3,E42,month,2026-05,1777593600000,1780272000000,186,False,10404.323623277567,10757.219551300492,352.89592802292464,3.391819985620126,44.72372759775294,10757.219551300492,0.0,0.0,43.32394700387626,2026-05-01T00:00:00+00:00,2026-06-01T00:00:00+00:00,4.605152167004478,5.3841816534105025,5.3841816534105025
R1,1,S3,E42,month,2026-06,1780272000000,1782864000000,180,False,10757.219551300492,10569.616464597406,-187.60308670308586,-1.7439737639305286,35.785134700492804,10569.616464597406,0.0,0.0,10.91530754098049,2026-06-01T00:00:00+00:00,2026-07-01T00:00:00+00:00,4.149974559808378,4.764456031921482,4.764456031921482
R1,1,S3,E42,month,2026-07,1782864000000,1785542400000,186,False,10569.616464597406,10714.241586161957,144.6251215645516,1.3683100238212953,35.464177210432844,1914.2089866924216,0.13993209183501712,9014.446581043569,27.859048211799603,2026-07-01T00:00:00+00:00,2026-08-01T00:00:00+00:00,3.3933173765217317,4.127963248901223,4.127963248901223
R1,1,S3,E42,month,2026-08,1785542400000,1788220800000,186,False,10714.241586161957,10963.431204498787,249.18961833682988,2.325779350156454,85.3589267203137,0.0,0.13951706830593882,10996.14723543763,40.91180747935019,2026-08-01T00:00:00+00:00,2026-09-01T00:00:00+00:00,3.7908999247507125,4.527345286294338,7.061309007518435
R1,1,S3,E42,month,2026-09,1788220800000,1790683200000,171,True,10963.431204498787,11093.081249850116,129.65004535132903,1.182568147991181,66.28474054460042,6048.149364952998,0.05980382757840208,5053.817775653728,53.05380354686843,2026-09-01T00:00:00+00:00,2026-09-29T12:00:00+00:00,5.924279417839817,6.593268317325718,6.593268317325718
R1,1,S3,E42,third,1,1776067200000,1780934400000,338,False,10000.0,10757.219551300492,757.2195513004917,7.57219551300492,83.07579020369651,10757.219551300492,0.0,0.0,33.098213248920665,2026-04-13T08:00:00+00:00,2026-06-08T16:00:00+00:00,4.605152167004478,5.3841816534105025,5.3841816534105025
R1,1,S3,E42,third,2,1780934400000,1785801600000,338,False,10757.219551300492,10696.650320995619,-60.56923030487269,-0.5630565595135639,80.04054447779572,10696.650320995619,0.0,0.0,21.14360451115744,2026-06-08T16:00:00+00:00,2026-08-04T00:00:00+00:00,4.265153428002833,5.010355683992818,5.010355683992818
R1,1,S3,E42,third,3,1785801600000,1790683200000,339,False,10696.650320995619,11093.081249850116,396.4309288544973,3.7061221686977452,142.85243469804405,6048.149364952998,0.05980382757840208,5053.817775653728,49.208839521161174,2026-08-04T00:00:00+00:00,2026-09-29T12:00:00+00:00,5.924279417839817,6.593268317325718,7.061309007518435
R1,1,S4,Basis,month,2026-04,1776067200000,1777593600000,106,True,10000.0,10244.918726560796,244.91872656079613,2.449187265607966,37.5670755449551,0.0,0.13418963977767168,10320.248645980751,29.366536121612455,2026-04-13T08:00:00+00:00,2026-05-01T00:00:00+00:00,2.574085942590365,3.6209093754328348,3.6209093754328348
R1,1,S4,Basis,month,2026-05,1777593600000,1780272000000,186,False,10244.918726560796,10417.443820037077,172.52509347628074,1.6840064629209284,38.47898479066921,10417.443820037077,0.0,0.0,41.978175120677605,2026-05-01T00:00:00+00:00,2026-06-01T00:00:00+00:00,5.218130516292662,5.61423320741884,5.61423320741884
R1,1,S4,Basis,month,2026-06,1780272000000,1782864000000,180,False,10417.443820037077,10101.026377095022,-316.41744294205455,-3.037380843210813,34.408470994142384,10101.026377095022,0.0,0.0,10.906566030129833,2026-06-01T00:00:00+00:00,2026-07-01T00:00:00+00:00,4.769551106734515,5.111964811561687,5.111964811561687
R1,1,S4,Basis,month,2026-07,1782864000000,1785542400000,186,False,10101.026377095022,10105.445637778968,4.4192606839460495,0.04375061027428462,33.65817922127573,1806.2754289037775,0.1319677211073929,8535.352161618763,27.839305920390782,2026-07-01T00:00:00+00:00,2026-08-01T00:00:00+00:00,3.392987211038123,4.127563345818275,4.127563345818275
R1,1,S4,Basis,month,2026-08,1785542400000,1788220800000,186,False,10105.445637778968,9919.24483979936,-186.20079797960898,-1.8425787902267454,62.61178624055575,0.0,0.12622909142620795,9988.768325311516,38.01183724088372,2026-08-01T00:00:00+00:00,2026-09-01T00:00:00+00:00,4.86552477963621,5.065830019008255,5.352499332280591
R1,1,S4,Basis,month,2026-09,1788220800000,1790683200000,171,True,9919.24483979936,9857.794373301449,-61.450466497910384,-0.6195075077827572,54.50994065721093,5377.428744271346,0.053111324331028005,4506.192214404717,52.58713876288288,2026-09-01T00:00:00+00:00,2026-09-29T12:00:00+00:00,7.119692268507249,7.671726987103544,7.671726987103544
R1,1,S4,Basis,third,1,1776067200000,1780934400000,338,False,10000.0,10417.443820037077,417.4438200370769,4.174438200370778,76.04606033562432,10417.443820037077,0.0,0.0,32.31003964892591,2026-04-13T08:00:00+00:00,2026-06-08T16:00:00+00:00,5.218130516292662,5.61423320741884,5.61423320741884
R1,1,S4,Basis,third,2,1780934400000,1785801600000,338,False,10417.443820037077,10055.692112376764,-361.7517076603126,-3.4725573174151814,76.32432457324893,10055.692112376764,0.0,0.0,21.128085167503126,2026-06-08T16:00:00+00:00,2026-08-04T00:00:00+00:00,5.348569558730509,5.817496834560599,5.817496834560599
R1,1,S4,Basis,third,3,1785801600000,1790683200000,339,False,10055.692112376764,9857.794373301449,-197.89773907531526,-1.9680170878714431,108.86405253993587,5377.428744271346,0.053111324331028005,4506.192214404717,47.38230812760278,2026-08-04T00:00:00+00:00,2026-09-29T12:00:00+00:00,7.119692268507249,7.671726987103544,7.671726987103544
R1,1,S4,E42,month,2026-04,1776067200000,1777593600000,106,True,10000.0,10251.144259551593,251.14425955159277,2.5114425955159225,38.06380385959272,0.0,0.13427118283835923,10326.519954727419,29.514459786955655,2026-04-13T08:00:00+00:00,2026-05-01T00:00:00+00:00,2.595888310107086,3.6209093754328348,3.6209093754328348
R1,1,S4,E42,month,2026-05,1777593600000,1780272000000,186,False,10251.144259551593,10426.880718781342,175.73645922974902,1.714310664060803,43.706247190000916,10426.880718781342,0.0,0.0,43.35575454401703,2026-05-01T00:00:00+00:00,2026-06-01T00:00:00+00:00,5.218130516292662,5.61423320741884,5.61423320741884
R1,1,S4,E42,month,2026-06,1780272000000,1782864000000,180,False,10426.880718781342,10110.176641284637,-316.7040774967045,-3.0373808432107907,34.439640757313285,10110.176641284637,0.0,0.0,10.906566030129833,2026-06-01T00:00:00+00:00,2026-07-01T00:00:00+00:00,4.7695511067345375,5.111964811561687,5.111964811561687
R1,1,S4,E42,month,2026-07,1782864000000,1785542400000,186,False,10110.176641284637,10114.599905265008,4.423263980370393,0.04375061027428462,33.68866931411565,1807.911688107214,0.132087267326515,8543.084121155798,27.839305920390782,2026-07-01T00:00:00+00:00,2026-08-01T00:00:00+00:00,3.392987211038123,4.127563345818253,4.127563345818253
R1,1,S4,E42,month,2026-08,1785542400000,1788220800000,186,False,10114.599905265008,10026.594938780103,-88.0049664849048,-0.87007857264918,79.23886331575864,0.0,0.12759519395494912,10096.62273485263,40.914705097235974,2026-08-01T00:00:00+00:00,2026-09-01T00:00:00+00:00,5.17063340154178,5.319300404297856,7.072477290107104
R1,1,S4,E42,month,2026-09,1788220800000,1790683200000,171,True,10026.594938780103,9904.729970098884,-121.86496868121867,-1.215417291964982,59.87395379983756,5403.032121435676,0.05336420155789838,4527.647401321565,53.04193245801413,2026-09-01T00:00:00+00:00,2026-09-29T12:00:00+00:00,7.5852473889619905,8.22068195042699,8.22068195042699
R1,1,S4,E42,third,1,1776067200000,1780934400000,338,False,10000.0,10426.880718781342,426.8807187813418,4.268807187813417,81.77005104959363,10426.880718781342,0.0,0.0,33.114506161551674,2026-04-13T08:00:00+00:00,2026-06-08T16:00:00+00:00,5.218130516292662,5.61423320741884,5.61423320741884
R1,1,S4,E42,third,2,1780934400000,1785801600000,338,False,10426.880718781342,10064.801309403148,-362.0794093781933,-3.4725573174151703,76.39346484750094,10064.801309403148,0.0,0.0,21.12808516750312,2026-06-08T16:00:00+00:00,2026-08-04T00:00:00+00:00,5.3485695587305315,5.817496834560599,5.817496834560599
R1,1,S4,E42,third,3,1785801600000,1790683200000,339,False,10064.801309403148,9904.729970098884,-160.07133930426426,-1.59040734519732,130.8476623395242,5403.032121435676,0.05336420155789838,4527.647401321565,49.204441293233955,2026-08-04T00:00:00+00:00,2026-09-29T12:00:00+00:00,7.5852473889619905,8.22068195042699,8.22068195042699
R1,2,S0,Basis,month,2026-07,1783368000000,1785542400000,151,True,10000.0,10122.148223314925,122.14822331492542,1.2214822331492625,41.83519593130927,10122.148223314925,0.0,0.0,33.360023563261805,2026-07-06T20:00:00+00:00,2026-08-01T00:00:00+00:00,3.395346840070468,4.130421368606541,4.130421368606541
R1,2,S0,Basis,month,2026-08,1785542400000,1788220800000,186,False,10122.148223314925,10433.771417904905,311.6231945899799,3.0786270632967128,61.27531437383391,0.0,0.13277678971552778,10425.970937181108,39.44754381175711,2026-08-01T00:00:00+00:00,2026-09-01T00:00:00+00:00,4.381321050038601,4.906091802717261,7.23041726618704
R1,2,S0,Basis,month,2026-09,1788220800000,1790683200000,171,True,10433.771417904905,10794.008918158483,360.2375002535773,3.452610622036345,58.33159161817969,5882.891674022652,0.05821755686431947,4903.845657408341,54.76333657512985,2026-09-01T00:00:00+00:00,2026-09-29T12:00:00+00:00,5.596682350592919,6.768422766241711,6.768422766241711
R1,2,S0,Basis,third,1,1783368000000,1785801600000,169,False,10000.0,10122.148223314925,122.14822331492542,1.2214822331492625,41.83519593130927,10122.148223314925,0.0,0.0,29.806884958890723,2026-07-06T20:00:00+00:00,2026-08-04T00:00:00+00:00,3.395346840070468,4.130421368606541,4.130421368606541
R1,2,S0,Basis,third,2,1785801600000,1788235200000,169,False,10122.148223314925,10446.746365795907,324.59814248098155,3.2068108006294116,61.27531437383391,0.0,0.13277678971552778,10425.970937181108,44.00735591116463,2026-08-04T00:00:00+00:00,2026-09-01T04:00:00+00:00,4.381321050038601,4.906091802717261,7.23041726618704
R1,2,S0,Basis,third,3,1788235200000,1790683200000,170,False,10446.746365795907,10794.008918158483,347.26255236257566,3.3241215992336315,58.33159161817969,5882.891674022652,0.05821755686431947,4903.845657408341,54.497238554983554,2026-09-01T04:00:00+00:00,2026-09-29T12:00:00+00:00,5.596682350592919,6.768422766241711,6.768422766241711
R1,2,S0,E42,month,2026-07,1783368000000,1785542400000,151,True,10000.0,10068.607010516816,68.60701051681644,0.6860701051681684,46.93893570047887,10068.607010516816,0.0,0.0,34.13545879848363,2026-07-06T20:00:00+00:00,2026-08-01T00:00:00+00:00,3.4128300672639056,4.151596813264858,4.151596813264858
R1,2,S0,E42,month,2026-08,1785542400000,1788220800000,186,False,10068.607010516816,10365.921824700117,297.31481418330077,2.9528892514401495,72.82159777360125,0.0,0.13191335780692984,10358.009590052436,41.55197401800297,2026-08-01T00:00:00+00:00,2026-09-01T00:00:00+00:00,4.550730186194441,5.101294839402248,7.23041726618704
R1,2,S0,E42,month,2026-09,1788220800000,1790683200000,171,True,10365.921824700117,10682.931843724637,317.01001902451935,3.0581941904012977,62.96537159539318,5822.353054746327,0.05761846194544312,4853.382031407097,55.19917292803059,2026-09-01T00:00:00+00:00,2026-09-29T12:00:00+00:00,5.596682350592919,6.768422766241722,6.768422766241722
R1,2,S0,E42,third,1,1783368000000,1785801600000,169,False,10000.0,10068.607010516816,68.60701051681644,0.6860701051681684,46.93893570047887,10068.607010516816,0.0,0.0,30.499729459000168,2026-07-06T20:00:00+00:00,2026-08-04T00:00:00+00:00,3.4128300672639056,4.151596813264858,4.151596813264858
R1,2,S0,E42,third,2,1785801600000,1788235200000,169,False,10068.607010516816,10378.81239802501,310.20538750819287,3.080916627137986,72.82159777360125,0.0,0.13191335780692984,10358.009590052436,46.32347436300919,2026-08-04T00:00:00+00:00,2026-09-01T04:00:00+00:00,4.550730186194441,5.101294839402248,7.23041726618704
R1,2,S0,E42,third,3,1788235200000,1790683200000,170,False,10378.81239802501,10682.931843724637,304.11944569962725,2.9301950361632745,62.96537159539318,5822.353054746327,0.05761846194544312,4853.382031407097,54.93563865113665,2026-09-01T04:00:00+00:00,2026-09-29T12:00:00+00:00,5.596682350592919,6.768422766241722,6.768422766241722
R1,2,S1,Basis,month,2026-07,1783368000000,1785542400000,151,True,10000.0,10080.666005814215,80.66600581421517,0.8066600581421612,41.741559360015984,10080.666005814215,0.0,0.0,33.35438749867119,2026-07-06T20:00:00+00:00,2026-08-01T00:00:00+00:00,3.3952626663563135,4.130319416269968,4.130319416269968
R1,2,S1,Basis,month,2026-08,1785542400000,1788220800000,186,False,10080.666005814215,10328.331653086712,247.66564727249715,2.456838140750328,60.835098803226096,0.0,0.13143499747951087,10330.927913467016,39.448934466712984,2026-08-01T00:00:00+00:00,2026-09-01T00:00:00+00:00,4.6228354865181736,5.146403281365486,7.23041726618704
R1,2,S1,Basis,month,2026-09,1788220800000,1790683200000,171,True,10328.331653086712,10626.06309061598,297.7314375292681,2.882667283832707,57.57205734357003,5792.102833711651,0.05730291950822843,4831.629714654482,54.75999807556475,2026-09-01T00:00:00+00:00,2026-09-29T12:00:00+00:00,5.879935442505479,6.9412809951388095,6.9412809951388095
R1,2,S1,Basis,third,1,1783368000000,1785801600000,169,False,10000.0,10080.666005814215,80.66600581421517,0.8066600581421612,41.741559360015984,10080.666005814215,0.0,0.0,29.801849185203253,2026-07-06T20:00:00+00:00,2026-08-04T00:00:00+00:00,3.3952626663563135,4.130319416269968,4.130319416269968
R1,2,S1,Basis,third,2,1785801600000,1788235200000,169,False,10080.666005814215,10341.17548104041,260.5094752261957,2.584248650594523,60.835098803226096,0.0,0.13143499747951087,10330.927913467016,44.008886454488845,2026-08-04T00:00:00+00:00,2026-09-01T04:00:00+00:00,4.6228354865181736,5.146403281365486,7.23041726618704
R1,2,S1,Basis,third,3,1788235200000,1790683200000,170,False,10341.17548104041,10626.06309061598,284.8876095755695,2.754886135506407,57.57205734357003,5792.102833711651,0.05730291950822843,4831.629714654482,54.49388041718572,2026-09-01T04:00:00+00:00,2026-09-29T12:00:00+00:00,5.879935442505479,6.9412809951388095,6.9412809951388095
R1,2,S1,E42,month,2026-07,1783368000000,1785542400000,151,True,10000.0,10022.217363317806,22.217363317806303,0.22217363317806882,46.82848468383808,10022.217363317806,0.0,0.0,34.140887828739494,2026-07-06T20:00:00+00:00,2026-08-01T00:00:00+00:00,3.414420078716718,4.153522566333878,4.153522566333878
R1,2,S1,E42,month,2026-08,1785542400000,1788220800000,186,False,10022.217363317806,10244.214220256685,221.9968569388784,2.215047318285146,72.20369366151368,0.0,0.1303645463221167,10246.619828679493,41.55234552198642,2026-08-01T00:00:00+00:00,2026-09-01T00:00:00+00:00,4.7981049501587325,5.347242711349443,7.23041726618705
R1,2,S1,E42,month,2026-09,1788220800000,1790683200000,171,True,10244.214220256685,10494.348907674172,250.13468741748693,2.4417166806496082,62.03273378171943,5720.307467379695,0.05659262754413574,4771.739786021828,55.1973640493504,2026-09-01T00:00:00+00:00,2026-09-29T12:00:00+00:00,5.879935442505479,6.941280995138799,6.941280995138799
R1,2,S1,E42,third,1,1783368000000,1785801600000,169,False,10000.0,10022.217363317806,22.217363317806303,0.22217363317806882,46.82848468383808,10022.217363317806,0.0,0.0,30.50458024934712,2026-07-06T20:00:00+00:00,2026-08-04T00:00:00+00:00,3.414420078716718,4.153522566333878,4.153522566333878
R1,2,S1,E42,third,2,1785801600000,1788235200000,169,False,10022.217363317806,10256.953443723281,234.73608040547515,2.3421571484233628,72.20369366151368,0.0,0.1303645463221167,10246.619828679493,46.32388323721582,2026-08-04T00:00:00+00:00,2026-09-01T04:00:00+00:00,4.7981049501587325,5.347242711349443,7.23041726618705
R1,2,S1,E42,third,3,1788235200000,1790683200000,170,False,10256.953443723281,10494.348907674172,237.3954639508902,2.3144831967250923,62.03273378171943,5720.307467379695,0.05659262754413574,4771.739786021828,54.93381913199364,2026-09-01T04:00:00+00:00,2026-09-29T12:00:00+00:00,5.879935442505479,6.941280995138799,6.941280995138799
R1,2,S2,Basis,month,2026-07,1783368000000,1785542400000,151,True,10000.0,9916.57473633533,-83.42526366467064,-0.834252636646704,41.37022492148602,9916.57473633533,0.0,0.0,33.331910098436964,2026-07-06T20:00:00+00:00,2026-08-01T00:00:00+00:00,3.5493844310206857,4.129911657249041,4.129911657249041
R1,2,S2,Basis,month,2026-08,1785542400000,1788220800000,186,False,9916.57473633533,9917.527815775737,0.9530794404072367,0.009610974209817158,59.10897470884363,0.0,0.12620724113559012,9959.650895418214,39.45455784681127,2026-08-01T00:00:00+00:00,2026-09-01T00:00:00+00:00,5.581372932231899,6.100164912352868,7.23041726618705
R1,2,S2,Basis,month,2026-09,1788220800000,1790683200000,171,True,9917.527815775737,9980.512999365088,62.985183589351436,0.6350895581977767,54.63499797919891,5443.016789216551,0.05378856388561724,4553.431710019555,54.746688683780064,2026-09-01T00:00:00+00:00,2026-09-29T12:00:00+00:00,7.005132102072209,7.84859310072592,7.84859310072592
R1,2,S2,Basis,third,1,1783368000000,1785801600000,169,False,10000.0,9916.57473633533,-83.42526366467064,-0.834252636646704,41.37022492148602,9916.57473633533,0.0,0.0,29.78176582759752,2026-07-06T20:00:00+00:00,2026-08-04T00:00:00+00:00,3.5493844310206857,4.129911657249041,4.129911657249041
R1,2,S2,Basis,third,2,1785801600000,1788235200000,169,False,9916.57473633533,9929.860787379506,13.28605104417693,0.1339782273358514,59.10897470884363,0.0,0.12620724113559012,9959.650895418214,44.01507550004081,2026-08-04T00:00:00+00:00,2026-09-01T04:00:00+00:00,5.581372932231899,6.100164912352868,7.23041726618705
R1,2,S2,Basis,third,3,1788235200000,1790683200000,170,False,9929.860787379506,9980.512999365088,50.652211985581744,0.5100999205342127,54.63499797919891,5443.016789216551,0.05378856388561724,4553.431710019555,54.48049273486112,2026-09-01T04:00:00+00:00,2026-09-29T12:00:00+00:00,7.005132102072209,7.84859310072592,7.84859310072592
R1,2,S2,E42,month,2026-07,1783368000000,1785542400000,151,True,10000.0,9838.82328277524,-161.17671722476007,-1.6117671722476024,46.39054970539164,9838.82328277524,0.0,0.0,34.162763870246934,2026-07-06T20:00:00+00:00,2026-08-01T00:00:00+00:00,3.883801507989715,4.236931224113539,4.236931224113539
R1,2,S2,E42,month,2026-08,1785542400000,1788220800000,186,False,9838.82328277524,9772.120777571454,-66.70250520378613,-0.677952060797371,69.78947321978733,0.0,0.12435683834627116,9813.430343767044,41.55385371240131,2026-08-01T00:00:00+00:00,2026-09-01T00:00:00+00:00,5.778758130699558,6.3222393480600765,7.23041726618704
R1,2,S2,E42,month,2026-09,1788220800000,1790683200000,171,True,9772.120777571454,9773.361663313033,1.2408857415794046,0.012698223546592224,58.443357071250354,5330.0438187778855,0.05267215104452022,4458.922593863666,55.190185417832645,2026-09-01T00:00:00+00:00,2026-09-29T12:00:00+00:00,7.0051321020721975,7.848593100725898,7.848593100725898
R1,2,S2,E42,third,1,1783368000000,1785801600000,169,False,10000.0,9838.82328277524,-161.17671722476007,-1.6117671722476024,46.39054970539164,9838.82328277524,0.0,0.0,30.524126298267973,2026-07-06T20:00:00+00:00,2026-08-04T00:00:00+00:00,3.883801507989715,4.236931224113539,4.236931224113539
R1,2,S2,E42,third,2,1785801600000,1788235200000,169,False,9838.82328277524,9784.27292781465,-54.550354960589175,-0.5544398287556374,69.78947321978733,0.0,0.12435683834627116,9813.430343767044,46.32554313909257,2026-08-04T00:00:00+00:00,2026-09-01T04:00:00+00:00,5.778758130699558,6.3222393480600765,7.23041726618704
R1,2,S2,E42,third,3,1788235200000,1790683200000,170,False,9784.27292781465,9773.361663313033,-10.911264501617552,-0.11151839878259517,58.443357071250354,5330.0438187778855,0.05267215104452022,4458.922593863666,54.92659827323166,2026-09-01T04:00:00+00:00,2026-09-29T12:00:00+00:00,7.0051321020721975,7.848593100725898,7.848593100725898
R1,2,S3,Basis,month,2026-07,1783368000000,1785542400000,151,True,10000.0,10136.831002382127,136.83100238212683,1.368310023821273,33.552946153929966,1811.0486724887342,0.13239088883093839,8528.641139664025,34.31644349268031,2026-07-06T20:00:00+00:00,2026-08-01T00:00:00+00:00,3.393317376521743,4.127963248901223,4.127963248901223
R1,2,S3,Basis,month,2026-08,1785542400000,1788220800000,186,False,10136.831002382127,10204.856305689133,68.02530330700574,0.6710707053419362,63.630183325887494,0.0,0.12986369027142636,10235.49889191736,38.00819997757343,2026-08-01T00:00:00+00:00,2026-09-01T00:00:00+00:00,3.628711693454878,4.3402427158836465,5.3489470219655555
R1,2,S3,Basis,month,2026-09,1788220800000,1790683200000,171,True,10204.856305689133,10367.639584921686,162.78327923255347,1.5951550355667754,56.74146273812291,5652.625394089933,0.0558929044299617,4723.318981059153,52.60524497229017,2026-09-01T00:00:00+00:00,2026-09-29T12:00:00+00:00,5.5738794473749635,6.588041420287105,6.588041420287105
R1,2,S3,Basis,third,1,1783368000000,1785801600000,169,False,10000.0,10120.18776350467,120.18776350466942,1.2018776350466887,41.87040270149347,10120.18776350467,0.0,0.0,30.66143767689187,2026-07-06T20:00:00+00:00,2026-08-04T00:00:00+00:00,3.393317376521743,4.127963248901223,4.127963248901223
R1,2,S3,Basis,third,2,1785801600000,1788235200000,169,False,10120.18776350467,10217.546585502456,97.35882199778644,0.9620258464855924,55.31272677832399,0.0,0.12986369027142636,10235.49889191736,42.423226010820464,2026-08-04T00:00:00+00:00,2026-09-01T04:00:00+00:00,3.628711693454878,4.3402427158836465,5.3489470219655555
R1,2,S3,Basis,third,3,1788235200000,1790683200000,170,False,10217.546585502456,10367.639584921686,150.09299941923018,1.4689729884099112,56.74146273812291,5652.625394089933,0.0558929044299617,4723.318981059153,52.32645229565659,2026-09-01T04:00:00+00:00,2026-09-29T12:00:00+00:00,5.5738794473749635,6.588041420287105,6.588041420287105
R1,2,S3,E42,month,2026-07,1783368000000,1785542400000,151,True,10000.0,10136.831002382127,136.83100238212683,1.368310023821273,33.552946153929966,1811.0486724887342,0.13239088883093839,8528.641139664025,34.31644349268031,2026-07-06T20:00:00+00:00,2026-08-01T00:00:00+00:00,3.393317376521743,4.127963248901223,4.127963248901223
R1,2,S3,E42,month,2026-08,1785542400000,1788220800000,186,False,10136.831002382127,10372.591324595784,235.76032221365676,2.3257793501564095,80.7587739878932,0.0,0.13199823169861152,10403.54422723745,40.91180747935019,2026-08-01T00:00:00+00:00,2026-09-01T00:00:00+00:00,3.7908999247506903,4.527345286294315,7.061309007518446
R1,2,S3,E42,month,2026-09,1788220800000,1790683200000,171,True,10372.591324595784,10495.254285721749,122.66296112596501,1.1825681479911587,62.712531496879784,5722.2032466467235,0.05658088709151657,4781.458052504862,53.053803546868416,2026-09-01T00:00:00+00:00,2026-09-29T12:00:00+00:00,5.9242794178398395,6.5932683173257285,6.5932683173257285
R1,2,S3,E42,third,1,1783368000000,1785801600000,169,False,10000.0,10120.18776350467,120.18776350466942,1.2018776350466887,41.87040270149347,10120.18776350467,0.0,0.0,30.66143767689187,2026-07-06T20:00:00+00:00,2026-08-04T00:00:00+00:00,3.393317376521743,4.127963248901223,4.127963248901223
R1,2,S3,E42,third,2,1785801600000,1788235200000,169,False,10120.18776350467,10385.490191797373,265.30242829270355,2.6215168581104287,72.44131744032971,0.0,0.13199823169861152,10403.54422723745,45.618912373722694,2026-08-04T00:00:00+00:00,2026-09-01T04:00:00+00:00,3.7908999247506903,4.527345286294315,7.061309007518446
R1,2,S3,E42,third,3,1788235200000,1790683200000,170,False,10385.490191797373,10495.254285721749,109.76409392437563,1.0568985372598982,62.712531496879784,5722.2032466467235,0.05658088709151657,4781.458052504862,52.77764945008529,2026-09-01T04:00:00+00:00,2026-09-29T12:00:00+00:00,5.9242794178398395,6.5932683173257285,6.5932683173257285
R1,2,S4,Basis,month,2026-07,1783368000000,1785542400000,151,True,10000.0,10004.375061027426,4.375061027425545,0.043750610274262414,33.321543736979685,1788.2097932143497,0.13064783337923105,8449.985024267862,34.292125173461486,2026-07-06T20:00:00+00:00,2026-08-01T00:00:00+00:00,3.3929872110381343,4.127563345818263,4.127563345818263
R1,2,S4,Basis,month,2026-08,1785542400000,1788220800000,186,False,10004.375061027426,9820.036568058198,-184.33849296922745,-1.8425787902267676,61.985568498794855,0.0,0.12496659914921476,9888.86470781022,38.01183724088371,2026-08-01T00:00:00+00:00,2026-09-01T00:00:00+00:00,4.865524779636243,5.065830019008278,5.352499332280591
R1,2,S4,Basis,month,2026-09,1788220800000,1790683200000,171,True,9820.036568058198,9759.200704252067,-60.835863806130874,-0.619507507782735,53.96475429548135,5323.645878665501,0.05258012636365611,4461.123103908437,52.58713876288288,2026-09-01T00:00:00+00:00,2026-09-29T12:00:00+00:00,7.119692268507249,7.671726987103556,7.671726987103556
R1,2,S4,Basis,third,1,1783368000000,1785801600000,169,False,10000.0,9955.119150246886,-44.88084975311358,-0.44880849753113905,41.4966281784537,9955.119150246886,0.0,0.0,30.639709474512927,2026-07-06T20:00:00+00:00,2026-08-04T00:00:00+00:00,3.6530833225041137,4.127563345818263,4.127563345818263
R1,2,S4,Basis,third,2,1785801600000,1788235200000,169,False,9955.119150246886,9832.248304127059,-122.87084611982755,-1.2342478705217763,53.81048405732084,0.0,0.12496659914921476,9888.86470781022,42.42722915268858,2026-08-04T00:00:00+00:00,2026-09-01T04:00:00+00:00,4.394818688339342,4.865247774607296,5.352499332280591
R1,2,S4,Basis,third,3,1788235200000,1790683200000,170,False,9832.248304127059,9759.200704252067,-73.04759987499165,-0.7429389252133767,53.96475429548135,5323.645878665501,0.05258012636365611,4461.123103908437,52.30823957913513,2026-09-01T04:00:00+00:00,2026-09-29T12:00:00+00:00,7.119692268507249,7.671726987103556,7.671726987103556
R1,2,S4,E42,month,2026-07,1783368000000,1785542400000,151,True,10000.0,10004.375061027426,4.375061027425545,0.043750610274262414,33.321543736979685,1788.2097932143497,0.13064783337923105,8449.985024267862,34.292125173461486,2026-07-06T20:00:00+00:00,2026-08-01T00:00:00+00:00,3.3929872110381343,4.127563345818263,4.127563345818263
R1,2,S4,E42,month,2026-08,1785542400000,1788220800000,186,False,10004.375061027426,9917.329137293968,-87.04592373345804,-0.87007857264918,78.37535003314265,0.0,0.1262047128176945,9986.593798592336,40.914705097235974,2026-08-01T00:00:00+00:00,2026-09-01T00:00:00+00:00,5.170633401541802,5.319300404297866,7.072477290107093
R1,2,S4,E42,month,2026-09,1788220800000,1790683200000,171,True,9917.329137293968,9796.792204058218,-120.53693323574953,-1.2154172919649486,59.22147151746474,5344.152049107172,0.052782659938884834,4478.306919814869,53.04193245801413,2026-09-01T00:00:00+00:00,2026-09-29T12:00:00+00:00,7.585247388961958,8.220681950427,8.220681950427
R1,2,S4,E42,third,1,1783368000000,1785801600000,169,False,10000.0,9955.119150246886,-44.88084975311358,-0.44880849753113905,41.4966281784537,9955.119150246886,0.0,0.0,30.639709474512927,2026-07-06T20:00:00+00:00,2026-08-04T00:00:00+00:00,3.6530833225041137,4.127563345818263,4.127563345818263
R1,2,S4,E42,third,2,1785801600000,1788235200000,169,False,9955.119150246886,9929.661861830513,-25.457288416373558,-0.2557205798560669,70.20026559166864,0.0,0.1262047128176945,9986.593798592336,45.62210146796385,2026-08-04T00:00:00+00:00,2026-09-01T04:00:00+00:00,4.701436925833846,5.132056305204502,7.072477290107093
R1,2,S4,E42,third,3,1788235200000,1790683200000,170,False,9929.661861830513,9796.792204058218,-132.8696577722949,-1.3381085843722884,59.22147151746474,5344.152049107172,0.052782659938884834,4478.306919814869,52.76570853129657,2026-09-01T04:00:00+00:00,2026-09-29T12:00:00+00:00,7.585247388961958,8.220681950427,8.220681950427
